studyId	patientId	sampleId	AGE_AT_PROCUREMENT	BM_BLAST_PERCENTAGE	CANCER_TYPE	CANCER_TYPE_DETAILED	CEBPA_BIALLELIC_MUTATION	CEBPA_MUTATION	CREATININE_LEVEL_PRERESECTION	CUMULATIVE_TREATMENT_REGIMEN_COUNT	CUMULATIVE_TREATMENT_REGIMENS	CUMULATIVE_TREATMENT_STAGE_COUNT	CUMULATIVE_TREATMENT_STAGES	CUMULATIVE_TREATMENT_TYPE_COUNT	CUMULATIVE_TREATMENT_TYPES	CURRENT_REGIMEN	CURRENT_STAGE	CYTOGENETICS_OTHER	DNMT3A_MUTATION	DRUG_TESTING_IN_ANALYSIS	DURATION_OF_INDUCTION_TREATMENT	ELN_2008	ELN_2017	EX_VIVO_DRUG_TESTING	EXOME_SEQ_ANALYSIS	FAB	FLT3_ITD_CONSENSUS_CALL	FUSION	GROUP	HEMATOCRIT_LEVEL	HEMOGLOBIN_LEVEL	IDH1_MUTATION	IDH2_NEGATIVE	INDUCTION_RESPONSE	JAK2_NEGATIVE	KARYOTYPE	KARYOTYPE_SAMPLE_ACQUISITION_INTERVAL_DIFFERENCE	KIT_NEGATIVE	KRAS_MUTATION	LDH_LEVEL	MEAN_CORPUSCULAR_VOLUME	MOST_RECENT_TREATMENT_DURATION	MOST_RECENT_TREATMENT_TYPE	MUTATION_COUNT	NPM1_CONSENSUS_CALL	NRAS_MUTATION	ONCOTREE_CODE	PB_ALBUMIN_LEVEL	PB_ALT_LEVEL	PB_AST_LEVEL	PB_BASOPHILS_PERCENTAGE	PB_BLAST_PERCENTAGE	PB_EOSINOPHILS_PERCENTAGE	PB_IMMATURE_GRANULOCYTES_PERCENTAGE	PB_LYMPHOCYTES_PERCENTAGE	PB_MONOCYTES_PERCENTAGE	PB_NEUTROPHILS_PERCENTAGE	PB_NUCLEATED_RBC_PERCENTAGE	PLATELET_COUNT	PLATFORM	RNA_SEQ_ANALYSIS	RNA_SEQUENCED	SAMPLE_SITE	SAMPLE_TIMEPOINT	SOMATIC_STATUS	SPECIFIC_DIAGNOSIS_AT_ACQUISITION	SPECIFIC_DIAGNOSIS_AT_INCLUSION	SURFACE_ANTIGENS	TMB_NONSYNONYMOUS	TOTAL_PROTEIN_LEVEL	TP53_MUTATION	TYPE_INDUCTION_TREATMENT	WBC	WHOLE_EXOME_SEQUENCING	AGE_AT_DIAGNOSIS	CAUSE_OF_DEATH_SOURCE	CENTER	CHEMOTHERAPY	DIAGNOSIS	DIAGNOSIS_AT_INCLUSION	ETHNICITY	MDS_TWO_MONTHS_PRIOR_AML	MDSMPN_DIAGNOSIS_AT_ACQUISITION	MDSMPN_TWO_MONTHS_PRIOR_AML	MPN_TWO_MONTHS_PRIOR_AML	NON_AML_MDSMPN_DIAGNOSIS_AT_ACQUISITION	OS_MONTHS	OS_STATUS	PRIOR_MDS	PRIOR_MDSMPN	PRIOR_MPN	PRIORRADIATIONFOROTHERCANCER	SAMPLE_COUNT	SEX	TREATMENT_TYPE
aml_ohsu_2018	aml_ohsu_2018_2192	aml_ohsu_2018_15-00525	36	90	Leukemia	APL with PML-RARA	No	Negative	0.76	2	ATRA, Arsenic Trioxide|APML4 Protocol (ATRA, Arsenic Trioxide, Idarubicin)	2	Induction | Experimental	2	Standard Chemotherapy | Targeted Therapy - Other	ATRA, Arsenic Trioxide	Experimental	95% of cells had a variant abnormal signal pattern with PML/RARA fusion.  PML (15q22) (SO) / RARA (17q21) (SG) t(15;17)	Negative	No	27	Intermediate-II	Favorable	No	Yes	M3	Positive	PML-RARA	Initial Acute Leukemia Diagnosis	26.3	8.2	Negative	Negative	Complete Response	Negative	46,XX,der(15)t(15;17)(q22;q21),der(17)t(15;17)del(17)(q21)[15]/46,XX[1]	2	Negative	Negative	605	89.2	-1	Targeted Therapy - Other	12	Negative	Negative	APLPMLRARA	3.9	37	27	0	69.14	0	28.8	1.8	1.8	0.9	0.4	25	WES + RNA-seq	Yes	Yes	Bone Marrow Aspirate	Denovo	Matched	Acute promyelocytic leukaemia with t(15;17)(q22;q12); PML-RARA	Acute promyelocytic leukaemia with t(15;17)(q22;q12); PML-RARA	Immunophenotype: CD13, CD33, partial CD34, CD64, CD117, CD123 and MPO positive	0.5	7.5	Negative	Standard Chemotherapy	103.66	Yes	36.0	Alive	1	Yes	Acute Myeloid Leukaemia (AML) and Related Precursor Neoplasms	Acute Myeloid Leukaemia (AML) and Related Precursor Neoplasms	Black	No	False	No	No	False	9.31	0:LIVING	No	No	No	No	1	Female	Standard Chemotherapy|Targeted Therapy - Other
aml_ohsu_2018	aml_ohsu_2018_2144	aml_ohsu_2018_15-00470	32		Leukemia	APL with PML-RARA	No	Negative	0.84	1	ATRA, Arsenic Trioxide	2	Consolidation | Experimental	2	Standard Chemotherapy | Targeted Therapy - Other	ATRA, Arsenic Trioxide	Consolidation	70% PML/RARA	Negative	Yes		Intermediate-II	Favorable	Yes	Yes		Positive	PML-RARA	Initial Acute Leukemia Diagnosis	19.1	6.3	Negative	Negative		Negative	46,XY,t(15;17)(q22;q21)[20]	-2	Negative	Negative		96.5	232	Standard Chemotherapy	1	Negative	Negative	APLPMLRARA	3	31	20	0		0	19.6	56.3	0.9	3.6	0.1	49	WES + RNA-seq	Yes	Yes	Bone Marrow Aspirate	Denovo	Unmatched	Acute promyelocytic leukaemia with t(15;17)(q22;q12); PML-RARA	Acute promyelocytic leukaemia with t(15;17)(q22;q12); PML-RARA		0.033333333	6.9	Negative		7.19	Yes	32.0	Alive	1	Yes	Acute Myeloid Leukaemia (AML) and Related Precursor Neoplasms	Acute Myeloid Leukaemia (AML) and Related Precursor Neoplasms	HispNative	No	False	No	No	False	9.61	0:LIVING	No	No	No	No	1	Male	Standard Chemotherapy|Targeted Therapy - Other
aml_ohsu_2018	aml_ohsu_2018_1561	aml_ohsu_2018_14-00289	23	3	Leukemia	Therapy-Related Myeloid Neoplasms	No	Negative	0.91	2	Trametinib|HAEP (Cytarabine, Etoposide, Cisplatin)	3	Consolidation | Induction | Experimental	2	Standard Chemotherapy | Targeted Therapy - Kinase Inhibitor(s)	Trametinib	Experimental	Low-level tetraploidy or near-tetraploidy	Negative	Yes	8	Adverse	Adverse	Yes	Yes		Negative	None	Initial Acute Leukemia Diagnosis	17.9	5.7	Negative	Negative	Complete Response	Negative	48,XY,add(6)(p22),der(7)t(7;19)(p11.1;p12),i(13)(q10)x2,add(14)(q24),+mar1,+mar2[cp20]	0	Negative	Negative	16499	95.2	197	Targeted Therapy - Kinase Inhibitor(s)	12	Negative	p.G12C; MAF 86%	TMN	3	32	131	3.2	20.4	2.1		25.8	1.1	36.6	43.4	24	WES + RNA-seq	Yes	Yes	Bone Marrow Aspirate		Matched	Therapy-related myeloid neoplasms	Therapy-related myeloid neoplasms		0.566666667	5.6	p.G245S; MAF 87%	Standard Chemotherapy	40.76	Yes	23.0	Dead-Disease	1	Yes	Acute Myeloid Leukaemia (AML) and Related Precursor Neoplasms	Acute Myeloid Leukaemia (AML) and Related Precursor Neoplasms	White	No	False	No	No	False	10.46	1:DECEASED	No	No	No	No	2	Male	Standard Chemotherapy|Targeted Therapy - Kinase Inhibitor(s)
aml_ohsu_2018	aml_ohsu_2018_2337	aml_ohsu_2018_15-00864	54	8	Leukemia	AML with Mutated NPM1	No		0.73	4	HAM (Cytarabine, Mitoxantrone)|3+7 (Cytarabine, Daunorubicin)|Sorafenib|Hydroxyurea	4	Induction | Experimental | Re-induction | Maintenance	2	Standard Chemotherapy | Targeted Therapy - Kinase Inhibitor(s)	Sorafenib	Experimental	Normal	p.R882C, MAF 6%	No	6	Not Enough Information	Favorable or Intermediate	No	Yes		Positive	None	Residual Disease|Post-Chemotherapy	20.2	7.1			Unknown		46,XY[12]	0			235	93.5	-1	Targeted Therapy - Kinase Inhibitor(s)	1	Positive		AMLNPM1	3.8	40	34	0	1	4.7	0.9	40.6	10.4	43.4	0	17	WES + RNA-seq	Yes	Yes	Peripheral Blood		Matched	AML with mutated NPM1	AML with mutated NPM1	dim variable CD7, dim CD11b, CD13, CD33, CD34, CD58, CD117, and CD123	0.033333333	6.8		Standard Chemotherapy	1.06	Yes	53.0	Dead-Disease	1	Yes	Acute Myeloid Leukaemia (AML) and Related Precursor Neoplasms	Acute Myeloid Leukaemia (AML) and Related Precursor Neoplasms	White	No	False	No	No	False	5.53	1:DECEASED	No	No	No	No	4	Male	Standard Chemotherapy|Targeted Therapy - Kinase Inhibitor(s)
aml_ohsu_2018	aml_ohsu_2018_1723	aml_ohsu_2018_14-00567	71		Leukemia	Acute Monoblastic/Monocytic Leukemia	No	Negative	0.62	3	7+3 (Cytarabine, Idarubicin)|MiDAC|Bu/Flu/TBI (Busulfan, Fludarabine, Total Body Irradiation)	3	Consolidation | Induction | Allogeneic - Mismatched Unrelated Donor	2	Standard Chemotherapy | Bone Marrow Transplant	Bu/Flu/TBI (Busulfan, Fludarabine, Total Body Irradiation)	Allogeneic - Mismatched Unrelated Donor		Negative	Yes	6	Intermediate-II	Intermediate	Yes	Yes	M5	Negative	None	Initial Acute Leukemia Diagnosis	21.4	7	p.R132C; MAF 50%	Negative	Complete Response	Negative	46,XX,idic(7)(q11.2)[20]	-3	Negative	Negative	373	93.9	-1	Bone Marrow Transplant	10	Negative	Negative	AMOL	2.6	20	20	0		0	0	6.7	5.1	0	0.1	19	WES + RNA-seq	Yes	Yes	Bone Marrow Aspirate	Denovo	Matched	Acute monoblastic and monocytic leukaemia	Acute monoblastic and monocytic leukaemia	CD11b, CD13, CD33, partial CD34,      CD38, CD58, CD64, CD117, CD123, partial HLA-DR and cMPO positive	0.5	5.8	Negative	Standard Chemotherapy	78.71	Yes	71.0	Dead-Treatment	1	Yes	Acute Myeloid Leukaemia (AML) and Related Precursor Neoplasms	Acute Myeloid Leukaemia (AML) and Related Precursor Neoplasms	White	No	False	No	No	False	15.2	1:DECEASED	No	No	No	No	1	Female	Standard Chemotherapy|Bone Marrow Transplant
aml_ohsu_2018	aml_ohsu_2018_1508	aml_ohsu_2018_14-00175	46	25.9	Leukemia	Acute Monoblastic/Monocytic Leukemia	No			8	Busulfan, Fludarabine|7+3 (Cytarabine, Idarubicin)|HiDAC|Donor Lymphocyte Infusion|Azacitidine|CLAG-M (Cladribine, Cytarabine, Mitoxantrone, Filgrastim)|Clofarabine|ODSH (2 O, 3-O Desulfated Heparin)	6	Allogeneic - Sibling | Hypomethylating/Low Dose Cytarabine | Consolidation | Induction | Re-induction | Post-Transplant Relapse	3	DLI | Standard Chemotherapy | Bone Marrow Transplant	Donor Lymphocyte Infusion	Post-Transplant Relapse	Normal		No	-1	Not Enough Information	Intermediate	No	Yes	M5	Negative	Unknown	Initial Acute Leukemia Diagnosis					Complete Response			0	Negative				-1	DLI	1	Negative		AMOL					0.5								WES + RNA-seq	Yes	Yes	Peripheral Blood	Denovo	Matched	Acute monoblastic and monocytic leukaemia	Acute monoblastic and monocytic leukaemia	Increased atypical CD56 positive, weak CD117 positive myelomonocytic cells representing approximately 23% of the leukocytes	0.033333333			Standard Chemotherapy	3.6	Yes	46.0	Dead-Disease	3	Yes	Acute Myeloid Leukaemia (AML) and Related Precursor Neoplasms	Acute Myeloid Leukaemia (AML) and Related Precursor Neoplasms	White	No	False	No	No	False	33.06	1:DECEASED	No	No	No	No	1	Male	DLI|Standard Chemotherapy|Bone Marrow Transplant
aml_ohsu_2018	aml_ohsu_2018_45	aml_ohsu_2018_10-00507	70	97	Leukemia	AML with Mutated NPM1	No		0.92	3	7+3 (Cytarabine, Idarubicin)|MiDAC|Cytarabine, Methotrexate	2	Consolidation | Induction	2	Standard Chemotherapy | Intrathecal	MiDAC	Consolidation	Normal		No	6	Intermediate-I	Favorable or Intermediate	No	Yes	M1	Positive	None	Initial Acute Leukemia Diagnosis		10.9			Refractory		46,XX[20]	0			592		5	Standard Chemotherapy	5	Positive		AMLNPM1	2.8	30	38	0	97	0		10	0	3		8	WES	No	No	Leukapheresis	Denovo	Unmatched	AML with mutated NPM1	AML with mutated NPM1	CD13, CD33, dimCD45, CD56, partial CD117, MPO/positive	0.266666667	5.8		Standard Chemotherapy	112.3	Yes	70.0	Dead-Other	1	Yes	Acute Myeloid Leukaemia (AML) and Related Precursor Neoplasms	Acute Myeloid Leukaemia (AML) and Related Precursor Neoplasms	White	No	False	No	No	False	16.81	1:DECEASED	No	No	No	No	2	Female	Standard Chemotherapy|Intrathecal
aml_ohsu_2018	aml_ohsu_2018_2287	aml_ohsu_2018_15-00724	51	51	Leukemia	AML with Mutated NPM1	No			3	Busulfan, Fludarabine|7+3 (Cytarabine, Idarubicin)|HiDAC	3	Allogeneic - Sibling | Consolidation | Induction	2	Standard Chemotherapy | Bone Marrow Transplant	Busulfan, Fludarabine	Allogeneic - Sibling	Normal		No	-1	Intermediate-I	Favorable or Intermediate	No	Yes		Positive	None	Initial Acute Leukemia Diagnosis					Refractory		46,XY[20]	0					-1	Bone Marrow Transplant	11	Positive		AMLNPM1					54								WES + RNA-seq	Yes	Yes	Bone Marrow Aspirate	Denovo	Matched	AML with mutated NPM1	AML with mutated NPM1	CD13, partial CD15, CD33, CD117,  myeloperoxidase, and partial HLA-DR	0.566666667			Standard Chemotherapy	12	Yes	51.0	Alive	3	Yes	Acute Myeloid Leukaemia (AML) and Related Precursor Neoplasms	Acute Myeloid Leukaemia (AML) and Related Precursor Neoplasms	HispNative	No	False	No	No	False	14.87	0:LIVING	No	No	No	No	1	Male	Standard Chemotherapy|Bone Marrow Transplant
aml_ohsu_2018	aml_ohsu_2018_555	aml_ohsu_2018_12-00372	60	77.5	Leukemia	AML with Mutated NPM1	No			8	7+3 (Cytarabine, Idarubicin)|HiDAC|Cytarabine|3+7 (Cytarabine, Daunorubicin)|Azacitidine|Sorafenib|Clofarabine|Clofarabine, Cytarabine	5	Consolidation | Salvage | Induction | Experimental | Re-induction	2	Standard Chemotherapy | Targeted Therapy - Kinase Inhibitor(s)	Cytarabine	Consolidation	Normal		Yes	6	Not Enough Information	Intermediate	Yes	No	NOS	Positive	None	Relapse|Post-Chemotherapy	26.3	9.3			Complete Response		46,XY[4]	-121				87.8	64	Standard Chemotherapy		Positive		AMLNPM1				0	75	1		16	1	4		9	RNA-seq	Yes	Yes	Peripheral Blood	Relapse	Unmatched	AML with mutated NPM1	AML with mutated NPM1	CD13, CD33, partial CD56, CD58, CD64, dim CD117, CD123and partial/dim cMPO positive				Standard Chemotherapy	7.9	No	56.0	Dead-Disease	1	Yes	Acute Myeloid Leukaemia (AML) and Related Precursor Neoplasms	Acute Myeloid Leukaemia (AML) and Related Precursor Neoplasms	Asian	No	False	No	No	False	57.07	1:DECEASED	No	No	No	No	2	Male	Standard Chemotherapy|Targeted Therapy - Kinase Inhibitor(s)
aml_ohsu_2018	aml_ohsu_2018_1314	aml_ohsu_2018_13-00551	51		Leukemia	AML, NOS	No	Negative	0.8	3	7+3 (Cytarabine, Idarubicin)|MEC (Cytarabine, Etoposide, Mitoxantrone)|Busulfan, Cyclophosphamide	3	Allogeneic - Sibling | Induction | Re-induction	2	Standard Chemotherapy | Bone Marrow Transplant	Busulfan, Cyclophosphamide	Allogeneic - Sibling			Yes	-1	Intermediate-I	Intermediate	Yes	Yes		Negative	None	Post-Chemotherapy|Residual Disease	25	8.7			Refractory		46,XY[20]	-3				83.8	-1	Bone Marrow Transplant	2	Negative		AMLNOS	3.7	16	14		1			17	35	23		16	WES + RNA-seq	Yes	Yes	Peripheral Blood		Unmatched	Acute myeloid leukaemia, NOS	Acute myeloid leukaemia, NOS		0.133333333	6.8		Standard Chemotherapy	3.2	Yes	51.0	Alive	2	Yes	Acute Myeloid Leukaemia (AML) and Related Precursor Neoplasms	Acute Myeloid Leukaemia (AML) and Related Precursor Neoplasms	Black	No	False	No	No	False	48.91	0:LIVING	No	No	No	No	1	Male	Standard Chemotherapy|Bone Marrow Transplant
aml_ohsu_2018	aml_ohsu_2018_1630	aml_ohsu_2018_14-00401	79	10	Leukemia	AML with Myelodysplasia-Related Changes	No		0.57	3	AG-221|Azacitidine|Decitabine	2	Hypomethylating/Low Dose Cytarabine | Experimental	2	Standard Chemotherapy | Targeted Therapy - Other	AG-221	Experimental	nuc ish(D5S2064,D5S630,EGR1)x2[200],(D7Z1,D7S522)x2[199],(D8Z2,D20S108)x2[200],(RUNX1T1,RUNX1)x2 [200],(5'MLL,3'MLL)x2(5'MLL con 3'MLLx2)[200],(PML,RARA)x2[200],(5'CBFB,3'CBFB)x2(5'CBFB con 3'CBFBx2)[200]	F609fs*3; MAF 42%	No		Not Enough Information	Adverse	No	Yes		Negative	None	Residual Disease|Post-Chemotherapy	27.6	8.9	Negative				46,XX[20]	0			230	97.5	-1	Targeted Therapy - Other	17	Negative		AMLMRC	4.3	17	21	0	0	4		50	8	38		221	WES	No	No	Bone Marrow Aspirate	After or at the time transformation from another heme malignancy	Matched	AML with myelodysplasia-related changes	AML with myelodysplasia-related changes	CD2 (-), CD4(partial dim +), CD7(-), CD11b(-), CD13(bright +), CD14(-), CD15(-), CD16(-), CD33(variable to bright +), CD34(+), CD36(-), CD38(bright +), CD45(moderately +), CD56(-), CD64(-), CD117(bright +), HLA-DR(variable +), MPO(partial+) and TdT(-).	0.966666667	6.9			2.7	Yes	78.0	Dead-Unknown	2	Yes	Acute Myeloid Leukaemia (AML) and Related Precursor Neoplasms	Acute Myeloid Leukaemia (AML) and Related Precursor Neoplasms	White	Yes	False	No	No	False	31.91	1:DECEASED	Yes	No	No	No	1	Female	Standard Chemotherapy|Targeted Therapy - Other
aml_ohsu_2018	aml_ohsu_2018_1398	aml_ohsu_2018_13-00660	72	41	Leukemia	AML with Myelodysplasia-Related Changes	No	Negative	1.66	1	Decitabine	1	Hypomethylating/Low Dose Cytarabine	1	Standard Chemotherapy	Decitabine	Hypomethylating/Low Dose Cytarabine	Two of twenty-five metaphase cells examined were monosomy 7, shown by  fluorescent in situ hybridization (FISH) in  a companion study  (GLC-13-06587) to be a true clone.  Twenty cells appeared to be missing a  chromosome 7 with an additional small marker.	Negative	No		Adverse	Adverse	No	Yes		Negative	None	Initial Acute Leukemia Diagnosis	23.3	7.2	Negative	Negative			46,XY,-7,+mar.ishder(7)del(7)(p11.2)del(7)(q11.2)(D7Z1+)[20]/45,XY,-7[2]/46,XY[3]	0	Negative	Negative	398	82	-1	Standard Chemotherapy	11	Negative	Negative	AMLMRC	3.8	36	31	2.6		0		15.3	9.3	28.8	0.6	42	WES + RNA-seq	Yes	Yes	Peripheral Blood	After or at the time transformation from another heme malignancy	Matched	AML with myelodysplasia-related changes	AML with myelodysplasia-related changes	CD13, dimCD19, partial CD33, partial CD34, CD38, CD58, dim cCD79a, CD117, and TdT positive.	0.466666667	6.6	Negative		12.44	Yes	72.0	Alive	1	Yes	Acute Myeloid Leukaemia (AML) and Related Precursor Neoplasms	Acute Myeloid Leukaemia (AML) and Related Precursor Neoplasms	Black	No	False	No	Yes	False	1.97	0:LIVING	No	No	Yes	No	1	Male	Standard Chemotherapy
aml_ohsu_2018	aml_ohsu_2018_1126	aml_ohsu_2018_13-00273	51		Leukemia	AML with Mutated NPM1	No	Negative	0.95	4	Fludarabine, Melphalan|7+3 (Cytarabine, Idarubicin)|HiDAC|FLAG-IDA (Cytarabine, Filgrastim, Fludarabine, Idarubicin)	4	Consolidation | Induction | Re-induction | Allogeneic - Matched Unrelated Donor	2	Standard Chemotherapy | Bone Marrow Transplant	FLAG-IDA (Cytarabine, Filgrastim, Fludarabine, Idarubicin)	Re-induction	Normal	p.R882H; MAF 50%	No	6	Intermediate-I	Favorable or Intermediate	No	Yes		Positive	None	Initial Acute Leukemia Diagnosis	24.7	8.2	Negative		Complete Response	Negative	46,XX[20]	-2	Negative	Negative		86.2	3	Standard Chemotherapy	2	Positive	Negative	AMLNPM1	3.1	31	20	2		0		14	13	68		99	WES	No	Yes	Peripheral Blood	Denovo	Unmatched	AML with mutated NPM1	AML with mutated NPM1		0.1	6.8		Standard Chemotherapy	21.7	Yes	51.0	Dead-Disease	1	Yes	Acute Myeloid Leukaemia (AML) and Related Precursor Neoplasms	Acute Myeloid Leukaemia (AML) and Related Precursor Neoplasms	White	No	False	No	No	False	7.27	1:DECEASED	No	No	No	No	1	Female	Standard Chemotherapy|Bone Marrow Transplant
aml_ohsu_2018	aml_ohsu_2018_1369	aml_ohsu_2018_13-00601			Myelodysplastic Syndromes	MDS with Excess Blasts	No			1	Decitabine	1	Induction	1	Standard Chemotherapy	Decitabine	Induction	nuc ish(D5S721,D5S23,EGR1)x2[200],(D7Z1,D7S522)x2[200],(D8Z2,D20S108)x2[200],(RUNX1T1,RUNX1)x2[200],(5'MLL,3'MLL)x2(5'MLL con 3'MLLx2)[200],(PML,RARA)x2[200],(5'CBFB,3'CBFB)x2(5'CBFB con 3'CBFBx2)[200]		Yes	60		Intermediate	Yes	Yes		Negative	None	Unknown					Unknown		46,XY[20]	-3					60	Standard Chemotherapy	16	Negative		MDSEB													WES + RNA-seq	Yes	Yes	Bone Marrow Aspirate		Matched	Refractory anaemia with excess blasts	Refractory anaemia with excess blasts		0.966666667			Standard Chemotherapy		Yes		Dead-Unknown	2	Yes	Myelodysplastic Syndromes	Myelodysplastic Syndromes	White	No	True	No	No	False	3.82	1:DECEASED	Yes	No	No	No	1	Male	Standard Chemotherapy
aml_ohsu_2018	aml_ohsu_2018_1690	aml_ohsu_2018_15-00805	62	6	Leukemia	AML with Mutated NPM1	No		0.8	4	Fludarabine, Melphalan|7+3 (Cytarabine, Idarubicin)|FLAG-IDA (Cytarabine, Filgrastim, Fludarabine, Idarubicin)|MiDAC	4	Consolidation | Induction | Re-induction | Allogeneic - Matched Unrelated Donor	2	Standard Chemotherapy | Bone Marrow Transplant	Fludarabine, Melphalan	Allogeneic - Matched Unrelated Donor	Normal		No	7	Favorable	Favorable	No	Yes		Negative	None	Post-Chemotherapy|Relapse	33.7	11.7			Complete Response		46,XX[18]	-178				100.3	-1	Bone Marrow Transplant	21	Positive		AMLNPM1	3.7	27	22	0	0	1.1		50.8	3.9	44.2		15	WES	No	No	Bone Marrow Aspirate	Relapse	Matched	AML with mutated NPM1	AML with mutated NPM1	CD7, CD13, CD33, CD34, CD38, and CD123 positive	1.266666667	6.5		Standard Chemotherapy	1.8	Yes	60.0	Alive	1	Yes	Acute Myeloid Leukaemia (AML) and Related Precursor Neoplasms	Acute Myeloid Leukaemia (AML) and Related Precursor Neoplasms	White	No	False	No	No	False	24.01	0:LIVING	No	No	No	No	1	Female	Standard Chemotherapy|Bone Marrow Transplant
aml_ohsu_2018	aml_ohsu_2018_2232	aml_ohsu_2018_15-00608	61	40	Leukemia	AML with Myelodysplasia-Related Changes	No	Negative		2	Cyclophosphamide, Fludarabine, TBI|7+3 (Cytarabine, Idarubicin) plus Sorafenib	2	Induction | Double Umbilical Cord Blood Transplant (DUCBT)	2	Standard Chemotherapy | Bone Marrow Transplant	Cyclophosphamide, Fludarabine, TBI	Double Umbilical Cord Blood Transplant (DUCBT)	65% Loss 5q31; 14.5% Gain of 8 centromere, trisomy; Trisomy for 21q22  (40.5%), and trisomy for 8q22 and 21q22 (7.0%)		Yes	-1	Not Enough Information	Adverse	Yes	Yes		Negative	None	Initial Acute Leukemia Diagnosis			Negative	Negative	Complete Response	Negative	46,XX,del(5)(q31q33),der(21)(qter->q22::p11.2->qter),del(21)(q22)[19]	1	Negative				-1	Bone Marrow Transplant	21	Negative	p.G12D; MAF 10%	AMLMRC					28							26	WES + RNA-seq	Yes	Yes	Peripheral Blood	After or at the time transformation from another heme malignancy	Matched	AML with myelodysplasia-related changes	AML with myelodysplasia-related changes	positive CD13, CD34, dim CD45, CD117 and HLA-DR	1.2			Standard Chemotherapy	4.8	Yes	61.0	Alive	5	Yes	Acute Myeloid Leukaemia (AML) and Related Precursor Neoplasms	Acute Myeloid Leukaemia (AML) and Related Precursor Neoplasms	White	Yes	False	No	No	False	15.26	0:LIVING	Yes	No	No	No	1	Female	Standard Chemotherapy|Bone Marrow Transplant
aml_ohsu_2018	aml_ohsu_2018_1993	aml_ohsu_2018_15-00159	75	58	Leukemia	AML, NOS	No		1.72	0		0		0		NONE	NONE	nuc ish(D5S2064,D5S630,EGR1)x2[200],(D7Z1,D7S522)x2[199],(D8Z2,D20S108)x2[200],(RUNX1T1,RUNX1)x2 [200],(5'MLL,3'MLL)x2(5'MLL con 3'MLLx2)[200],(PML,RARA)x2[200],(5'CBFB,3'CBFB)x2(5'CBFB con 3'CBFBx2)[200]		Yes		Not Enough Information	Intermediate	Yes	Yes		Negative	None	Initial Acute Leukemia Diagnosis	37.6	12.1	Negative	Negative			46,XY[20]	0			379	94		NONE	3	Negative		AMLNOS	3.9	11	23	0	31	0		24	9	31		36	WES	No	No	Bone Marrow Aspirate		Matched	Acute myeloid leukaemia, NOS	Acute myeloid leukaemia, NOS	CD4(partial +), CD7(-), CD11b(-), CD13(variably +), CD14(-), CD15(partial dim +), CD16(-), CD33(partial +), CD34(+), CD36(subset +), CD38(variably +), CD45(moderate to dim +), CD56(-), CD64(-), CD117(partial +), HLA-DR(variably +), MPO(partial +), TdT(sma	0.133333333	6.7			12.8	Yes	75.0		2	No	Acute Myeloid Leukaemia (AML) and Related Precursor Neoplasms	Acute Myeloid Leukaemia (AML) and Related Precursor Neoplasms	White	No	False	No	No	False			No	No	No	No	1	Male	
aml_ohsu_2018	aml_ohsu_2018_799	aml_ohsu_2018_12-00258	81		Leukemia	Therapy-Related Myeloid Neoplasms	No		1.08	1	Azacitidine	1	Supportive/Palliative Care	1	Supportive/Palliative Care	Azacitidine	Supportive/Palliative Care			Yes		Adverse	Adverse	Yes	No	M5	Negative	None	Post-Chemotherapy|Residual Disease	26.6	8.8					46,XX,t(8;16)(p11.2;p13.3)[8]/46,XX,del(7)(q11.2q22),del(20)(q13.1q13.3)[cp3]/46,XX[12]	-112			2700	92.4	42	Supportive/Palliative Care		Negative		TMN	3.2	60	64	0		0		12	33	7		46	RNA-seq	Yes	Yes	Peripheral Blood	After or at the time transformation from another heme malignancy	Matched	Therapy-related myeloid neoplasms	Therapy-related myeloid neoplasms			6.3			37.1	No	81.0	Dead-Disease	1	Yes	Acute Myeloid Leukaemia (AML) and Related Precursor Neoplasms	Acute Myeloid Leukaemia (AML) and Related Precursor Neoplasms	White	No	False	No	No	False	4.84	1:DECEASED	No	Yes	No	Yes	1	Female	Supportive/Palliative Care
aml_ohsu_2018	aml_ohsu_2018_1341	aml_ohsu_2018_13-00558	61	25	Leukemia	AML with Myelodysplasia-Related Changes	No		0.8	5	5+2 (Cytarabine, Idarubicin)|7+3 (Cytarabine, Idarubicin)|HAM (Cytarabine, Mitoxantrone)|Hydroxyurea|Busulfan, Cyclophosphamide	5	Allogeneic - Sibling | Salvage | Induction | Re-induction | Symptom Control	2	Standard Chemotherapy | Bone Marrow Transplant	Busulfan, Cyclophosphamide	Allogeneic - Sibling	Monosomy 5		Yes	6	Adverse	Adverse	Yes	Yes		Negative	None	Residual Disease|Post-Chemotherapy	31.1	9.8			Refractory		42~44,XY,t(1;10)(q12;q21),-5,-7,-11,add(13)(p11.1),der(18)t(11;18)(q14;q21.1),add(20)(q12),+1~3mar[cp4]/41~44,sl,add(4)(q23)[cp9]/41~44,sl,del(4)(q21q?27)[cp5]/41~42,	0				88.9	-1	Bone Marrow Transplant	5	Negative		AMLMRC	3.1	45	34	0	20	13		6	12	55	0.9	243	WES + RNA-seq	Yes	Yes	Bone Marrow Aspirate	After or at the time transformation from another heme malignancy	Matched	AML with myelodysplasia-related changes	AML with myelodysplasia-related changes	CD13, CD33, CD34, CD117, and MPO+.	0.166666667	6.4		Standard Chemotherapy	96.64	Yes	61.0	Dead-Treatment	1	Yes	Acute Myeloid Leukaemia (AML) and Related Precursor Neoplasms	Acute Myeloid Leukaemia (AML) and Related Precursor Neoplasms	White	No	False	No	Yes	False	7.01	1:DECEASED	No	No	Yes	No	1	Male	Standard Chemotherapy|Bone Marrow Transplant
aml_ohsu_2018	aml_ohsu_2018_1763	aml_ohsu_2018_14-00643	37		Leukemia	AML with t(8;21)(q22;q22.1);RUNX1-RUNX1T1	No	Negative	0.89	4	3+7 (Cytarabine, Daunorubicin)|MEC (Cytarabine, Etoposide, Mitoxantrone)|Etoposide, Mitoxantrone|Busulfan, Cyclophosphamide	4	Salvage | Consolidation | Induction | Allogeneic - Matched Unrelated Donor	2	Standard Chemotherapy | Bone Marrow Transplant	Busulfan, Cyclophosphamide	Allogeneic - Matched Unrelated Donor	RUNX1T1/RUNX1:   94% of cells had the dual fusion signal pattern consistent with RUNX1T1/RUNX1 fusion and t(8;21), as seen on metaphase analysis.		Yes	6	Favorable	Favorable	Yes	Yes	M2	Negative	RUNX1-RUNX1T1	Initial Acute Leukemia Diagnosis	15.8	5.5	Negative	Negative	Refractory	Negative	45,X,-Y,t(8;21)(q22;q22)[20]	0		Negative	411	100.6	0	Bone Marrow Transplant	10	Negative	Negative	AMLRUNX1RUNX1T1	3	22	13	0.8		0	7.5	17.5	0	37.5	0.4	42	WES + RNA-seq	Yes	Yes	Bone Marrow Aspirate	Denovo	Matched	AML with t(8;21)(q22;q22); RUNX1-RUNX1T1	AML with t(8;21)(q22;q22); RUNX1-RUNX1T1	dim CD7, CD13, dim CD33, CD34, CD38, CD56, dim partial      CD64, CD117, dim CD123, HLA-DR, MPO, dim TdT positive	0.5	7	Negative	Standard Chemotherapy	8.15	Yes	37.0	Alive	1	Yes	Acute Myeloid Leukaemia (AML) and Related Precursor Neoplasms	Acute Myeloid Leukaemia (AML) and Related Precursor Neoplasms	Asian	No	False	No	No	False	18.62	0:LIVING	No	No	No	No	1	Male	Standard Chemotherapy|Bone Marrow Transplant
aml_ohsu_2018	aml_ohsu_2018_1721	aml_ohsu_2018_15-00140	68	1	Leukemia	AML with Mutated NPM1	No			4	7+3 (Cytarabine, Idarubicin)|HiDAC|Azacitidine|MEC (Cytarabine, Etoposide, Mitoxantrone)	4	Consolidation | Induction | Re-induction | Maintenance	1	Standard Chemotherapy	Azacitidine	Maintenance	nuc ish(D5S2064,D5S630,EGR1)x2[200],(D7Z1,D7S522)x2[200],(D8Z2,D20S108)x2[200],(RUNX1T1, RUNX1)x2[200],(5'MLL,3'MLL)x2(5'MLL con 3'MLLx2)[200],(PML,RARA)x2[200],(5'CBFB,3'CBFB)x2(5'CBFB con 3'CBFBx2)[200]		No	-1	Not Enough Information	Intermediate	No	Yes		Negative	None	Post-Chemotherapy	35.4	12	Negative	Negative	Complete Response		46,XY	0					-1	Standard Chemotherapy	3	Negative		AMLNPM1	4.6	23	24		0							61	WES + RNA-seq	Yes	Yes	Bone Marrow Aspirate		Matched	AML with mutated NPM1	AML with mutated NPM1	CD38(bright +), CD45(-), CD56(+), intracellular kappa(+), intracellular lambda(-)	0.133333333	7.5		Standard Chemotherapy	2.6	Yes	68.0	Alive	2	Yes	Acute Myeloid Leukaemia (AML) and Related Precursor Neoplasms	Acute Myeloid Leukaemia (AML) and Related Precursor Neoplasms	White	No	False	No	No	False	32.11	0:LIVING	No	No	No	No	2	Male	Standard Chemotherapy
aml_ohsu_2018	aml_ohsu_2018_1093	aml_ohsu_2018_13-00242	62	0.5	Leukemia	AML with Myelodysplasia-Related Changes	No		0.69	3	7+3 (Cytarabine, Idarubicin)|HiDAC|MEC (Cytarabine, Etoposide, Mitoxantrone)	3	Consolidation | Induction | Re-induction	1	Standard Chemotherapy	MEC (Cytarabine, Etoposide, Mitoxantrone)	Re-induction	nuc ish(D5S721,D5S23,EGR1)x2[200],(D7Z1,D7S522)x2[199],(D8Z2,D20S108)x2[198],(5'MLL,3'MLL)x2(5'MLLcon3'MLLx2)[199]		No	7	Adverse	Adverse	No	Yes	NOS	Negative	None	Post-Chemotherapy	25	9			Complete Response i		46,XY,add(2)(p23),t(3;22)(p21;q13),add(3)(q26),del(6)(q13q27),add(9)(q22),add(9)(q13),add(10)(p11.2),del(14)	0			224		5	Standard Chemotherapy	2	Negative		AMLMRC	3	8	16	0	0	0		100	0	0		22	WES	No	No	Peripheral Blood		Matched	AML with myelodysplasia-related changes	AML with myelodysplasia-related changes	CD2(-), CD7(partial and variably +), CD13(+), CD14(-), CD15(-), CD33(bright +), CD34(+), CD36(variably +), CD38(bright +), CD45(+), CD64(-), CD117(variably +), HLA-DR(partial +).	0.066666667	6	Positive	Standard Chemotherapy	0.6	Yes	62.0	Dead-Disease	2	Yes	Acute Myeloid Leukaemia (AML) and Related Precursor Neoplasms	Acute Myeloid Leukaemia (AML) and Related Precursor Neoplasms	Black	No	False	No	No	False	8.36	1:DECEASED	No	No	No	No	1	Male	Standard Chemotherapy
aml_ohsu_2018	aml_ohsu_2018_1797	aml_ohsu_2018_14-00681	65		Leukemia	AML without Maturation	No	Negative	0.78	2	7+3 (Cytarabine, Idarubicin)|Cytarabine	2	Consolidation | Induction	1	Standard Chemotherapy	Cytarabine	Consolidation	all 100 interphase cells scored (100%) were missing one set of 13S319 and RB1 probe signals, consistent with deleted 13q and the metaphase karyotype	p.R882H; MAF 44%	No	6	Intermediate-II	Intermediate	No	Yes	M1	Negative	None	Initial Acute Leukemia Diagnosis	21.4	7.4	Negative		Complete Response	Negative	46,XY,del(13)(q12q2?1)[14]	0	Negative	Negative	509	103.4	133	Standard Chemotherapy	14	Negative	Negative	AWM	3.3	19	25	0		0	0	31.2	0.9	0	0	17	WES + RNA-seq	Yes	Yes	Bone Marrow Aspirate	Denovo	Matched	AML without maturation	AML without maturation	CD13, partial/dim CD33, CD38, CD58, CD117 and MPO	0.766666667	6.6	Negative	Standard Chemotherapy	5.39	Yes	65.0	Alive	1	Yes	Acute Myeloid Leukaemia (AML) and Related Precursor Neoplasms	Acute Myeloid Leukaemia (AML) and Related Precursor Neoplasms	White	No	False	No	No	False	10.63	0:LIVING	No	No	No	No	1	Male	Standard Chemotherapy
aml_ohsu_2018	aml_ohsu_2018_1561	aml_ohsu_2018_14-00676	24	5	Leukemia	Therapy-Related Myeloid Neoplasms	No		0.82	2	Trametinib|HAEP (Cytarabine, Etoposide, Cisplatin)	3	Consolidation | Induction | Experimental	2	Standard Chemotherapy | Targeted Therapy - Kinase Inhibitor(s)	Trametinib	Experimental	Low-level tetraploidy or near-tetraploidy		Yes	8	Adverse	Adverse	Yes	Yes		Negative	None	Residual Disease	25.5	7.9			Complete Response		48,XY,add(6)(p22),der(7)t(7;19)(p11.2;p12),del(9)(p13p22),i(13)(q10)x2,add(14)(q24),+mar1,+mar2[cp2]/46~48,sl,add(17)(p1?3),add(22)(q13)[cp9]/46~48,sl,add(21)(p11.2)[cp6]/47~48,sl,add(1)(p36.1)[cp2]/48,sl,t(2;17)(p21;p11.2)[1]	0				98.5	197	Targeted Therapy - Kinase Inhibitor(s)	71	Negative	p.G12C; MAF 97%	TMN	3.4	30	146	0	10	0	2.9	36.2	1.5	47.8		48	WES + RNA-seq	Yes	Yes	Bone Marrow Aspirate		Matched	Therapy-related myeloid neoplasms	Therapy-related myeloid neoplasms	A CD34 positive blasts population comprises approximately 4% of cellular gated events. Approximately 3% of cells are lymphocytes composed of 28% B cells, 45% T cells and 27% NK cells.	4.3	6.1	p.G245S; MAF 96%	Standard Chemotherapy	11.28	Yes	23.0	Dead-Disease	1	Yes	Acute Myeloid Leukaemia (AML) and Related Precursor Neoplasms	Acute Myeloid Leukaemia (AML) and Related Precursor Neoplasms	White	No	False	No	No	False	10.46	1:DECEASED	No	No	No	No	2	Male	Standard Chemotherapy|Targeted Therapy - Kinase Inhibitor(s)
aml_ohsu_2018	aml_ohsu_2018_1811	aml_ohsu_2018_14-00714	55	72	Leukemia	AML with Myelodysplasia-Related Changes	No	Negative		5	7+3 (Cytarabine, Idarubicin)|HiDAC|Azacitidine|Decitabine|MEC, Lenalidomide	4	Hypomethylating/Low Dose Cytarabine | Consolidation | Induction | Re-induction	2	Standard Chemotherapy | Supportive/Palliative Care	Decitabine	Hypomethylating/Low Dose Cytarabine		Negative	No	6	Not Enough Information	Adverse	No	No		Negative	None	Residual Disease|Post-Chemotherapy			Negative	Negative	Complete Response		50,XX,del(1)(q32),+8,+9,t(15;16)(q15~21;q12~22),+19,+21[cp20]	0	Negative	Negative			-1	Supportive/Palliative Care		Negative	Negative	AMLMRC					81								RNA-seq	Yes	Yes	Peripheral Blood		Matched	AML with myelodysplasia-related changes	AML with myelodysplasia-related changes	ABNORMAL CD34+ BLAST POPULATION, 72%, EXPRESSING DIM PARTIAL CD4, DIM PARTIAL CD7, DIM PARTIAL CD8, CD33, CD38, PARTIAL CD64, CD117, PARTIAL HLA-DR, AND DIM PARTIAL TdT			Negative	Standard Chemotherapy	3.8	No	50.0	Dead-Disease	4	Yes	Acute Myeloid Leukaemia (AML) and Related Precursor Neoplasms	Acute Myeloid Leukaemia (AML) and Related Precursor Neoplasms	White	No	False	No	No	False	63.75	1:DECEASED	No	No	No	No	2	Female	Standard Chemotherapy|Supportive/Palliative Care
aml_ohsu_2018	aml_ohsu_2018_174	aml_ohsu_2018_11-00049	70	90	Leukemia	Acute Myeloid Leukemia	No		0.82	4	7+3 (Cytarabine, Idarubicin)|MiDAC|Hydroxyurea|AC220 (Ambit)	4	Consolidation | Induction | Experimental | Re-induction	2	Standard Chemotherapy | Targeted Therapy - Kinase Inhibitor(s)	Hydroxyurea	Re-induction	trisomy 8		No	4	Intermediate-II	Intermediate or Adverse	No	Yes	M4	Positive	None	Residual Disease|Post-Chemotherapy	26.3	9.2			Complete Response		47,XY,+8[cp20]	0			575	88.3	3	Standard Chemotherapy	3	Negative		AML	2.9	29	36	0	97	0		5	0	1		68	WES	No	No	Bone Marrow Aspirate		Unmatched	Acute myelomonocytic leukaemia	Acute myelomonocytic leukaemia	CD7, CD13, CD33, CD34, CD117, CD123 and HLA-DR positive	0.1	4.7		Standard Chemotherapy	62.9	Yes	69.0	Dead-Disease	1	Yes	Acute Myeloid Leukaemia (AML) and Related Precursor Neoplasms	Acute Myeloid Leukaemia (AML) and Related Precursor Neoplasms	White	No	False	No	No	False	13.78	1:DECEASED	No	No	No	No	3	Male	Standard Chemotherapy|Targeted Therapy - Kinase Inhibitor(s)
aml_ohsu_2018	aml_ohsu_2018_2468	aml_ohsu_2018_16-00017	68	1	Myelodysplastic/Myeloproliferative Neoplasms	Chronic Myelomonocytic Leukemia	No		0.84	3	7+3 (Cytarabine, Idarubicin)|MiDAC|Hydroxyurea	3	Consolidation | Induction | Supportive/Palliative Care	2	Standard Chemotherapy | Supportive/Palliative Care	MiDAC	Consolidation	Normal	p.R882H; MAF 34%	No	23	Favorable	Favorable	No	Yes	M4	Negative	None	Unknown	21.9	7.5			Complete Response		46,XX[20]	0		p.G13D; MAF 8%	533	96.1	100	Standard Chemotherapy	24	Positive		CMML	1.9			0		0	2.1	41.7	47.9	8.3	0	20	WES	No	No	Bone Marrow Aspirate		Matched	Chronic myelomonocytic leukaemia	Chronic myelomonocytic leukaemia	CD19, CD20, and surface kappa light chain positive	1.266666667			Standard Chemotherapy	3.38	Yes	68.0	Alive	1	Yes	Myelodysplastic/Myeloproliferative Neoplasms	Myelodysplastic/Myeloproliferative Neoplasms	White	No	True	No	No	False	6.18	0:LIVING	No	Yes	No	No	1	Female	Standard Chemotherapy|Supportive/Palliative Care
aml_ohsu_2018	aml_ohsu_2018_1962	aml_ohsu_2018_15-00071	56	1	Leukemia	AML with Myelodysplasia-Related Changes	No		1.14	4	7+3 (Cytarabine, Idarubicin)|HiDAC|MEC (Cytarabine, Etoposide, Mitoxantrone)|Busulfan, Cyclophosphamide	4	Consolidation | Induction | Re-induction | Allogeneic - Matched Unrelated Donor	2	Standard Chemotherapy | Bone Marrow Transplant	MEC (Cytarabine, Etoposide, Mitoxantrone)	Re-induction	nuc ish(RUNX1T1x3,RUNX1x2)[9/200], (5'MLL,3'MLL)x2(5'MLL con 3'MLLx2)[200],(PML,RARA)x2[198](5'CBFB,3'CBFB)x2(5'CBFB con 3'CBFBx2)[200]		No	6	Adverse	Adverse	No	Yes		Negative	None	Post-Chemotherapy|Post-Transplant	31.3	10.2	Negative	Negative	Complete Response		45~49,X,-Y,add(5)(q11.2),+der(9;8)(q10;q10),+10,der(11)t(11;17)(p15;q11.2)del(11)(q21q22),add(12)(q12),del(13)(q12q22),-17,add(18)(p11.2),add(19)(q13.3),-20,+1~4mar[cp4]/46,XX[16]	0				97.2	4	Standard Chemotherapy	1	Negative		AMLMRC	2.7	9	16	0.9	0	3.5		7.8	5.2	82.6		365	WES	No	Yes	Bone Marrow Aspirate		Unmatched	AML with myelodysplasia-related changes	AML with myelodysplasia-related changes	CD2(-), CD4(-), CD7(-), CD11b(partial +), CD13(+), CD14(-), CD15(partial dim +), CD16(-), CD25(-), CD33(bright +), CD34(+), CD36(-), CD38(partial +), CD45(+), CD56(+), CD64(-), CD117(+), CD123(dim +), HLA-DR (+), MPO(few +), TdT(-).	0.033333333	4.9		Standard Chemotherapy	7.5	Yes	53.0	Dead-Disease	2	Yes	Acute Myeloid Leukaemia (AML) and Related Precursor Neoplasms	Acute Myeloid Leukaemia (AML) and Related Precursor Neoplasms	White	No	False	No	No	False	30.2	1:DECEASED	No	No	No	No	1	Male	Standard Chemotherapy|Bone Marrow Transplant
aml_ohsu_2018	aml_ohsu_2018_2416	aml_ohsu_2018_15-00883	72	90	Leukemia	AML with Mutated NPM1	No	p.E163*; MAF 39%	0.56	3	7+3 (Cytarabine, Idarubicin)|Sorafenib|Ponatinib	2	Induction | Experimental	2	Standard Chemotherapy | Targeted Therapy - Kinase Inhibitor(s)	Ponatinib	Experimental	Normal		Yes	10	Intermediate-I	Favorable or Intermediate	Yes	Yes		Positive	None	Post-Chemotherapy|Residual Disease	31.7	9.9			Refractory		46,XX[20]	0			261	98.1	15	Targeted Therapy - Kinase Inhibitor(s)	17	Positive		AMLNPM1	2.8	28	23	0.9	78	0	0	2.7	3.6	17.3	1.4	211	WES + RNA-seq	Yes	Yes	Peripheral Blood		Matched	AML with mutated NPM1	AML with mutated NPM1	CD13, CD33, CD38, partial CD56, partialCD64, CD117, dimCD123, and MPO	0.9	6.5		Standard Chemotherapy	24.01	Yes	72.0	Dead-Disease	1	Yes	Acute Myeloid Leukaemia (AML) and Related Precursor Neoplasms	Acute Myeloid Leukaemia (AML) and Related Precursor Neoplasms	White	No	False	No	No	False	3.88	1:DECEASED	No	No	No	No	2	Female	Standard Chemotherapy|Targeted Therapy - Kinase Inhibitor(s)
aml_ohsu_2018	aml_ohsu_2018_2254	aml_ohsu_2018_15-00653	52	83	Leukemia	AML, NOS	No	Negative	0.55	3	7+3 (Cytarabine, Idarubicin)|HiDAC|MEC (Cytarabine, Etoposide, Mitoxantrone)	3	Consolidation | Salvage | Induction	1	Standard Chemotherapy	MEC (Cytarabine, Etoposide, Mitoxantrone)	Salvage	nuc ish(D4Z1,D10Z1)x2[200],(RUNX1T1,RUNX1)x2[200],(ABL1,BCR)x2[200],(5'MLL,3'MLL)x2(5'MLL con 3'MLLx2)[200],(ETV6,RUNX1)x2[200],(PML,RARA)x2[200],(5'CBFB,3'CBFB)x2(5'CBFB con 3'CBFBx2)[200]		Yes	7	Favorable	Favorable	Yes	Yes	M1	Negative	None	Initial Acute Leukemia Diagnosis	25.3	8.3	Negative	Negative	Complete Response		46,XX[20]	-1					-1	Standard Chemotherapy	5	Positive		AMLNOS	3.3	21	47	0	48.6	0		9.4	0.9	40.2		48	WES + RNA-seq	Yes	Yes	Peripheral Blood	Denovo	Unmatched	Acute myeloid leukaemia, NOS	Acute myeloid leukaemia, NOS	CD2(-), CD4(dim +), CD7(-), CD11b(-), CD13(+ and dim +), CD14(-), CD15(+), CD16(-), CD25(-), CD33(slightly bright +), CD34(-), CD36(-), CD38(variably +), CD45(+), CD56(small subset +), CD64(-), CD117(dim and variably +), CD123(variably +), HLA-DR(+), TdT(	0.233333333	6.6		Standard Chemotherapy	22.1	Yes	52.0	Dead-Disease	2	Yes	Acute Myeloid Leukaemia (AML) and Related Precursor Neoplasms	Acute Myeloid Leukaemia (AML) and Related Precursor Neoplasms	White	No	False	No	No	False	20.82	1:DECEASED	No	No	No	No	2	Female	Standard Chemotherapy
aml_ohsu_2018	aml_ohsu_2018_2213	aml_ohsu_2018_15-00572	61	84	Leukemia	AML with Maturation	No			1	7+3 (Cytarabine, Idarubicin)	1	Induction	1	Standard Chemotherapy	7+3 (Cytarabine, Idarubicin)	Induction	Normal		No	-1	Not Enough Information	Adverse	No	Yes	M2	Negative	None	Initial Acute Leukemia Diagnosis					Refractory		46,XY[20]	0					-1	Standard Chemotherapy	27	Negative		AM					91								WES + RNA-seq	Yes	Yes	Bone Marrow Aspirate	Denovo	Matched	AML with maturation	AML with maturation	partial  weak CD4 (20% positive), CD13, partial weak CD11b (60%  positive), partial weak CD15 (20% positive), CD34, CD117,  myeloperoxidase, and partial HLA-DR (60% positive)	1.533333333			Standard Chemotherapy	25	Yes	61.0	Alive	3	Yes	Acute Myeloid Leukaemia (AML) and Related Precursor Neoplasms	Acute Myeloid Leukaemia (AML) and Related Precursor Neoplasms	White	No	False	No	No	False	1.18	0:LIVING	No	No	No	No	2	Male	Standard Chemotherapy
aml_ohsu_2018	aml_ohsu_2018_1410	aml_ohsu_2018_14-00244	39	37	Leukemia	AML with Recurrent Genetic Abnormalities	No			4	7+3 (Cytarabine, Idarubicin)|FLAG-IDA (Cytarabine, Filgrastim, Fludarabine, Idarubicin)|Azacitidine|MEC (Cytarabine, Etoposide, Mitoxantrone)	4	Salvage | Unknown | Induction | Maintenance	2	Standard Chemotherapy | Supportive/Palliative Care	FLAG-IDA (Cytarabine, Filgrastim, Fludarabine, Idarubicin)	Unknown	nuc ishFGFR3,IGH)x2[200],(D5S721x2,D5S23x2,EGR1x1)[130/200],(D7Z1x1,D7S522x1)[50/200],(D8Z2,D20S108)x2[198],(RUNX1T1,RUNX1)x2[200],(5'MLL,3'MLL)x2(5'MLL con 3'MLLx2)[200],IGH,BCL2)x2[200],(PML,RARA)x2[200],(5'CBFB,3'CBFB)x2(5'CBFB con3'CBFBx2)[198]		Yes	5	Adverse	Adverse	Yes	Yes		Negative	GATA2-MECOM	Post-Chemotherapy|Residual Disease	23.9	8.3	Negative	Negative	Refractory		46,XY,t(3;3)(q21;q26.2),del(5)(q13q31)[cp12]/43~45,idem,-7[cp3]/46,XY[6]	0					6	Standard Chemotherapy	17	Negative		AMLRGA				0	26	0		17	12	44		55	WES	No	No	Bone Marrow Aspirate	After or at the time transformation from another heme malignancy	Matched	AML with inv(3)(q21q26.2) or t(3;3)(q21;q26.2); RPN1-EVI1	AML with inv(3)(q21q26.2) or t(3;3)(q21;q26.2); RPN1-EVI1	CD2(-),CD4(dim +), CD7(partial +), CD11b(partial +), CD13(+), CD14(-), CD15(partial dim +), CD16(-), CD33(slightly bright +),CD34(+), CD36(equivocal), CD38(partial dim +), CD45(+), CD56(variably +), CD64(-), CD117(+), HLA-DR(+/variable).	0.8			Standard Chemotherapy	4.3	Yes	38.0		2	Yes	Acute Myeloid Leukaemia (AML) and Related Precursor Neoplasms	Acute Myeloid Leukaemia (AML) and Related Precursor Neoplasms	HispNative	Yes	False	No	No	False			Yes	No	No	No	2	Male	Standard Chemotherapy|Supportive/Palliative Care
aml_ohsu_2018	aml_ohsu_2018_1553	aml_ohsu_2018_14-00270	39	8	Myelodysplastic Syndromes	MDS, Unclassifiable	No		0.65	4	7+3 (Cytarabine, Idarubicin)|HiDAC|Azacitidine|Clofarabine, Cytarabine	4	Hypomethylating/Low Dose Cytarabine | Salvage | Consolidation | Induction	1	Standard Chemotherapy	HiDAC	Consolidation	nuc ish(D4Z1,D10Z1)x2[200],(D5S721,D5S23,EGR1)x2[200],(D7Z1,D7S522)x2[200],(D8Z2,D20S108)x2[200],(RUNX1T1,RUNX1)x2[199],(ABL1,BCR)x2[200],(5'MLL,3'MLL)x2(5'MLL con 3'MLLx2)[200],(ETV6,RUNX1)x2[200],(PML,RARA)x2[200],(5'CBFB,3'CBFB)x2(5'CBFB con 3'CBFBx2)[		Yes	5	Intermediate-I	Intermediate	Yes	Yes		Positive	None	Post-Chemotherapy	22.7	7.7			Complete Response		46,XX[20]	0			249		5	Standard Chemotherapy	14	Negative		MDSU		73	53		2			27	6	65		13	WES	No	No	Bone Marrow Aspirate		Matched	Myelodysplastic syndrome, unclassifiable	Myelodysplastic syndrome, unclassifiable		0.8			Standard Chemotherapy	3.42	Yes	40.0		2	Yes	Myelodysplastic Syndromes	Myelodysplastic Syndromes	HispNative	Yes	True	No	No	False			Yes	No	No	No	1	Female	Standard Chemotherapy
aml_ohsu_2018	aml_ohsu_2018_584	aml_ohsu_2018_14-00111	62	20	Leukemia	AML with Maturation	No	Negative	0.75	3	7+3 (Cytarabine, Idarubicin)|HiDAC|Cyclophosphamide, Fludarabine, TBI	4	Allogeneic - Sibling | Consolidation | Induction | Re-induction	2	Standard Chemotherapy | Bone Marrow Transplant	Cyclophosphamide, Fludarabine, TBI	Allogeneic - Sibling	20/200 cells (10%) were missing a signal for D20S108 (20q12)	Negative	No	7	Intermediate-II	Intermediate	No	Yes		Negative	None	Relapse|Post-Chemotherapy	31.1	11.2	Negative		Complete Response		46,XY,del(20)(q11.2)[2]/46,XY[18]	0		Negative	177	99	-1	Bone Marrow Transplant	3	Negative	Negative	AM	4.3	114	45	1.4		1.4	0.5	33.8	4.5	58.4	0	83	WES	No	No	Bone Marrow Aspirate	Relapse	Unmatched	AML with maturation	AML with maturation	CD13, CD33, CD34, CD38, CD117, and dim HLA-DR positive	0.166666667	7.1	Negative	Standard Chemotherapy	2.22	Yes	60.0	Dead-Disease	1	Yes	Acute Myeloid Leukaemia (AML) and Related Precursor Neoplasms	Acute Myeloid Leukaemia (AML) and Related Precursor Neoplasms	White	No	False	No	No	False	42.04	1:DECEASED	No	No	No	No	1	Male	Standard Chemotherapy|Bone Marrow Transplant
aml_ohsu_2018	aml_ohsu_2018_550	aml_ohsu_2018_12-00023	71	68	Leukemia	Acute Monoblastic/Monocytic Leukemia	No	Negative	0.85	4	5+2 (Cytarabine, Idarubicin)|7+3 (Cytarabine, Idarubicin)|MiDAC|Bu/Flu/TBI (Busulfan, Fludarabine, Total Body Irradiation)	4	Allogeneic - Sibling | Consolidation | Induction | Re-induction	2	Standard Chemotherapy | Bone Marrow Transplant	Bu/Flu/TBI (Busulfan, Fludarabine, Total Body Irradiation)	Allogeneic - Sibling	Normal		Yes	7	Intermediate-I	Intermediate	Yes	No	M5	Negative	None	Initial Acute Leukemia Diagnosis	21.9	7.6	Negative	Negative	Refractory	Negative	46,XX[20]	0	Negative	Negative	313	102.9	-1	Bone Marrow Transplant		Negative	Negative	AMOL	3	14	18	0		1		30	49	3		125	RNA-seq	Yes	Yes	Bone Marrow Aspirate	Denovo	Matched	Acute monoblastic and monocytic leukaemia	Acute monoblastic and monocytic leukaemia	Blast Immunphenotype: CD13, CD33, CD34, CD38, dim CD45, CD117, CD123, and HLA-DR positive; Promonocyte Immunophenotype: CD11b, CD13, CD14, CD33, CD64, and HLA-DR		5.5		Standard Chemotherapy	14.9	No	71.0	Dead-Disease	1	Yes	Acute Myeloid Leukaemia (AML) and Related Precursor Neoplasms	Acute Myeloid Leukaemia (AML) and Related Precursor Neoplasms	White	No	False	No	No	False	13.06	1:DECEASED	No	No	No	No	1	Female	Standard Chemotherapy|Bone Marrow Transplant
aml_ohsu_2018	aml_ohsu_2018_1656	aml_ohsu_2018_14-00448	78	78	Leukemia	Therapy-Related Myeloid Neoplasms	No	Negative		1	Azacitidine, MLN4924	1	Induction	1	Standard Chemotherapy	Azacitidine, MLN4924	Induction			Yes	111	Not Enough Information	Intermediate	Yes	Yes		Negative	None	Initial Acute Leukemia Diagnosis			Positive	Negative	Refractory		46,XX[20]	0	Negative	Negative			111	Standard Chemotherapy	24	Negative	Negative	TMN					77				1				WES + RNA-seq	Yes	Yes	Peripheral Blood		Matched	Therapy-related myeloid neoplasms	Therapy-related myeloid neoplasms	CD34 and MPO, with partial CD38, CD33, CD13, CD11c, CD117 and HLADR	1.133333333		Negative	Standard Chemotherapy	5.6	Yes	78.0	Dead-Disease	4	Yes	Acute Myeloid Leukaemia (AML) and Related Precursor Neoplasms	Acute Myeloid Leukaemia (AML) and Related Precursor Neoplasms	White	No	False	No	No	False	5.3	1:DECEASED	No	No	No	No	2	Female	Standard Chemotherapy
aml_ohsu_2018	aml_ohsu_2018_1877	aml_ohsu_2018_15-00014	77	95	Leukemia	AML with Mutated NPM1	No	Negative	1.02	2	Azacitidine|Decitabine	1	Hypomethylating/Low Dose Cytarabine	1	Standard Chemotherapy	Azacitidine	Hypomethylating/Low Dose Cytarabine	1p36/1q25: 81% of cells had three signals for 1q25 and two for 1p36, consistent with the larger clone above (ie. the clone with add(1)(p22). Another 13% of cells had four signals for 1q25 and two signals for 1p36, consistent with the smaller clone above (	Negative	No		Adverse	Intermediate	No	Yes	M5	Negative	None	Initial Acute Leukemia Diagnosis	25.8	8.6	Negative	Negative		Negative	47,XX,+1,add(1)(p22)[15]/47,XX,+1,i(1)(q10)[5]	1	Negative	Negative	601	97	6	Standard Chemotherapy	25	Positive	Negative	AMLNPM1	4	10	16	0	9	0	0.9	53	0	28.7	0.8	8	WES + RNA-seq	Yes	Yes	Bone Marrow Aspirate	After or at the time transformation from another heme malignancy	Matched	AML with mutated NPM1	AML with mutated NPM1	CD4, CD11b, CD15, CD33, CD38, CD58, CD64, CD123 and partial HLA-DR positive	1.333333333	8.2	Negative		3.65	Yes	77.0	Dead-Unknown	1	Yes	Acute Myeloid Leukaemia (AML) and Related Precursor Neoplasms	Acute Myeloid Leukaemia (AML) and Related Precursor Neoplasms	White	Yes	False	No	No	False	0.53	1:DECEASED	Yes	No	No	No	1	Female	Standard Chemotherapy
aml_ohsu_2018	aml_ohsu_2018_1255	aml_ohsu_2018_13-00513	55	75	Leukemia	AML with Recurrent Genetic Abnormalities	No		1.44	4	7+3 (Cytarabine, Idarubicin)|HiDAC|MEC (Cytarabine, Etoposide, Mitoxantrone)|Decitabine	3	Consolidation | Salvage | Induction	1	Standard Chemotherapy	MEC (Cytarabine, Etoposide, Mitoxantrone)	Salvage	MLL rearrangement and t(9;11)		Yes	6	Intermediate-II	Adverse	Yes	Yes	M5	Positive	MLLT3-KMT2A	Initial Acute Leukemia Diagnosis	38.1	12.2			Complete Response		46,XY,t(9;11)(p22;q23)[20]	-274	Negative		497	87.6	4	Standard Chemotherapy	3	Positive		AMLRGA	3.8	62	31	1.4		8.5		11.4	8.5	34	0.2	32	WES + RNA-seq	Yes	Yes	Bone Marrow Aspirate	Denovo	Matched	AML with t(9;11)(p22;q23); MLLT3-MLL	AML with t(9;11)(p22;q23); MLLT3-MLL		0.1	7.9		Standard Chemotherapy	10.21	Yes	55.0	Dead-Disease	1	Yes	Acute Myeloid Leukaemia (AML) and Related Precursor Neoplasms	Acute Myeloid Leukaemia (AML) and Related Precursor Neoplasms	White	No	False	No	No	False	8.09	1:DECEASED	No	No	No	No	1	Male	Standard Chemotherapy
aml_ohsu_2018	aml_ohsu_2018_2130	aml_ohsu_2018_15-00406	59	2	Myelodysplastic Syndromes	MDS with Multilineage Dysplasia	No	p.E10K; MAF 26.7%		1	R-CVP (Rituximab, Cyclophosphamide, Vincristine, Prednisolone)	1	Unknown	1	Unknown	R-CVP (Rituximab, Cyclophosphamide, Vincristine, Prednisolone)	Unknown	positive for a low level of findings consistent with trisomy 8, seen in 1.7% of cells.		No			Adverse	No	No		Negative	None	Post-Chemotherapy			Negative	Negative		Negative	46,XX,del(9)(q21q31-33)[10]/46,XX[10]	0	Negative				-1	Unknown		Negative		MDSMD													WES + RNA-seq	No	Yes	Peripheral Blood		Unmatched	Refractory cytopenia with multilineage dysplasia	Refractory cytopenia with multilineage dysplasia						2.8	No	59.0		5	No	Myelodysplastic Syndromes	Myelodysplastic Syndromes	White	No	True	No	No	False			Yes	No	No	No	2	Female	Unknown
aml_ohsu_2018	aml_ohsu_2018_2052	aml_ohsu_2018_15-00261	43		Leukemia	Acute Myeloid Leukemia	No	Negative	0.77	3	7+3 (Cytarabine, Idarubicin)|Cytarabine|MEC (Cytarabine, Etoposide, Mitoxantrone)	3	Induction | Re-induction | Supportive/Palliative Care	2	Standard Chemotherapy | Supportive/Palliative Care	Cytarabine	Supportive/Palliative Care	Normal	Negative	Yes	6	Intermediate-I	Adverse	Yes	Yes	M4	Positive	None	Initial Acute Leukemia Diagnosis	22.1	7.5			Refractory		46,XY[20]	0		Negative	297	95.7	125	Supportive/Palliative Care	11	Negative	Negative	AML	3	26	16	0		0	0	31.9	12.4	2.6	0.1	59	WES + RNA-seq	Yes	Yes	Bone Marrow Aspirate	Denovo	Matched	Acute myelomonocytic leukaemia	Acute myelomonocytic leukaemia		0.5	6.5	Negative	Standard Chemotherapy	22.95	Yes	43.0	Dead-Disease	1	Yes	Acute Myeloid Leukaemia (AML) and Related Precursor Neoplasms	Acute Myeloid Leukaemia (AML) and Related Precursor Neoplasms	White	No	False	No	No	False	8.06	1:DECEASED	No	No	No	No	1	Female	Standard Chemotherapy|Supportive/Palliative Care
aml_ohsu_2018	aml_ohsu_2018_1400	aml_ohsu_2018_14-00004	56	95	Leukemia	AML with Mutated NPM1	No	Negative	0.97	2	7+3 (Cytarabine, Idarubicin)|HiDAC	3	Consolidation | Induction | Re-induction	1	Standard Chemotherapy	HiDAC	Consolidation	Normal	Negative	No	6	Intermediate-I	Favorable or Intermediate	No	Yes		Positive	None	Initial Acute Leukemia Diagnosis	11.1	3.7	Negative		Refractory	Negative	46,XY[20]	0	Negative	Negative	314	95.7	111	Standard Chemotherapy	15	Positive	Negative	AMLNPM1	3.4	27	16	0.8	95	0		25.6	0	0	0.7	20	WES	No	No	Peripheral Blood	Denovo	Matched	AML with mutated NPM1	AML with mutated NPM1	CD13, CD33, CD38, partial CD56 (7%), CD58, CD117, CD123, and partial MPO positive	0.766666667	7.1	Negative	Standard Chemotherapy	13.26	Yes	56.0	Alive	1	Yes	Acute Myeloid Leukaemia (AML) and Related Precursor Neoplasms	Acute Myeloid Leukaemia (AML) and Related Precursor Neoplasms	HispNative	No	False	No	No	False	7.14	0:LIVING	No	No	No	No	2	Male	Standard Chemotherapy
aml_ohsu_2018	aml_ohsu_2018_1098	aml_ohsu_2018_13-00294	36	18	Leukemia	AML with Myelodysplasia-Related Changes	No			9	Fludarabine, Melphalan|Dasatinib|7+3 (Cytarabine, Idarubicin)|HiDAC|FLAG-IDA (Cytarabine, Filgrastim, Fludarabine, Idarubicin)|Azacitidine|MEC (Cytarabine, Etoposide, Mitoxantrone)|Rituximab|Busulfan, Cyclophosphamide	7	Allogeneic - Sibling | Hypomethylating/Low Dose Cytarabine | Consolidation | Salvage | Induction | Experimental | Re-induction	4	Standard Chemotherapy | Bone Marrow Transplant | Targeted Therapy - Other | Targeted Therapy - Kinase Inhibitor(s)	Dasatinib	Experimental	nuc ish(DXZ1x2)[200]		Yes	-1	Not Enough Information	Intermediate	Yes	Yes		Negative	None	Relapse|Post-Chemotherapy|Post-Transplant	29.6	10.2			Complete Response		46,XX	-4					24	Targeted Therapy - Kinase Inhibitor(s)	2	Negative		AMLMRC				2	0	0		14	8	68		91	WES	No	No	Bone Marrow Aspirate	Transformation from another heme malignancy and Relapse	Unmatched	AML with myelodysplasia-related changes	AML with myelodysplasia-related changes		0.133333333			Standard Chemotherapy	1.3	Yes	31.0	Dead-Unknown	2	Yes	Acute Myeloid Leukaemia (AML) and Related Precursor Neoplasms	Acute Myeloid Leukaemia (AML) and Related Precursor Neoplasms	White	Yes	False	No	No	False	87.53	1:DECEASED	Yes	No	No	No	2	Female	Standard Chemotherapy|Bone Marrow Transplant|Targeted Therapy - Other|Targeted Therapy - Kinase Inhibitor(s)
aml_ohsu_2018	aml_ohsu_2018_1746	aml_ohsu_2018_14-00603	69		Leukemia	AML with Mutated NPM1	No	Negative		4	CPX-351 (Liposomal Cytarabine + Daunorubicin)|Decitabine, Midostaurin|FLAG-IDA, Gemtuzumab|MEC, Lenalidomide	3	Salvage | Induction | Re-induction	1	Standard Chemotherapy	MEC, Lenalidomide	Salvage			No	79	Not Enough Information	Favorable	No	Yes		Negative	None	Residual Disease|Post-Chemotherapy			Positive	Negative	Refractory		46,XY[22]	-8	Negative	Negative			5	Standard Chemotherapy	16	Positive	Negative	AMLNPM1													WES	No	No	Peripheral Blood		Matched	AML with mutated NPM1	AML with mutated NPM1		0.833333333		Negative	Standard Chemotherapy		Yes	69.0	Dead-Disease	4	Yes	Acute Myeloid Leukaemia (AML) and Related Precursor Neoplasms	Acute Myeloid Leukaemia (AML) and Related Precursor Neoplasms	White	No	False	No	No	False	10.0	1:DECEASED	No	No	No	No	2	Male	Standard Chemotherapy
aml_ohsu_2018	aml_ohsu_2018_17	aml_ohsu_2018_14-00334	31	93	Leukemia	AML with Mutated NPM1	No		0.8	6	7+3 (Cytarabine, Idarubicin)|HiDAC|Fludarabine, TBI|Sorafenib|Hydroxyurea|Decitabine	5	Consolidation | Induction | Experimental | Re-induction | Allogeneic - Matched Unrelated Donor	3	Standard Chemotherapy | Bone Marrow Transplant | Targeted Therapy - Kinase Inhibitor(s)	Sorafenib	Experimental	Missing 6q21 signal while having two copies each of the 6 centromere signal and the MYB (6q23) signal		No	2	Intermediate-II	Intermediate	No	Yes		Positive	None	Post-Transplant|Post-Chemotherapy|Relapse	31.6	10.9			Unknown		46,XX,del(6)(q13q23)[18]/46,XY[2]	0			527	93.5	105	Targeted Therapy - Kinase Inhibitor(s)	3	Positive		AMLNPM1	3.4	13	20	0	48	0		59.4	1.9	12.3	3.2	33	WES	No	No	Bone Marrow Aspirate	Relapse	Unmatched	AML with mutated NPM1	AML with mutated NPM1	partial CD7, variable CD13, CD33, partial CD34,CD38, CD58, CD117, CD123, and partial HLA-DR positive	0.1	6.7		Standard Chemotherapy	5.3	Yes	27.0	Dead-Disease	1	Yes	Acute Myeloid Leukaemia (AML) and Related Precursor Neoplasms	Acute Myeloid Leukaemia (AML) and Related Precursor Neoplasms	White	No	False	No	No	False	48.13	1:DECEASED	No	No	No	No	5	Female	Standard Chemotherapy|Bone Marrow Transplant|Targeted Therapy - Kinase Inhibitor(s)
aml_ohsu_2018	aml_ohsu_2018_1737	aml_ohsu_2018_14-00588	53	9	Leukemia	Pure Erythroid Leukemia	No		0.65	4	7+3 (Cytarabine, Idarubicin)|HiDAC|Busulfan, Cyclophosphamide, Thymoglobulin|Fludarabine, Cyclophosphamide, TBI	3	Consolidation | Induction | Allogeneic - Matched Unrelated Donor	2	Standard Chemotherapy | Bone Marrow Transplant	Fludarabine, Cyclophosphamide, TBI	Allogeneic - Matched Unrelated Donor	nuc ish(RUNX1T1,RUNX1)x2[200],(5'MLL,3'MLL)x2(5'MLL con 3'MLLx2)[200],(PML,RARA)x2[200], (5'CBFB,3'CBFB)x2(5'CBFB con 3'CBFBx2)[200]	R882C; MAF 43%	No	6	Intermediate-II	Intermediate	No	Yes		Negative	None	Initial Acute Leukemia Diagnosis	22.1	7.4	Negative	Negative	Complete Response		46,XX,del(9)(q22q34)[20].	-1				93.4	-1	Bone Marrow Transplant	8	Negative		PERL	3.3	14	40	0	4	0		61	10	22		38	WES + RNA-seq	Yes	Yes	Peripheral Blood	Denovo	Matched	Acute erythroid leukaemia	Acute erythroid leukaemia	CD34 (partial +), CD2(partial dim +), CD13(dim +), CD33(variably to bright +), CD25(-), CD38(+), CD45(moderately +), CD15 (partial +), CD117(+), CD123(dim +), HLA-DR(partial +), MPO(+), TdT(-), other myeloid and lymphoid antigens (-)	0.366666667	5.8		Standard Chemotherapy	2.1	Yes	53.0	Dead-Treatment	2	Yes	Acute Myeloid Leukaemia (AML) and Related Precursor Neoplasms	Acute Myeloid Leukaemia (AML) and Related Precursor Neoplasms	White	No	False	No	No	False	4.51	1:DECEASED	No	No	No	No	1	Female	Standard Chemotherapy|Bone Marrow Transplant
aml_ohsu_2018	aml_ohsu_2018_1098	aml_ohsu_2018_14-00780	38	7	Leukemia	AML with Myelodysplasia-Related Changes	No			9	Fludarabine, Melphalan|Dasatinib|7+3 (Cytarabine, Idarubicin)|HiDAC|FLAG-IDA (Cytarabine, Filgrastim, Fludarabine, Idarubicin)|Azacitidine|MEC (Cytarabine, Etoposide, Mitoxantrone)|Rituximab|Busulfan, Cyclophosphamide	7	Allogeneic - Sibling | Hypomethylating/Low Dose Cytarabine | Consolidation | Salvage | Induction | Experimental | Re-induction	4	Standard Chemotherapy | Bone Marrow Transplant | Targeted Therapy - Other | Targeted Therapy - Kinase Inhibitor(s)	Dasatinib	Experimental	nuc ish(DXZ1x2)[200]		Yes	-1	Not Enough Information	Intermediate	Yes	Yes		Negative	None	Post-Chemotherapy|Post-Transplant|Residual Disease	31.9	11			Complete Response		46,XX	-480					24	Targeted Therapy - Kinase Inhibitor(s)	5	Negative		AMLMRC	4.2	15	21		1							45	WES + RNA-seq	Yes	Yes	Bone Marrow Aspirate	After or at the time transformation from another heme malignancy	Unmatched	AML with myelodysplasia-related changes	AML with myelodysplasia-related changes		0.3	6.2		Standard Chemotherapy	2.2	Yes	31.0	Dead-Unknown	2	Yes	Acute Myeloid Leukaemia (AML) and Related Precursor Neoplasms	Acute Myeloid Leukaemia (AML) and Related Precursor Neoplasms	White	Yes	False	No	No	False	87.53	1:DECEASED	Yes	No	No	No	2	Female	Standard Chemotherapy|Bone Marrow Transplant|Targeted Therapy - Other|Targeted Therapy - Kinase Inhibitor(s)
aml_ohsu_2018	aml_ohsu_2018_1159	aml_ohsu_2018_13-00342	32	28	Leukemia	AML with Biallelic Mutations of CEBPA	Yes	Double mutation		7	7+3 (Cytarabine, Idarubicin)|HiDAC|Donor Lymphocyte Infusion|GCLAC (GCSF, Clofarabine & Cytarabine)|MEC (Cytarabine, Etoposide, Mitoxantrone)|Decitabine|Fludarabine, Cyclophosphamide, TBI	6	Allogeneic - Sibling | Consolidation | Salvage | Unknown | Induction | Re-induction	4	DLI | Standard Chemotherapy | Bone Marrow Transplant | Supportive/Palliative Care	Decitabine	Salvage		Negative	No	8	Favorable	Favorable	No	Yes		Negative	None	Relapse|Post-Chemotherapy			Negative	Negative	Complete Response		46,XY[20]	0	Negative	Negative			-1	Supportive/Palliative Care	18	Negative	Negative	AMLCEBPA					23				6				WES + RNA-seq	Yes	Yes	Bone Marrow Aspirate	Relapse	Matched	AML with mutated CEBPA	AML with mutated CEBPA	CD34, CD117, CD38, MPO, CD11c (dim),CD13, CD33, CD15, and HLA-DR,CD7 and CD56 (partial)	0.833333333		Negative	Standard Chemotherapy	4	Yes	31.0	Alive	4	Yes	Acute Myeloid Leukaemia (AML) and Related Precursor Neoplasms	Acute Myeloid Leukaemia (AML) and Related Precursor Neoplasms	Asian	No	False	No	No	False	29.67	0:LIVING	No	No	No	No	1	Male	DLI|Standard Chemotherapy|Bone Marrow Transplant|Supportive/Palliative Care
aml_ohsu_2018	aml_ohsu_2018_2073	aml_ohsu_2018_15-00287	85		Leukemia	AML with Biallelic Mutations of CEBPA	No	p.K313_V314insK; MAF 50%	0.98	1	Azacitidine	1	Hypomethylating/Low Dose Cytarabine	1	Standard Chemotherapy	Azacitidine	Hypomethylating/Low Dose Cytarabine	Normal	Negative	Yes		Favorable	Intermediate	Yes	Yes		Negative	None	Post-Chemotherapy|Residual Disease	33.2	10.7					46,XY[20]	2	Negative	Negative	289	89.5	105	Standard Chemotherapy	1	Negative	Negative	AMLCEBPA	3.5	14	15	0		2.5	0	14.6	2.4	0	0.5	8	WES + RNA-seq	Yes	Yes	Peripheral Blood		Unmatched	AML with mutated CEBPA	AML with mutated CEBPA		0.033333333	7.4	Negative		25.63	Yes	85.0	Dead-Disease	1	Yes	Acute Myeloid Leukaemia (AML) and Related Precursor Neoplasms	Acute Myeloid Leukaemia (AML) and Related Precursor Neoplasms	White	No	False	No	No	False	5.49	1:DECEASED	No	No	No	No	1	Male	Standard Chemotherapy
aml_ohsu_2018	aml_ohsu_2018_1981	aml_ohsu_2018_15-00147	30		Leukemia	AML with Biallelic Mutations of CEBPA	No		0.3	5	GCLAM (G-CSF, Cladribine, Cytarabine, and Mitoxantrone) |7+3 (Cytarabine, Idarubicin)|HiDAC|MEC (Cytarabine, Etoposide, Mitoxantrone)|Decitabine	5	Hypomethylating/Low Dose Cytarabine | Consolidation | Salvage | Induction | Re-induction	1	Standard Chemotherapy	GCLAM (G-CSF, Cladribine, Cytarabine, and Mitoxantrone)	Salvage			Yes	6	Intermediate-II	Intermediate	Yes	Yes	NOS	Negative	None	Post-Chemotherapy|Residual Disease	27.3	9.2			Complete Response		46,XX,t(2;9)(q31;p21)[17]/46,X,t(X;9)(q22;p21)[3]	-27				91.3	5	Standard Chemotherapy	5	Negative		AMLCEBPA	3.7	54	37	0		0	0	4.1	0	2.1	32.3	8	WES + RNA-seq	Yes	Yes	Peripheral Blood		Unmatched	AML with mutated CEBPA	AML with mutated CEBPA		0.2	6.3		Standard Chemotherapy	20.18	Yes	28.0	Dead-Disease	1	Yes	Acute Myeloid Leukaemia (AML) and Related Precursor Neoplasms	Acute Myeloid Leukaemia (AML) and Related Precursor Neoplasms	HispNative	No	False	No	No	False	27.73	1:DECEASED	No	No	No	No	1	Female	Standard Chemotherapy
aml_ohsu_2018	aml_ohsu_2018_29	aml_ohsu_2018_13-00007	36	90	Leukemia	AML with Mutated NPM1	No		0.92	4	7+3 (Cytarabine, Idarubicin)|HiDAC|FLAG-IDA (Cytarabine, Filgrastim, Fludarabine, Idarubicin)|MEC (Cytarabine, Etoposide, Mitoxantrone)	4	Consolidation | Salvage | Induction | Re-induction	1	Standard Chemotherapy	FLAG-IDA (Cytarabine, Filgrastim, Fludarabine, Idarubicin)	Salvage	Normal		Yes	6	Adverse	Intermediate	Yes	No		Positive	None	Post-Chemotherapy|Residual Relapse	25.5	9.1			Complete Response		46,XY,add(17)(p13)[19]/46,XY[1]	0			123	85	43	Standard Chemotherapy		Positive		AMLNPM1	2.8	43	11	1	30	0		46	30	8		14	RNA-seq	Yes	Yes	Bone Marrow Aspirate		Matched	AML with mutated NPM1	AML with mutated NPM1	partial CD7, CD13, CD33, CD38, dim CD45, dimCD58, CD117, CD123, and HLA-DR		5.8		Standard Chemotherapy	0.6	No	34.0	Dead-Unknown	1	Yes	Acute Myeloid Leukaemia (AML) and Related Precursor Neoplasms	Acute Myeloid Leukaemia (AML) and Related Precursor Neoplasms	White	No	False	No	No	False	19.57	1:DECEASED	No	No	No	No	1	Male	Standard Chemotherapy
aml_ohsu_2018	aml_ohsu_2018_1783	aml_ohsu_2018_14-00667	57		Leukemia	AML with Myelodysplasia-Related Changes	No	Negative	0.78	3	7+3 (Cytarabine, Idarubicin)|HiDAC|Fludarabine, Melphalan, TBI	3	Allogeneic - Sibling | Consolidation | Induction	2	Standard Chemotherapy | Bone Marrow Transplant	Fludarabine, Melphalan, TBI	Allogeneic - Sibling	Normal	Negative	No	371	Intermediate-I	Adverse	No	Yes		Negative	None	Initial Acute Leukemia Diagnosis	29.6	10.1	Negative	Negative	Complete Response	Negative	46,XY[20]	-1	Negative	Negative	160	93.7	-1	Bone Marrow Transplant	23	Negative	Negative	AMLMRC	3.4	82	52	0.3		0	0.6	32.6	14.7	51.8	0	91	WES + RNA-seq	Yes	Yes	Bone Marrow Aspirate	Denovo	Matched	AML with myelodysplasia-related changes	AML with myelodysplasia-related changes	CD13, CD33, CD34, CD38, CD58, CD117, CD123, and HLA-DR+	1.3	7.5	Negative	Standard Chemotherapy	3.53	Yes	57.0	Dead-Treatment	1	Yes	Acute Myeloid Leukaemia (AML) and Related Precursor Neoplasms	Acute Myeloid Leukaemia (AML) and Related Precursor Neoplasms	White	No	False	No	No	False	8.06	1:DECEASED	No	No	No	No	1	Male	Standard Chemotherapy|Bone Marrow Transplant
aml_ohsu_2018	aml_ohsu_2018_1286	aml_ohsu_2018_13-00546	72		Leukemia	AML with Recurrent Genetic Abnormalities	No	Negative		4	Dasatinib|7+3 (Cytarabine, Idarubicin)|Azacitidine|Decitabine	4	Hypomethylating/Low Dose Cytarabine | Induction | Experimental | Maintenance	2	Standard Chemotherapy | Targeted Therapy - Kinase Inhibitor(s)	Azacitidine	Hypomethylating/Low Dose Cytarabine		Negative	Yes	-1	Adverse	Adverse	Yes	No		Negative	GATA2-MECOM	Post-Chemotherapy|Residual Disease			Negative	Negative	Refractory		45,XY,-7,t(3;3)[20]	2	Negative	Negative			-1	Standard Chemotherapy		Negative	Negative	AMLRGA													RNA-seq	Yes	Yes	Bone Marrow Aspirate		Matched	AML with inv(3)(q21q26.2) or t(3;3)(q21;q26.2); RPN1-EVI1	AML with inv(3)(q21q26.2) or t(3;3)(q21;q26.2); RPN1-EVI1				Negative	Standard Chemotherapy		No	71.0	Dead-Disease	4	Yes	Acute Myeloid Leukaemia (AML) and Related Precursor Neoplasms	Acute Myeloid Leukaemia (AML) and Related Precursor Neoplasms	White	No	False	No	No	False	18.26	1:DECEASED	No	No	No	No	2	Male	Standard Chemotherapy|Targeted Therapy - Kinase Inhibitor(s)
aml_ohsu_2018	aml_ohsu_2018_1707	aml_ohsu_2018_14-00536	70	78	Leukemia	Therapy-Related Myeloid Neoplasms	No	Negative	0.5	3	7+3 (Cytarabine, Idarubicin)|Lenalidomide|Azacitidine	2	Unknown | Induction	2	Standard Chemotherapy | Unknown	7+3 (Cytarabine, Idarubicin)	Induction	5q deletion	p.R882H; MAF 37%	No	75	Adverse	Adverse	No	Yes		Negative	None	Residual Disease	24.9	8.5	p.R132C; MAF 37%	Negative	Unknown	Negative	47,XX,del(5)(q22q35),+8[20]	0	Negative		158	86.5	8	Standard Chemotherapy	16	Negative		TMN	2.5	9	8	0	15	0	0	75	0.9	10.7	0	26	WES	No	No	Bone Marrow Aspirate		Matched	Therapy-related myeloid neoplasms	Therapy-related myeloid neoplasms	CD13, partial CD33, CD34, CD38, dimCD45, CD58, partial CD64, CD117, HLA-DR, and MPO positive.	0.9	5.9	p.I251M; MAF 34%	Standard Chemotherapy	1.75	Yes	69.0	Dead-Disease	1	Yes	Acute Myeloid Leukaemia (AML) and Related Precursor Neoplasms	Acute Myeloid Leukaemia (AML) and Related Precursor Neoplasms	White	No	False	No	No	False	11.32	1:DECEASED	No	No	No	No	1	Female	Standard Chemotherapy|Unknown
aml_ohsu_2018	aml_ohsu_2018_1105	aml_ohsu_2018_13-00247	53		Leukemia	AML with t(8;21)(q22;q22.1);RUNX1-RUNX1T1	No	Negative		2	7+3 (Cytarabine, Idarubicin)|HiDAC	2	Consolidation | Induction	1	Standard Chemotherapy	HiDAC	Consolidation	RUNX1T1/RUNX1 fusion	Negative	No	6	Favorable	Favorable	No	Yes		Negative	RUNX1-RUNX1T1	Initial Acute Leukemia Diagnosis			Negative		Complete Response		46,XX,t(8;21)(q21.3;q22)[18]/46,XX[2]	-4		Negative	588		109	Standard Chemotherapy	14	Negative	Negative	AMLRUNX1RUNX1T1					22								WES	No	No	Peripheral Blood	Denovo	Matched	AML with t(8;21)(q22;q22); RUNX1-RUNX1T1	AML with t(8;21)(q22;q22); RUNX1-RUNX1T1		0.633333333		Negative	Standard Chemotherapy	5.1	Yes	53.0	Alive	1	Yes	Acute Myeloid Leukaemia (AML) and Related Precursor Neoplasms	Acute Myeloid Leukaemia (AML) and Related Precursor Neoplasms	White	No	False	No	No	False	6.55	0:LIVING	No	No	No	No	1	Female	Standard Chemotherapy
aml_ohsu_2018	aml_ohsu_2018_2420	aml_ohsu_2018_15-00900	24		Leukemia	Acute Myeloid Leukemia	No		0.95	5	7+3 (Cytarabine, Idarubicin)|HAM (Cytarabine, Mitoxantrone)|Azacitidine|Decitabine|Busulfan, Cyclophosphamide	5	Hypomethylating/Low Dose Cytarabine | Consolidation | Induction | Allogeneic - Mismatched Unrelated Donor | Re-induction	2	Standard Chemotherapy | Bone Marrow Transplant	Busulfan, Cyclophosphamide	Allogeneic - Mismatched Unrelated Donor	Normal		Yes	7	Not Enough Information	Intermediate	Yes	Yes		Negative	None	Initial Acute Leukemia Diagnosis	32.3	11.3			Refractory		46,XY[20]	0			243	92.8	-1	Bone Marrow Transplant	13	Negative	p.G12C; MAF 40%	AML	3.7	37	28	0		1.8	0.9	23.9	23	7.9	0	102	WES + RNA-seq	Yes	Yes	Peripheral Blood	Denovo	Matched	Acute myelomonocytic leukaemia	Acute myelomonocytic leukaemia		0.7	7.1		Standard Chemotherapy	21.84	Yes	24.0	Alive	1	Yes	Acute Myeloid Leukaemia (AML) and Related Precursor Neoplasms	Acute Myeloid Leukaemia (AML) and Related Precursor Neoplasms	White	No	False	No	No	False	6.15	0:LIVING	No	No	No	No	2	Male	Standard Chemotherapy|Bone Marrow Transplant
aml_ohsu_2018	aml_ohsu_2018_1061	aml_ohsu_2018_13-00166	67		Leukemia	AML with Maturation	No		1.01	8	GCLAM (G-CSF, Cladribine, Cytarabine, and Mitoxantrone) |7+3 (Cytarabine, Idarubicin)|HiDAC|HAM (Cytarabine, Mitoxantrone)|FLAG-IDA (Cytarabine, Filgrastim, Fludarabine, Idarubicin)|Azacitidine|MEC (Cytarabine, Etoposide, Mitoxantrone)|Cladribine	6	Hypomethylating/Low Dose Cytarabine | Salvage | Consolidation | Unknown | Induction | Re-induction	1	Standard Chemotherapy	Cladribine	Unknown			Yes	6	Intermediate-II	Intermediate	Yes	Yes	M2	Negative	Unknown	Post-Chemotherapy|Residual Relapse	28.1	9.3			Refractory			0			132	93.5	5	Standard Chemotherapy	4	Negative		AM	3.6	18	10	0	77	0		15	1	3		22	WES + RNA-seq	Yes	Yes	Peripheral Blood		Unmatched	AML with maturation	AML with maturation		0.233333333	6.3		Standard Chemotherapy	19.5	Yes	65.0	Dead-Unknown	1	Yes	Acute Myeloid Leukaemia (AML) and Related Precursor Neoplasms	Acute Myeloid Leukaemia (AML) and Related Precursor Neoplasms	White	No	False	No	No	False	33.55	1:DECEASED	No	No	No	No	1	Male	Standard Chemotherapy
aml_ohsu_2018	aml_ohsu_2018_1377	aml_ohsu_2018_13-00622	48	36	Leukemia	AML with Recurrent Genetic Abnormalities	No			5	S0919 Trial (Pravastatin, Idarubicin, Cytarabine)|7+3 (Cytarabine, Idarubicin)|FLAG-IDA (Cytarabine, Filgrastim, Fludarabine, Idarubicin)|Lenalidomide|Decitabine	3	Hypomethylating/Low Dose Cytarabine | Induction | Re-induction	1	Standard Chemotherapy	S0919 Trial (Pravastatin, Idarubicin, Cytarabine)	Re-induction			No	-1	Adverse	Adverse	No	Yes	M1	Negative	GATA2-MECOM	Residual Disease|Post-Chemotherapy					Refractory		45,XX,?add(2)(q35~37),inv(3)(q21q26),-7[4]/46,XX[1]	0					-1	Standard Chemotherapy	15	Negative		AMLRGA					0				15				WES	No	No	Bone Marrow Aspirate		Matched	AML with inv(3)(q21q26.2) or t(3;3)(q21;q26.2); RPN1-EVI1	AML with inv(3)(q21q26.2) or t(3;3)(q21;q26.2); RPN1-EVI1	CD38, CD7, CD13, partial CD33, partial CD11c, dim CD5, dim CD19, CD4, HLA-DR, partial CD15, and partial CD117	0.833333333			Standard Chemotherapy	0.3	Yes	48.0	Dead-Other	4	Yes	Acute Myeloid Leukaemia (AML) and Related Precursor Neoplasms	Acute Myeloid Leukaemia (AML) and Related Precursor Neoplasms	White	No	False	No	No	False	4.05	1:DECEASED	No	No	No	No	1	Female	Standard Chemotherapy
aml_ohsu_2018	aml_ohsu_2018_1343	aml_ohsu_2018_13-00563	64		Leukemia	AML with Myelodysplasia-Related Changes	No	Negative		2	Fludarabine, BCNU, Melphalan|Decitabine, Midostaurin	2	Allogeneic - Sibling | Induction	2	Standard Chemotherapy | Bone Marrow Transplant	Fludarabine, BCNU, Melphalan	Allogeneic - Sibling		Negative	No	249	Not Enough Information	Adverse	No	Yes		Positive	None	Initial Acute Leukemia Diagnosis			Negative	Negative	Complete Response		46,XX,t(2;3)(p13;q25~26)[2]/46,idem,i(14)(q10)[18]	-2	Negative	Negative			-1	Bone Marrow Transplant	27	Negative	Negative	AMLMRC													WES + RNA-seq	Yes	Yes	Peripheral Blood	Denovo	Matched	AML with myelodysplasia-related changes	AML with myelodysplasia-related changes		1.533333333		Negative	Standard Chemotherapy		Yes	64.0	Alive	4	Yes	Acute Myeloid Leukaemia (AML) and Related Precursor Neoplasms	Acute Myeloid Leukaemia (AML) and Related Precursor Neoplasms	White	No	False	No	No	False	33.59	0:LIVING	No	No	No	No	1	Female	Standard Chemotherapy|Bone Marrow Transplant
aml_ohsu_2018	aml_ohsu_2018_1247	aml_ohsu_2018_13-00496	33	72	Leukemia	AML with inv(16)(p13.1q22) or t(16;16)(p13.1;q22);CBFB-MYH11	No	Negative		2	7+3 (Cytarabine, Idarubicin)|HiDAC	2	Consolidation | Induction	1	Standard Chemotherapy	HiDAC	Consolidation	nuc ish(D5S721,D5S23,EGR1)x2[200],(D7Z1,D7S522)x2[200],(D8Z2x3, D20S108x2)[7/200],(RUNX1T1,RUNX1)x2[197],(5'MLL,3'MLL)x2(5'MLL con 3'MLLx2)[200],(PML,RARA)x2[198], (CBFBx2)(5CBFB sep 3CBFBx1)[140/200]		No	-1	Favorable	Favorable	No	Yes		Negative	CBFB-MYH11	Initial Acute Leukemia Diagnosis	25.9	9			Complete Response		47,XX,inv(16)(p13.1q22),+22	0	Negative				103	Standard Chemotherapy	1	Negative		AMLCBFBMYH11	3.4	85	30	0	18	0		38	26	3		18	WES + RNA-seq	Yes	Yes	Peripheral Blood	Denovo	Matched	AML with inv(16)(p13.1q22) or t(16;16)(p13.1;q22); CBFB-MYH11	AML with inv(16)(p13.1q22) or t(16;16)(p13.1;q22); CBFB-MYH11	CD2(-), CD7(-), CD11b(-), CD13(variably +), CD14(-), CD15(variably +), CD16(-), CD33(+), CD34(variably +), CD36(-), CD38(+), CD45(+), CD56(-), CD64(partial +), CD117(+), HLA-DR(+)	0.033333333	6.1		Standard Chemotherapy	26.3	Yes	33.0	Alive	2	Yes	Acute Myeloid Leukaemia (AML) and Related Precursor Neoplasms	Acute Myeloid Leukaemia (AML) and Related Precursor Neoplasms	White	No	False	No	No	False	48.68	0:LIVING	No	No	No	No	2	Female	Standard Chemotherapy
aml_ohsu_2018	aml_ohsu_2018_2337	aml_ohsu_2018_15-00964	54		Leukemia	AML with Mutated NPM1	No		0.86	4	HAM (Cytarabine, Mitoxantrone)|3+7 (Cytarabine, Daunorubicin)|Sorafenib|Hydroxyurea	4	Induction | Experimental | Re-induction | Maintenance	2	Standard Chemotherapy | Targeted Therapy - Kinase Inhibitor(s)	Sorafenib	Experimental	Normal	p.R882C; MAF 45%	Yes	6	Not Enough Information	Adverse	Yes	Yes		Positive	None	Residual Disease|Post-Chemotherapy	22.9	7.6			Unknown		46,XY,t(7;17)(q22;q21)[3]/46,XY,t(2;4)(q33;q25),del(9)(q2?1;q3?2),add(17)(q21)[cp3]/46,XY,t(1;2)(q31;p25),inv(9)(q3?1q34)[2]/46,XY,t(13;14)(q14;q32)[cp2]/46,XY,add(3)(p24)[1]/46,XY[3]	-10			346	92.3	-1	Targeted Therapy - Kinase Inhibitor(s)	17	Positive		AMLNPM1	2.6	41	36	0		0	0	14.3	2.4	3.2	1.3	23	WES	No	No	Peripheral Blood		Matched	AML with mutated NPM1	AML with mutated NPM1		0.933333333	5.9		Standard Chemotherapy	19.3	Yes	53.0	Dead-Disease	1	Yes	Acute Myeloid Leukaemia (AML) and Related Precursor Neoplasms	Acute Myeloid Leukaemia (AML) and Related Precursor Neoplasms	White	No	False	No	No	False	5.53	1:DECEASED	No	No	No	No	4	Male	Standard Chemotherapy|Targeted Therapy - Kinase Inhibitor(s)
aml_ohsu_2018	aml_ohsu_2018_2426	aml_ohsu_2018_15-00912	77	86	Leukemia	Therapy-Related Myeloid Neoplasms	No		0.62	1	Azacitidine	1	Unknown	1	Unknown	Azacitidine	Unknown			Yes		Adverse	Adverse	Yes	Yes		Negative	None	Residual Disease|Post-Chemotherapy	24.3	7.8					48-51,XX,del(4)(q25),del(5)(q11.2),-17,-18,+22,+3-5mar[20]	0				84.1	424	Unknown	1	Negative		TMN	2.9	32	20		50	1		14	5	20		27	WES + RNA-seq	Yes	Yes	Bone Marrow Aspirate		Unmatched	Therapy-related myeloid neoplasms	Therapy-related myeloid neoplasms	POSITIVE FOR DIM CD45, HLADR, CD34, CD117, CD13, CD33, CD43, CD81, CD58.	0.033333333	5.4			14.3	Yes	76.0	Dead-Unknown	6	Yes	Acute Myeloid Leukaemia (AML) and Related Precursor Neoplasms	Acute Myeloid Leukaemia (AML) and Related Precursor Neoplasms	White	No	False	No	No	False	4.97	1:DECEASED	No	No	No	Yes	1	Female	Unknown
aml_ohsu_2018	aml_ohsu_2018_1554	aml_ohsu_2018_14-00272	34	87	Leukemia	AML with Biallelic Mutations of CEBPA	Yes	Double positive: p.Ser17Profs*99 and p.Lys313dup		2	7+3 (Cytarabine, Idarubicin)|HiDAC	2	Consolidation | Induction	1	Standard Chemotherapy	HiDAC	Consolidation			Yes	24	Favorable	Favorable	Yes	Yes		Negative	None	Initial Acute Leukemia Diagnosis			Negative	Negative	Complete Response		46,XX[20]	-1	Negative	Positive			105	Standard Chemotherapy	11	Negative	Negative	AMLCEBPA					87				0				WES	No	No	Bone Marrow Aspirate	Denovo	Matched	AML with mutated CEBPA	AML with mutated CEBPA	CD34, CD117,partial CD13, CD33, CD38, partial CD64, dim CD7, variable CD15, HLA-DR and bright MPO	0.6		Negative	Standard Chemotherapy	99.3	Yes	34.0	Alive	4	Yes	Acute Myeloid Leukaemia (AML) and Related Precursor Neoplasms	Acute Myeloid Leukaemia (AML) and Related Precursor Neoplasms	HispNative	No	False	No	No	False	27.4	0:LIVING	No	No	No	No	2	Female	Standard Chemotherapy
aml_ohsu_2018	aml_ohsu_2018_2492	aml_ohsu_2018_16-00062	63	6	Myelodysplastic Syndromes	MDS, Unclassifiable	No			1	Azacitidine	1	Hypomethylating/Low Dose Cytarabine	1	Standard Chemotherapy	Azacitidine	Hypomethylating/Low Dose Cytarabine	nuc ish (D5S2064x2,D5S630x2,EGR1x1)[62/200],(D7Z1x2,D7S522x1)[79/200],(D8Z2,D20S108)x2[198],(RUNX1T1x2, RUNX1x3)[10/200],(5'MLL,3'MLL)x3~5(5'MLL con 3'MLLx3~5)[22/200],(PML,RARA)x2[200],(5'CBFB,3'CBFB)x2 (5'CBFB con 3'CBFBx2)[200]		No			Adverse	No	Yes		Negative	None	Residual Disease	26.7	8.8	Negative	Negative			46,XX,add(5)(q11.2),inv(9)(p11q12)c[1]/46,idem,add(4)(p14),-add(5),+del(5)(q31q35),del(7)(q11.2q34),add(18)(q23) [cp4]/45,idem,-7,der(12)inv(12)(p13q24.1)add(12)(p13),-18,der(21)t(1;21)(p13;p11.2),+mar[cp11]/46,XX[4].	0				91.8	-1	Standard Chemotherapy	12	Negative		MDSU				0.3		3		54.1	3.7	38.4		31	WES	No	No	Bone Marrow Aspirate		Matched	Myelodysplastic syndrome, unclassifiable	Myelodysplastic syndrome, unclassifiable	The cytospin and smear preparations reveal maturing hematopoietic precursors and scattered small lymphocytes.	0.633333333		H193Y; MAF 65.0%		2.68	Yes	63.0		2	Yes	Myelodysplastic Syndromes	Myelodysplastic Syndromes	White	No	True	No	No	False			Yes	No	No	No	1	Female	Standard Chemotherapy
aml_ohsu_2018	aml_ohsu_2018_2235	aml_ohsu_2018_15-00615	24		Leukemia	AML with Biallelic Mutations of CEBPA	No	p.Gln41fs; MAF 4%		6	Busulfan, Fludarabine|7+3 (Cytarabine, Idarubicin)|HiDAC|CLAG (Cladribine, Cytarabine, Filgrastim)|Azacitidine|CLAG-M (Cladribine, Cytarabine, Mitoxantrone, Filgrastim)	5	Allogeneic - Sibling | Consolidation | Salvage | Induction | Re-induction	2	Standard Chemotherapy | Bone Marrow Transplant	Busulfan, Fludarabine	Allogeneic - Sibling	Normal		Yes	-1	Intermediate-I	Adverse	Yes	Yes		Positive	None	Initial Acute Leukemia Diagnosis					Refractory		46,XX[20]	-3					-1	Bone Marrow Transplant	13	Negative		AMLCEBPA													WES + RNA-seq	Yes	Yes	Leukapheresis	Denovo	Matched	AML with mutated CEBPA	AML with mutated CEBPA		0.733333333			Standard Chemotherapy		Yes	24.0	Dead-Disease	3	Yes	Acute Myeloid Leukaemia (AML) and Related Precursor Neoplasms	Acute Myeloid Leukaemia (AML) and Related Precursor Neoplasms	Asian	No	False	No	No	False	20.82	1:DECEASED	No	No	No	No	1	Female	Standard Chemotherapy|Bone Marrow Transplant
aml_ohsu_2018	aml_ohsu_2018_1243	aml_ohsu_2018_13-00487	35	49.4	Leukemia	AML with inv(16)(p13.1q22) or t(16;16)(p13.1;q22);CBFB-MYH11	No	Negative	0.88	2	7+3 (Cytarabine, Idarubicin)|HiDAC	2	Consolidation | Induction	1	Standard Chemotherapy	HiDAC	Consolidation	Trisomy 22		Yes	6	Favorable	Favorable	Yes	Yes	M4	Negative	CBFB-MYH11	Initial Acute Leukemia Diagnosis	14.3	4.8	Negative	Negative	Complete Response	Negative	46,XX,t(16;16)(p13.1;q22)[16]/47,idem,+22[4]	0		Negative	505	100.7	94	Standard Chemotherapy	1	Negative	G13D; MAF 6%	AMLCBFBMYH11	3.1	20	17	0	28.6	1.8		19.6	37.5	7.1	0	36	WES + RNA-seq	Yes	Yes	Bone Marrow Aspirate	Denovo	Matched	AML with inv(16)(p13.1q22) or t(16;16)(p13.1;q22); CBFB-MYH11	AML with inv(16)(p13.1q22) or t(16;16)(p13.1;q22); CBFB-MYH11	Myeloid blasts (21%): CD13, CD33, CD34, CD38, CD58, CD117, CD123, HLA-DR, and MPO positive. Promonocytic/monocytic cells (55%): CD11b, CD13, CD14, CD33, dim/partial CD34, CD38, CD58, CD64, variable CD123, HLA-DR, and MPO-positive.	0.033333333	7.8	Negative	Standard Chemotherapy	49.4	Yes	35.0	Alive	1	Yes	Acute Myeloid Leukaemia (AML) and Related Precursor Neoplasms	Acute Myeloid Leukaemia (AML) and Related Precursor Neoplasms	White	No	False	No	No	False	11.78	0:LIVING	No	No	No	No	1	Female	Standard Chemotherapy
aml_ohsu_2018	aml_ohsu_2018_1119	aml_ohsu_2018_13-00266	77		Leukemia	AML with Myelodysplasia-Related Changes	No	Negative		1	7+3 (Cytarabine, Idarubicin)	1	Induction	1	Standard Chemotherapy	7+3 (Cytarabine, Idarubicin)	Induction	Monosomy 7	Negative	Yes	7	Adverse	Adverse	Yes	No		Negative	None	Initial Acute Leukemia Diagnosis			Negative		Refractory	Negative	46,XY,-7,+13,i(17)(q10)[20]	1	Negative	Negative			7	Standard Chemotherapy		Negative	Negative	AMLMRC					47								RNA-seq	Yes	Yes	Peripheral Blood	Denovo	Matched	AML with myelodysplasia-related changes	AML with myelodysplasia-related changes	CD13, CD33, CD34, CD117, dim CD123, and HLA-DR-positive			Negative	Standard Chemotherapy	25.3	No	77.0	Dead-Disease	1	Yes	Acute Myeloid Leukaemia (AML) and Related Precursor Neoplasms	Acute Myeloid Leukaemia (AML) and Related Precursor Neoplasms	White	No	False	No	No	False	4.24	1:DECEASED	No	No	No	No	1	Male	Standard Chemotherapy
aml_ohsu_2018	aml_ohsu_2018_2120	aml_ohsu_2018_15-00396	3	35	Leukemia	Acute Megakaryoblastic Leukemia	No		0.21	5	FLAG (Fludarabine, High-dose Cytarabine, G-CSF)|Busulfan, Cyclophosphamide, Thymoglobulin|Etoposide|COG-AAML0531 (Cytarabine, Daunorubicin, Etoposide, L-Asparaginase, Mitoxantrone +/- Gemtuzumab)|Doxorubicin	4	Induction | Allogeneic - Mismatched Unrelated Donor | Re-induction | Maintenance	2	Standard Chemotherapy | Bone Marrow Transplant	Etoposide	Maintenance	37% trisomy 21, 38.5% XX, 61.5% XY (donor)		Yes	-1	Adverse	Adverse	Yes	Yes		Negative	None	Relapse|Post-Transplant|Post-Chemotherapy	29.6	9.3			Complete Response		48,XX,+14,der(14)t(14;17)(q32;q21),+21[10]/46,XY[10]	0				86.5	-1	Standard Chemotherapy	2	Negative		AMKL				0	7	0	0	16.1	9.8	68.7	0	247	WES	No	No	Bone Marrow Aspirate	Relapse	Unmatched	Acute megakaryoblastic leukaemia	Acute megakaryoblastic leukaemia	partial CD7, dim/partial CD33, CD34, CD38, CD56, CD58,  and CD117 positive	0.1			Standard Chemotherapy	3.87	Yes	1.0	Dead-Disease	1	Yes	Acute Myeloid Leukaemia (AML) and Related Precursor Neoplasms	Acute Myeloid Leukaemia (AML) and Related Precursor Neoplasms	HispNative	No	False	No	No	False	25.69	1:DECEASED	No	No	No	No	1	Female	Standard Chemotherapy|Bone Marrow Transplant
aml_ohsu_2018	aml_ohsu_2018_1396	aml_ohsu_2018_13-00658	60	30	Leukemia	AML with Mutated NPM1	No	p. Q83fs*27 (c.245?246insTGTTCCA); MAF 50%	1.22	2	7+3 (Cytarabine, Idarubicin)|MiDAC	2	Consolidation | Induction	1	Standard Chemotherapy	MiDAC	Consolidation	Normal	Negative	Yes	6	Favorable	Favorable	Yes	Yes		Negative	None	Initial Acute Leukemia Diagnosis	30.6	10.6	Negative	Negative	Complete Response	Negative	46,XY[21]	0	Negative	Negative	536	95.6	114	Standard Chemotherapy	5	Positive	Negative	AMLNPM1	3.5	49	23	0.8	42.4	4.5		19.7	8.3	15.9	0.3	141	WES + RNA-seq	Yes	Yes	Bone Marrow Aspirate	Denovo	Unmatched	AML with mutated NPM1	AML with mutated NPM1	CD7, CD13, CD33, partial CD34, CD38, CD58, CD117, CD123,HLA-DR, and MPO positive	0.166666667	7.2	Negative	Standard Chemotherapy	11.93	Yes	60.0	Alive	1	Yes	Acute Myeloid Leukaemia (AML) and Related Precursor Neoplasms	Acute Myeloid Leukaemia (AML) and Related Precursor Neoplasms	White	No	False	No	No	False	6.61	0:LIVING	No	No	No	No	1	Male	Standard Chemotherapy
aml_ohsu_2018	aml_ohsu_2018_2001	aml_ohsu_2018_15-00829	68		Leukemia	Therapy-Related Myeloid Neoplasms	No			4	AG-120|MEC (Cytarabine, Etoposide, Mitoxantrone)|Sorafenib|Hydroxyurea	3	Salvage | Experimental | Supportive/Palliative Care	4	Standard Chemotherapy | Supportive/Palliative Care | Targeted Therapy - Kinase Inhibitor(s) | Targeted Therapy - Other	Sorafenib	Experimental	nuc ish(DXZ1x2)[181]//(DXZ1,DYZ3)x1[19] nuc ish(RUNX1T1,RUNX1)x2[199],(5'MLL,3'MLL)x3(5'MLL con 3'MLLx3)[176/200],(PML,RARA)x2[196], (5'CBFB,3'CBFB)x2(5'CBFB con 3'CBFBx2)[199]		Yes		Intermediate-II	Adverse	Yes	Yes		Positive	None	Post-Chemotherapy|Post-DLI|Post-Transplant|Residual Disease	20.4	6.8	p.R132G; MAF 51%	Negative			47,XX,+11[5]/48,idem,+19[15]	-17					-1	Targeted Therapy - Kinase Inhibitor(s)	3	Negative		TMN	4.1	18	25									24	WES + RNA-seq	Yes	Yes	Peripheral Blood		Unmatched	Therapy-related myeloid neoplasms	Therapy-related myeloid neoplasms		0.166666667	7.4	p.R283C; MAF 49%		27.5	Yes	67.0	Dead-Disease	2	Yes	Acute Myeloid Leukaemia (AML) and Related Precursor Neoplasms	Acute Myeloid Leukaemia (AML) and Related Precursor Neoplasms	Black	No	False	No	No	False	14.77	1:DECEASED	No	No	No	No	2	Female	Standard Chemotherapy|Supportive/Palliative Care|Targeted Therapy - Kinase Inhibitor(s)|Targeted Therapy - Other
aml_ohsu_2018	aml_ohsu_2018_1194	aml_ohsu_2018_13-00420	75		Leukemia	AML, NOS	No			5	7+3 (Cytarabine, Idarubicin)|HiDAC|Azacitidine|MEC (Cytarabine, Etoposide, Mitoxantrone)|Decitabine	4	Consolidation | Induction | Re-induction | Maintenance	1	Standard Chemotherapy	Azacitidine	Maintenance	nuc ish (D8Z2x3~4)[134/200],(D15Z4x3)[114/200]		Yes	-1	Adverse	Adverse	Yes	Yes		Negative	None	Residual Disease|Post-Chemotherapy					Complete Response		47,XY,+8,inv(9)(p11q12)c[1]/48,idem,+3[5]/49,idem,+3,+15[1]/50,idem,+3,+8,+mar(8]/46,XY,inv(9}(p11q12)c[5]	-98					34	Standard Chemotherapy	37	Negative		AMLNOS													WES + RNA-seq	Yes	Yes	Peripheral Blood		Matched	Acute myeloid leukaemia, NOS	Acute myeloid leukaemia, NOS		2.233333333			Standard Chemotherapy		Yes	75.0	Dead-Disease	2	Yes	Acute Myeloid Leukaemia (AML) and Related Precursor Neoplasms	Acute Myeloid Leukaemia (AML) and Related Precursor Neoplasms	White	No	False	No	No	False	12.6	1:DECEASED	No	No	No	No	1	Male	Standard Chemotherapy
aml_ohsu_2018	aml_ohsu_2018_1378	aml_ohsu_2018_13-00625	21	66	Leukemia	AML with Myelodysplasia-Related Changes	No	Negative		2	SWOG S1203 (7+3 +/- Vorinostat)|Fludarabine, Cyclophosphamide, TBI	2	Allogeneic - Sibling | Induction	2	Standard Chemotherapy | Bone Marrow Transplant	Fludarabine, Cyclophosphamide, TBI	Allogeneic - Sibling		Negative	No	177	Adverse	Adverse	No	Yes	M1	Negative	None	Initial Acute Leukemia Diagnosis			Negative	Negative	Complete Response		45,XY,-7[6]/47,XY,+13[cp5]/46,XY[12]	0	Negative	Negative			-1	Bone Marrow Transplant	16	Negative	Positive	AMLMRC					1				17				WES + RNA-seq	Yes	Yes	Bone Marrow Aspirate	Denovo	Matched	AML with myelodysplasia-related changes	AML with myelodysplasia-related changes	CD34, CD4, CD13, CD15, partial CD33, CD38, partial CD117, partial CD11c, HLA-DR, MPO and TdT	0.8		Negative	Standard Chemotherapy	2.1	Yes	21.0	Alive	4	Yes	Acute Myeloid Leukaemia (AML) and Related Precursor Neoplasms	Acute Myeloid Leukaemia (AML) and Related Precursor Neoplasms	White	No	False	No	No	False	19.9	0:LIVING	No	No	No	No	1	Male	Standard Chemotherapy|Bone Marrow Transplant
aml_ohsu_2018	aml_ohsu_2018_2429	aml_ohsu_2018_15-00921	74		Leukemia	AML, NOS	No		0.8	4	5+2 (Cytarabine, Idarubicin)|7+3 (Cytarabine, Idarubicin)|ATRA (Tretinoin)|MiDAC	2	Consolidation | Induction	1	Standard Chemotherapy	MiDAC	Consolidation	Normal		No	8	Not Enough Information	Unknown	No	No			None	Post-Chemotherapy	38.7	13			Refractory		46,XX[20]	-105				102.9	3	Standard Chemotherapy				AMLNOS	4.3	30	36	0.9		1.9	0.2	27.7	3.5	65.8	0	206	RNA-seq	Yes	Yes	Peripheral Blood		Matched	Acute myeloid leukaemia, NOS	Acute myeloid leukaemia, NOS			7.3		Standard Chemotherapy	4.26	No	75.0	Alive	1	Yes	Acute Myeloid Leukaemia (AML) and Related Precursor Neoplasms	Acute Myeloid Leukaemia (AML) and Related Precursor Neoplasms	White	No	False	No	No	False	8.39	0:LIVING	No	No	No	No	2	Female	Standard Chemotherapy
aml_ohsu_2018	aml_ohsu_2018_2461	aml_ohsu_2018_16-00003	27		Leukemia	AML with Mutated NPM1	No			2	7+3 (Cytarabine, Idarubicin)|HiDAC	2	Consolidation | Induction	1	Standard Chemotherapy	HiDAC	Consolidation	Normal		Yes	16	Favorable	Favorable	Yes	Yes		Negative	None	Initial Acute Leukemia Diagnosis					Complete Response		46,XY[15]	-7					-1	Standard Chemotherapy	8	Positive		AMLNPM1													WES + RNA-seq	Yes	Yes	Peripheral Blood	Denovo	Matched	AML with mutated NPM1	AML with mutated NPM1		0.433333333			Standard Chemotherapy		Yes	26.0	Alive	3	Yes	Acute Myeloid Leukaemia (AML) and Related Precursor Neoplasms	Acute Myeloid Leukaemia (AML) and Related Precursor Neoplasms	White	No	False	No	No	False	19.84	0:LIVING	No	No	No	No	1	Male	Standard Chemotherapy
aml_ohsu_2018	aml_ohsu_2018_953	aml_ohsu_2018_13-00028	24	88	Leukemia	Acute Myeloid Leukemia	No	Negative	0.62	5	7+3 (Cytarabine, Idarubicin)|HiDAC|Donor Lymphocyte Infusion|FLAG-IDA (Cytarabine, Filgrastim, Fludarabine, Idarubicin)|Busulfan, Cyclophosphamide	5	Consolidation | Unknown | Induction | Re-induction | Allogeneic - Matched Unrelated Donor	3	DLI | Standard Chemotherapy | Bone Marrow Transplant	Donor Lymphocyte Infusion	Unknown	Normal	Negative	Yes	6	Intermediate-II	Intermediate	Yes	No	M4	Negative	None	Initial Acute Leukemia Diagnosis	31.7	10.9			Complete Response	Negative	47,XY,+10[18]/46,XY[2]	0	Negative	Negative	419	86.3	0	DLI		Negative	Negative	AML	2.8	13	14	0	94	0		3	40	3		89	RNA-seq	Yes	Yes	Bone Marrow Aspirate	Denovo	Matched	Acute myelomonocytic leukaemia	Acute myelomonocytic leukaemia	CD11b, dim CD13, dim CD14, CD33, CD34, dim CD38, partialCD56, CD58, partial CD64, CD117, CD123, dim HLA-DR, and MPO		5.8		Standard Chemotherapy	21.7	No	24.0	Alive	1	Yes	Acute Myeloid Leukaemia (AML) and Related Precursor Neoplasms	Acute Myeloid Leukaemia (AML) and Related Precursor Neoplasms	White	No	False	No	No	False	39.7	0:LIVING	No	No	No	No	1	Male	DLI|Standard Chemotherapy|Bone Marrow Transplant
aml_ohsu_2018	aml_ohsu_2018_1513	aml_ohsu_2018_14-00184	5		Leukemia	Therapy-Related Myeloid Neoplasms	No		0.44	3	ADE (Cytarabine, Daunorubicin & Etoposide)|Cyclophosphamide, TBI|Bu/Flu/TBI (Busulfan, Fludarabine, Total Body Irradiation)	3	Allogeneic - Sibling | Induction | Allogeneic - Matched Unrelated Donor	2	Standard Chemotherapy | Bone Marrow Transplant	Bu/Flu/TBI (Busulfan, Fludarabine, Total Body Irradiation)	Allogeneic - Sibling	MLL rearrangement		No	9	Not Enough Information	Intermediate	No	Yes	M5	Negative	None	Initial Acute Leukemia Diagnosis|Post-Transplant	17.1	5.7			Complete Response		46,XY[25]	0			1072	98.8	-1	Bone Marrow Transplant	1	Negative		TMN	3	12	32	0	80	0		33	0	0	0	34	WES + RNA-seq	Yes	Yes	Peripheral Blood		Unmatched	Therapy-related myeloid neoplasms	Therapy-related myeloid neoplasms	CD4, CD11b, CD15, CD33, bright CD34, CD38, CD58, CD64,CD71, CD117, CD123, HLA-DR and dim/partial MPO positive	0.066666667	7.4		Standard Chemotherapy	95.2	Yes	5.0	Alive	1	Yes	Acute Myeloid Leukaemia (AML) and Related Precursor Neoplasms	Acute Myeloid Leukaemia (AML) and Related Precursor Neoplasms	White	No	False	No	No	False	22.7	0:LIVING	No	No	No	No	1	Male	Standard Chemotherapy|Bone Marrow Transplant
aml_ohsu_2018	aml_ohsu_2018_2499	aml_ohsu_2018_16-00078	67	85	Leukemia	AML with Mutated NPM1	No		0.66	1	Decitabine	1	Supportive/Palliative Care	1	Standard Chemotherapy	Decitabine	Supportive/Palliative Care	nuc ish(D5S2064,D5S630,EGR1)x2[200],(D7Z1,D7S522)x2[200],(D8Z2,D20S108)x2[200],(RUNX1T1, RUNX1)x2[200],(5'MLL,3'MLL)x2(5'MLL con 3'MLLx2)[200],(PML,RARA)x2[200],(5'CBFB,3'CBFB)x2(5'CBFB con 3'CBFBx2)[200]		Yes		Favorable	Favorable	Yes	Yes		Negative	None	Initial Acute Leukemia Diagnosis	28.7	9.5	Negative	Negative			46,XX[20]	0			670	102.5	-1	Standard Chemotherapy	20	Positive	Q61K; MAF 43.0%	AMLNPM1	1.9	27	41	0.8	7.7	0		5.1	42.7	40.2		42	WES + RNA-seq	Yes	Yes	Bone Marrow Aspirate	Denovo	Matched	AML with mutated NPM1	AML with mutated NPM1	CD2(-), CD4(partial dim +), CD7(few dim +), CD11b(-), CD13 (variably +), CD14(-), CD15(partial +), CD16(-), CD19(partial dim +), CD33(variably +), CD34(-), CD36(-), CD38(+), CD45 (moderate +), CD56(-), CD64(partial dim +), CD117(+), HLA-DR(+), MPO(+).	1.133333333	5.7			56.03	Yes	67.0		2	Yes	Acute Myeloid Leukaemia (AML) and Related Precursor Neoplasms	Acute Myeloid Leukaemia (AML) and Related Precursor Neoplasms	White	No	False	No	No	False			No	No	No	No	1	Female	Standard Chemotherapy
aml_ohsu_2018	aml_ohsu_2018_1285	aml_ohsu_2018_13-00544	68		Leukemia	AML, NOS	No			1	7+3 (Cytarabine, Idarubicin)	1	Induction	1	Standard Chemotherapy	7+3 (Cytarabine, Idarubicin)	Induction			Yes	5	Adverse	Intermediate	Yes	No		Negative	Unknown	Initial Acute Leukemia Diagnosis					Refractory			0					5	Standard Chemotherapy		Negative		AMLNOS					41								RNA-seq	Yes	Yes	Peripheral Blood	After or at the time transformation from another heme malignancy	Matched	Acute myeloid leukaemia, NOS	Acute myeloid leukaemia, NOS					Standard Chemotherapy	9.5	No	68.0	Dead-Disease	2	Yes	Acute Myeloid Leukaemia (AML) and Related Precursor Neoplasms	Acute Myeloid Leukaemia (AML) and Related Precursor Neoplasms	White	No	False	No	Yes	False	0.95	1:DECEASED	No	No	Yes	No	1	Male	Standard Chemotherapy
aml_ohsu_2018	aml_ohsu_2018_1670	aml_ohsu_2018_14-00477	47	70	Leukemia	Acute Monoblastic/Monocytic Leukemia	No			5	HiDAC|Cytarabine|SWOG S1203 (7+3 +/- Vorinostat)|Hydroxyurea|MEC, Lenalidomide	5	Consolidation | Induction | CNS | Re-induction | Supportive/Palliative Care	3	Standard Chemotherapy | Supportive/Palliative Care | Intrathecal	Hydroxyurea	Supportive/Palliative Care			Yes	7	Not Enough Information	Adverse	Yes	Yes	M5	Positive	None	Initial Acute Leukemia Diagnosis					Complete Response		46,XY,t(11;19)(q23;p13.1)[20]	0					9	Supportive/Palliative Care	7	Negative		AMOL					79				2				WES	No	No	Peripheral Blood	Denovo	Matched	Acute monoblastic and monocytic leukaemia	Acute monoblastic and monocytic leukaemia	CD34+ BLAST POPULATION, 40%, EXPRESSING CD117, CD15 (DIM PARTIAL), CD13 (DIM PARTIAL), CD33 (DIM PARTIAL), CD38, CD4 (DIM PARTIAL), CD11C (DIM PARTIAL), CD64 (DIM PARTIAL), MPO (BRIGHT), AND ABERRANT CD7 (MINOR SUBSET DIM), WITH POSSIBLE CD19	0.266666667			Standard Chemotherapy	261.2	Yes	47.0	Dead-Disease	4	Yes	Acute Myeloid Leukaemia (AML) and Related Precursor Neoplasms	Acute Myeloid Leukaemia (AML) and Related Precursor Neoplasms	HispNative	No	False	No	No	False	7.5	1:DECEASED	No	No	No	No	2	Male	Standard Chemotherapy|Supportive/Palliative Care|Intrathecal
aml_ohsu_2018	aml_ohsu_2018_2342	aml_ohsu_2018_15-00819	64	90	Leukemia	AML with inv(16)(p13.1q22) or t(16;16)(p13.1;q22);CBFB-MYH11	No	Negative	0.79	4	7+3 (Cytarabine, Idarubicin)|MiDAC|Hydroxyurea|Cytarabine, Methotrexate	3	Consolidation | Induction | CNS	2	Standard Chemotherapy | Intrathecal	MiDAC	Consolidation	CBFB	Negative	No	6	Favorable	Favorable	No	Yes	M5	Negative	CBFB-MYH11	Initial Acute Leukemia Diagnosis	22.7	7.7	Negative	Negative	Complete Response	Negative	46,XY,inv(16)(p13q22)[20]	0		Negative	1151	93.8	82	Standard Chemotherapy	10	Negative	Negative	AMLCBFBMYH11	2.6	31	45	0.9	25.2	4.3	0.9	9.6	44.3	13.9	0.1	10	WES + RNA-seq	Yes	Yes	Bone Marrow Aspirate	Denovo	Matched	AML with inv(16)(p13.1q22) or t(16;16)(p13.1;q22); CBFB-MYH11	AML with inv(16)(p13.1q22) or t(16;16)(p13.1;q22); CBFB-MYH11	dim CD2, variable CD5, CD13, CD33, CD34, CD38, variable CD64, CD117, dim CD123, HLA-DR, and MPO	0.5	5.5	Negative	Standard Chemotherapy	24.64	Yes	64.0	Alive	1	Yes	Acute Myeloid Leukaemia (AML) and Related Precursor Neoplasms	Acute Myeloid Leukaemia (AML) and Related Precursor Neoplasms	White	No	False	No	No	False	6.48	0:LIVING	No	No	No	No	1	Male	Standard Chemotherapy|Intrathecal
aml_ohsu_2018	aml_ohsu_2018_1657	aml_ohsu_2018_14-00451	70	55	Leukemia	AML with Myelodysplasia-Related Changes	No	Negative		3	3+7 (Cytarabine, Daunorubicin)|FLAG (Fludarabine, High-dose Cytarabine, G-CSF)|5+2 (Ara-C, Daunorubicin)	3	Salvage | Induction | Re-induction	1	Standard Chemotherapy	FLAG (Fludarabine, High-dose Cytarabine, G-CSF)	Salvage	5q deletion	Negative	No	6	Adverse	Adverse	No	Yes		Negative	None	Residual Disease	26.6	9.1	Negative	Negative	Refractory	Negative	46,XY,del(5)(q22q33),del(21)(q22q22)[cp20]	0	Negative	Negative		85.2	4	Standard Chemotherapy	9	Negative	Negative	AMLMRC				1.7		0.6		70	21.1	6.6		3	WES	No	No	Bone Marrow Aspirate	After or at the time transformation from another heme malignancy	Matched	AML with myelodysplasia-related changes	AML with myelodysplasia-related changes	CD13, CD15, CD34 (subset), CD38, CD58, CD64, CD117, CD123 and HLA-DR.	0.466666667		Negative	Standard Chemotherapy	1.2	Yes	69.0	Dead-Disease	1	Yes	Acute Myeloid Leukaemia (AML) and Related Precursor Neoplasms	Acute Myeloid Leukaemia (AML) and Related Precursor Neoplasms	White	Yes	False	No	No	False	5.99	1:DECEASED	Yes	No	No	No	1	Male	Standard Chemotherapy
aml_ohsu_2018	aml_ohsu_2018_2133	aml_ohsu_2018_15-00416	33	80	Leukemia	AML, NOS	No	Negative		2	7+3 (Cytarabine, Idarubicin)|Clofarabine, Cytarabine	2	Induction | Re-induction	1	Standard Chemotherapy	Clofarabine, Cytarabine	Re-induction	90.5% monosomy 17, 6% trisomy 11q23	p.V468M; MAF 51.2%	No	-1	Intermediate-II	Adverse	No	Yes		Negative	None	Residual Disease|Post-Chemotherapy			Negative		Refractory	Negative	45,XX,-17[15]/46,XX[2]	1	Negative				-1	Standard Chemotherapy	13	Negative		AMLNOS												21	WES	No	No	Bone Marrow Aspirate		Matched	Acute myeloid leukaemia, NOS	Acute myeloid leukaemia, NOS	positive for CD13, CD33, CD34, CD38, CD45, CD117, HLA-DR and MPO	0.733333333		p.R43H; MAF 76.7%	Standard Chemotherapy	0.1	Yes	33.0		5	Yes	Acute Myeloid Leukaemia (AML) and Related Precursor Neoplasms	Acute Myeloid Leukaemia (AML) and Related Precursor Neoplasms	White	No	False	No	No	False			No	No	No	No	1	Female	Standard Chemotherapy
aml_ohsu_2018	aml_ohsu_2018_2477	aml_ohsu_2018_16-00124	50		Leukemia	AML, NOS	No		0.81	3	Busulfan, Fludarabine|7+3 (Cytarabine, Idarubicin)|HiDAC	3	Allogeneic - Sibling | Induction | Re-induction	2	Standard Chemotherapy | Bone Marrow Transplant	Busulfan, Fludarabine	Allogeneic - Sibling	Not Available (no FISH done)	p.r882H; MAF 45%	No	-1	Not Enough Information	Adverse	No	Yes		Positive	None	Post-Chemotherapy|Residual Disease	24.1	7.9			Unknown		46,XY[20]	-30				89.6	97	Bone Marrow Transplant	14	Negative		AMLNOS	3.8	20	11		68			12		3		39	WES + RNA-seq	Yes	Yes	Peripheral Blood		Matched	Acute myeloid leukaemia, NOS	Acute myeloid leukaemia, NOS		0.666666667	6.4		Standard Chemotherapy	2.1	Yes	50.0	Alive	6	Yes	Acute Myeloid Leukaemia (AML) and Related Precursor Neoplasms	Acute Myeloid Leukaemia (AML) and Related Precursor Neoplasms	White	No	False	No	No	False	18.95	0:LIVING	No	No	No	No	3	Male	Standard Chemotherapy|Bone Marrow Transplant
aml_ohsu_2018	aml_ohsu_2018_1916	aml_ohsu_2018_15-00024	75		Leukemia	Acute Myeloid Leukemia	No	Negative		1	Decitabine, Midostaurin	1	Induction	1	Standard Chemotherapy	Decitabine, Midostaurin	Induction		Negative	No	206	Not Enough Information	Intermediate	No	Yes		Negative	None	Initial Acute Leukemia Diagnosis			Negative	Negative	Refractory		46,XX,t(5;16)(q31;p13)[3]/46,XX[14]	-6	Negative	Negative			206	Standard Chemotherapy	29	Negative	Negative	AML													WES + RNA-seq	Yes	Yes	Peripheral Blood	Denovo	Matched	Acute myelomonocytic leukaemia	Acute myelomonocytic leukaemia		1.633333333		Negative	Standard Chemotherapy		Yes	75.0	Dead-Unknown	4	Yes	Acute Myeloid Leukaemia (AML) and Related Precursor Neoplasms	Acute Myeloid Leukaemia (AML) and Related Precursor Neoplasms	White	No	False	No	No	False	10.53	1:DECEASED	No	No	No	No	1	Female	Standard Chemotherapy
aml_ohsu_2018	aml_ohsu_2018_1672	aml_ohsu_2018_14-00484	63		Leukemia	AML, NOS	No	Negative		2	3+7 (Cytarabine, Daunorubicin)|MEC (Cytarabine, Etoposide, Mitoxantrone)	2	Induction | Re-induction	1	Standard Chemotherapy	MEC (Cytarabine, Etoposide, Mitoxantrone)	Re-induction		Negative	No	6	Intermediate-I	Adverse	No	Yes		Negative	None	Residual Disease	24.6	8.5	Negative	Negative	Refractory	Negative	46,XY[19]	0	Negative	Negative		89.5	4	Standard Chemotherapy	12	Negative	Negative	AMLNOS				0		0	0.9	59.3	31.9	3.5	0	46	WES	No	No	Bone Marrow Aspirate		Matched	Acute myeloid leukaemia, NOS	Acute myeloid leukaemia, NOS	Partial CD7, CD13, CD33, CD34, CD38, partial CD56, CD58, CD117, CD123, HLA-DR, and partial TdT	0.566666667		Negative	Standard Chemotherapy	2.78	Yes	62.0	Alive	1	Yes	Acute Myeloid Leukaemia (AML) and Related Precursor Neoplasms	Acute Myeloid Leukaemia (AML) and Related Precursor Neoplasms	White	No	False	No	No	False	3.98	0:LIVING	No	No	No	No	1	Male	Standard Chemotherapy
aml_ohsu_2018	aml_ohsu_2018_1675	aml_ohsu_2018_14-00488	44	86.1	Leukemia	AML, NOS	No	Negative		6	7+3 (Cytarabine, Idarubicin)|HiDAC|Azacitidine|CLAG-M (Cladribine, Cytarabine, Mitoxantrone, Filgrastim)|7+3 (Cytarabine, Idarubicin) plus Sorafenib|Ponatinib	5	Hypomethylating/Low Dose Cytarabine | Consolidation | Induction | Experimental | Re-induction	2	Standard Chemotherapy | Targeted Therapy - Kinase Inhibitor(s)	Ponatinib	Experimental	Normal		No	-1	Not Enough Information	Intermediate	No	Yes		Positive	None	Initial Acute Leukemia Diagnosis					Unknown		46,XX[20]	-1					-1	Targeted Therapy - Kinase Inhibitor(s)	18	Negative		AMLNOS					65								WES + RNA-seq	Yes	Yes	Peripheral Blood	Denovo	Matched	Acute myeloid leukaemia, NOS	Acute myeloid leukaemia, NOS	Large population of atypical CD34 positive myeloblasts (weak CD4+, weak CD33+), representing approximately 78% of the leukocytes suggestive of acute myeloid leukemia	0.966666667			Standard Chemotherapy	11.38	Yes	44.0	Dead-Unknown	3	Yes	Acute Myeloid Leukaemia (AML) and Related Precursor Neoplasms	Acute Myeloid Leukaemia (AML) and Related Precursor Neoplasms	White	No	False	No	No	False	11.25	1:DECEASED	No	No	No	No	2	Female	Standard Chemotherapy|Targeted Therapy - Kinase Inhibitor(s)
aml_ohsu_2018	aml_ohsu_2018_2357	aml_ohsu_2018_15-00850	62	50	Leukemia	AML with inv(16)(p13.1q22) or t(16;16)(p13.1;q22);CBFB-MYH11	No	Negative		1	7+3 (Cytarabine, Idarubicin)	1	Induction	1	Standard Chemotherapy	7+3 (Cytarabine, Idarubicin)	Induction	positive for rearrangement of CBFB in 60.5% of cells.	Negative	No	-1	Favorable	Favorable	No	Yes		Negative	CBFB-MYH11	Initial Acute Leukemia Diagnosis			Negative	Negative	Complete Response	Negative	46,XY,inv(16)(p13.1q22)[20]	1	Negative				-1	Standard Chemotherapy	15	Negative		AMLCBFBMYH11					20							32	WES + RNA-seq	Yes	Yes	Bone Marrow Aspirate	Denovo	Matched	AML with inv(16)(p13.1q22) or t(16;16)(p13.1;q22); CBFB-MYH11	AML with inv(16)(p13.1q22) or t(16;16)(p13.1;q22); CBFB-MYH11	positive for CD13, CD33, HLA-DR, CD34, and CD117, with partial aberrant expression of CD7.	0.566666667		Negative	Standard Chemotherapy	52.8	Yes	62.0		5	Yes	Acute Myeloid Leukaemia (AML) and Related Precursor Neoplasms	Acute Myeloid Leukaemia (AML) and Related Precursor Neoplasms	White	No	False	No	No	False			No	No	No	No	1	Male	Standard Chemotherapy
aml_ohsu_2018	aml_ohsu_2018_1477	aml_ohsu_2018_14-00125	10		Leukemia	AML with inv(16)(p13.1q22) or t(16;16)(p13.1;q22);CBFB-MYH11	No		0.41	1	COG-AAML1031 (IT/IV Cytarabine, Daunorubicin, Etoposide, Mitoxantrone +/- Bortezomib or Sorafenib)	3	Induction | Intensification | Re-induction	1	Standard Chemotherapy	COG-AAML1031 (IT/IV Cytarabine, Daunorubicin, Etoposide, Mitoxantrone +/- Bortezomib or Sorafenib)	Intensification	CBFB rearrangement and inverted 16		Yes	10	Favorable	Favorable	Yes	No		Negative	CBFB-MYH11	Initial Acute Leukemia Diagnosis	24.7	8.3			Complete Response		46,XX,inv(16)(p13q22)[17]/46,XX[3]	-2			702	88.5	29	Standard Chemotherapy		Negative		AMLCBFBMYH11	2.1			0.8		0		10.5	21	7.3	0.5	31	RNA-seq	Yes	Yes	Bone Marrow Aspirate	Denovo	Matched	AML with inv(16)(p13.1q22) or t(16;16)(p13.1;q22); CBFB-MYH11	AML with inv(16)(p13.1q22) or t(16;16)(p13.1;q22); CBFB-MYH11					Standard Chemotherapy	55.35	No	10.0	Alive	1	Yes	Acute Myeloid Leukaemia (AML) and Related Precursor Neoplasms	Acute Myeloid Leukaemia (AML) and Related Precursor Neoplasms	White	No	False	No	No	False	4.67	0:LIVING	No	No	No	No	1	Female	Standard Chemotherapy
aml_ohsu_2018	aml_ohsu_2018_559	aml_ohsu_2018_12-00066	70	36	Myelodysplastic/Myeloproliferative Neoplasms	Chronic Myelomonocytic Leukemia	No		1.18	4	Dasatinib|7+3 (Cytarabine, Idarubicin)|FLAG-IDA (Cytarabine, Filgrastim, Fludarabine, Idarubicin)|Azacitidine	4	Salvage | Induction | Experimental | Re-induction	2	Standard Chemotherapy | Targeted Therapy - Kinase Inhibitor(s)	FLAG-IDA (Cytarabine, Filgrastim, Fludarabine, Idarubicin)	Salvage	Normal		Yes	153	Intermediate-I	Intermediate	Yes	No	M4	Positive	None	Initial Acute Leukemia Diagnosis	28.7	9.7	Negative	Negative	Refractory	Negative	46,XY[20]	0	Negative	Negative	231	99.6	4	Standard Chemotherapy		Negative	Negative	CMML	3.6	19	22	5	9	5		21	38	22		47	RNA-seq	Yes	Yes	Bone Marrow Aspirate	After or at the time transformation from another heme malignancy	Matched	Acute myelomonocytic leukaemia	Chronic myelomonocytic leukaemia	CD11b, CD13, CD14, CD15, variable CD16, dim CD33, CD58, bright CD64, HLA-DR positive		7.1		Standard Chemotherapy	21	No	70.0	Dead-Disease	1	Yes	Acute Myeloid Leukaemia (AML) and Related Precursor Neoplasms	Myelodysplastic/Myeloproliferative Neoplasms	White	No	False	Yes	No	False	10.23	1:DECEASED	No	Yes	No	No	1	Male	Standard Chemotherapy|Targeted Therapy - Kinase Inhibitor(s)
aml_ohsu_2018	aml_ohsu_2018_1375	aml_ohsu_2018_13-00615	62	52	Leukemia	AML with t(8;21)(q22;q22.1);RUNX1-RUNX1T1	No	Negative		1	FLAG-IDA (Cytarabine, Filgrastim, Fludarabine, Idarubicin)	1	Induction	1	Standard Chemotherapy	FLAG-IDA (Cytarabine, Filgrastim, Fludarabine, Idarubicin)	Induction		Negative	Yes	-1	Favorable	Favorable	Yes	Yes		Negative	RUNX1-RUNX1T1	Initial Acute Leukemia Diagnosis			Negative	Negative	Complete Response		46,XY,t(8;21)(q22;q22)[14]	0		Negative			-1	Standard Chemotherapy	19	Negative	Positive	AMLRUNX1RUNX1T1					57				6				WES + RNA-seq	Yes	Yes	Bone Marrow Aspirate	Denovo	Matched	AML with t(8;21)(q22;q22); RUNX1-RUNX1T1	AML with t(8;21)(q22;q22); RUNX1-RUNX1T1	CD34, PARTIAL CD38, CD33, CD13, CD64, PARTIAL CD11C, PARTIAL CD19, HLA-DR, PARTIAL CD15, CD117, AND MPO	1.066666667		Negative	Standard Chemotherapy	12.9	Yes	62.0	Alive	4	Yes	Acute Myeloid Leukaemia (AML) and Related Precursor Neoplasms	Acute Myeloid Leukaemia (AML) and Related Precursor Neoplasms	HispNative	No	False	No	No	False	7.86	0:LIVING	No	No	No	No	1	Female	Standard Chemotherapy
aml_ohsu_2018	aml_ohsu_2018_757	aml_ohsu_2018_13-00537	38	90	Leukemia	AML with Maturation	No	Q305?Q312del RNVETQ; MAF: 50%	0.6	9	HiDAC|Decitabine, Sirolimus|Donor Lymphocyte Infusion|3+7 (Cytarabine, Daunorubicin)|FLAG-IDA (Cytarabine, Filgrastim, Fludarabine, Idarubicin)|MEC (Cytarabine, Etoposide, Mitoxantrone)|FLAG (Fludarabine, High-dose Cytarabine, G-CSF)|Decitabine|Busulfan, 	6	Consolidation | Salvage | Induction | Re-induction | Post-Transplant Relapse | Allogeneic - Matched Unrelated Donor	3	DLI | Standard Chemotherapy | Bone Marrow Transplant	Decitabine, Sirolimus	Salvage	Normal	Negative	Yes	6	Favorable	Intermediate	Yes	Yes		Negative	None	Residual Disease|Post-Transplant	30.6	10.2	Negative	Negative	Complete Response	Negative	46,XX[19]/46,XY[1]	-18	Negative	Negative	145	91.3	127	Standard Chemotherapy	4	Negative	Negative	AM	3.5	62	39		30			56.8		9.9		17	WES	No	Yes	Bone Marrow Aspirate		Unmatched	AML with maturation	AML with maturation	CD7, CD13, CD33, CD34, dim CD45, CD56, CD117, CD123, and HLA-DR positive.	0.166666667	7.1	Negative	Standard Chemotherapy	2	Yes	32.0	Dead-Disease	1	Yes	Acute Myeloid Leukaemia (AML) and Related Precursor Neoplasms	Acute Myeloid Leukaemia (AML) and Related Precursor Neoplasms	White	No	False	No	No	False	82.66	1:DECEASED	No	No	No	No	1	Female	DLI|Standard Chemotherapy|Bone Marrow Transplant
aml_ohsu_2018	aml_ohsu_2018_2442	aml_ohsu_2018_16-00088	26	98	Leukemia	AML, NOS	No		0.54	4	Azacitidine, Sorafenib|7+3 (Cytarabine, Idarubicin)|HiDAC|Cladribine, Cytarabine, Idarubicin	3	Consolidation | Induction | Re-induction	1	Standard Chemotherapy	Azacitidine, Sorafenib	Re-induction	This test has detected a translocation between 7 and 12 in 12 cells; a translocation between 7 and 17 with loss of a chromosome 9 and a marker in 7 cells.		Yes	-1	Adverse	Adverse	Yes	Yes		Positive	None	Residual Disease|Post-Chemotherapy	27.2	8.9			Unknown		46,XX,t(7;12)(q22;p13)[12]/46,XX,t(7;17)(p10;q10),-9,+mar[7]/46,XX[1]	0				90.4	67	Standard Chemotherapy	4	Negative		AMLNOS	4.1	46	30		95			2	3			81	WES + RNA-seq	Yes	Yes	Bone Marrow Aspirate		Unmatched	Acute myeloid leukaemia, NOS	Acute myeloid leukaemia, NOS	These are positive for CD34, CD117, HLADR, CD33 but negative for CD13 and CD11b. TdT and CD79a are partially expressed.	0.133333333	6.9		Standard Chemotherapy	67.7	Yes	25.0	Dead-Unknown	6	Yes	Acute Myeloid Leukaemia (AML) and Related Precursor Neoplasms	Acute Myeloid Leukaemia (AML) and Related Precursor Neoplasms	AdmixedBlack	No	False	No	No	False	10.66	1:DECEASED	No	No	No	No	1	Female	Standard Chemotherapy
aml_ohsu_2018	aml_ohsu_2018_1818	aml_ohsu_2018_14-00735	83		Leukemia	AML with Mutated NPM1	No	Negative		2	Azacitidine|Decitabine, Midostaurin	2	Hypomethylating/Low Dose Cytarabine | Induction	1	Standard Chemotherapy	Decitabine, Midostaurin	Induction		Negative	No	-1	Intermediate-I	Intermediate	No	Yes		Positive	None	Initial Acute Leukemia Diagnosis			Negative	Negative	Refractory		46,XY[13]	-6	Negative	Negative			-1	Standard Chemotherapy	16	Positive	Negative	AMLNPM1													WES + RNA-seq	Yes	Yes	Bone Marrow Aspirate	After or at the time transformation from another heme malignancy	Matched	AML with mutated NPM1	AML with mutated NPM1		0.833333333		Negative	Standard Chemotherapy		Yes	83.0	Dead-Disease	4	Yes	Acute Myeloid Leukaemia (AML) and Related Precursor Neoplasms	Acute Myeloid Leukaemia (AML) and Related Precursor Neoplasms	Asian	No	False	Yes	No	False	1.55	1:DECEASED	No	Yes	No	No	1	Male	Standard Chemotherapy
aml_ohsu_2018	aml_ohsu_2018_174	aml_ohsu_2018_10-00542	69	87	Leukemia	Acute Myeloid Leukemia	No		0.67	4	7+3 (Cytarabine, Idarubicin)|MiDAC|Hydroxyurea|AC220 (Ambit)	4	Consolidation | Induction | Experimental | Re-induction	2	Standard Chemotherapy | Targeted Therapy - Kinase Inhibitor(s)	Hydroxyurea	Re-induction	trisomy 8		No	4	Intermediate-II	Adverse	Yes	Yes	M4	Positive	None	Relapse|Post-Chemotherapy	36	12.6			Complete Response		47,XY,+8[cp20]	0				91	3	Standard Chemotherapy	3	Negative		AML	3.9	14	20	0	80	0		11	0	9		134	WES	No	No	Peripheral Blood	Relapse	Unmatched	Acute myelomonocytic leukaemia	Acute myelomonocytic leukaemia	CD7, CD13, CD33, CD34, CD117, CD123, HLA-DR, and MPO-positive	0.133333333	6.3		Standard Chemotherapy	35.9	Yes	69.0	Dead-Disease	1	Yes	Acute Myeloid Leukaemia (AML) and Related Precursor Neoplasms	Acute Myeloid Leukaemia (AML) and Related Precursor Neoplasms	White	No	False	No	No	False	13.78	1:DECEASED	No	No	No	No	3	Male	Standard Chemotherapy|Targeted Therapy - Kinase Inhibitor(s)
aml_ohsu_2018	aml_ohsu_2018_175	aml_ohsu_2018_10-00172	59	91	Leukemia	Acute Myeloid Leukemia	No	Negative	0.86	5	7+3 (Cytarabine, Idarubicin)|HiDAC|FLAG-IDA (Cytarabine, Filgrastim, Fludarabine, Idarubicin)|Quizartinib|Busulfan, Cyclophosphamide	5	Consolidation | Induction | Experimental | Re-induction | Allogeneic - Matched Unrelated Donor	3	Standard Chemotherapy | Bone Marrow Transplant | Targeted Therapy - Kinase Inhibitor(s)	FLAG-IDA (Cytarabine, Filgrastim, Fludarabine, Idarubicin)	Re-induction	trisomy 13		No	7	Intermediate-II	Intermediate or Adverse	Yes	Yes	M4	Positive	None	Initial Acute Leukemia Diagnosis	22.9	7.9			Complete Response	Negative	47,XX,+13[18]/46,XX[2]	0	Negative		3587	90.5	4	Standard Chemotherapy	4	Negative		AML	1.9	84	90	0	99	0		31	16	5		48	WES	No	No	Leukapheresis	Denovo	Unmatched	Acute myelomonocytic leukaemia	Acute myelomonocytic leukaemia	Blast immunophenotype: dim CD4, variable CD11b, CD13, CD33, partial CD34, dim CD45, variable CD64, partial CD117, CD123, HLA-DR and MPO positive; Promonocyte immunophenotype: dim CD4, CD11b, CD13, CD33, CD45, bright CD64, CD123, HLA-DR, and dim MPO positi	0.2	4.6		Standard Chemotherapy	29.7	Yes	59.0	Dead-Disease	1	Yes	Acute Myeloid Leukaemia (AML) and Related Precursor Neoplasms	Acute Myeloid Leukaemia (AML) and Related Precursor Neoplasms	White	No	False	No	No	False	17.8	1:DECEASED	No	No	No	No	1	Female	Standard Chemotherapy|Bone Marrow Transplant|Targeted Therapy - Kinase Inhibitor(s)
aml_ohsu_2018	aml_ohsu_2018_2204	aml_ohsu_2018_15-00563	2	80	Leukemia	AML without Maturation	No		0.24	4	COG-AAML1031 (IT/IV Cytarabine, Daunorubicin, Etoposide, Mitoxantrone +/- Bortezomib or Sorafenib)|Cytarabine|FLAG (Fludarabine, High-dose Cytarabine, G-CSF)|Busulfan, Cyclophosphamide	3	Induction | Re-induction | Allogeneic - Matched Unrelated Donor	3	Standard Chemotherapy | Bone Marrow Transplant | Intrathecal	Busulfan, Cyclophosphamide	Allogeneic - Matched Unrelated Donor			Yes	136	Adverse	Adverse	Yes	Yes	M1	Negative	None	Initial Acute Leukemia Diagnosis	22	6.9			Complete Response		46,XX,t(6;11)(q27;q23)[19]/46,XX[1]	0				92.8	-1	Bone Marrow Transplant	2	Negative		AWM		22	53	0	52.2	0	1.8	46	0	0	0.2	40	WES + RNA-seq	Yes	Yes	Bone Marrow Aspirate	Denovo	Unmatched	AML without maturation	AML without maturation	CD4, CD11b, variable CD13, CD15, CD33, variable CD56, CD58, CD64, lysozyme, and dim HLA-DR positive	0.133333333			Standard Chemotherapy	57.08	Yes	2.0	Alive	1	Yes	Acute Myeloid Leukaemia (AML) and Related Precursor Neoplasms	Acute Myeloid Leukaemia (AML) and Related Precursor Neoplasms	White	No	False	No	No	False	14.08	0:LIVING	No	No	No	No	2	Female	Standard Chemotherapy|Bone Marrow Transplant|Intrathecal
aml_ohsu_2018	aml_ohsu_2018_2010	aml_ohsu_2018_15-00294	68	60	Leukemia	AML, NOS	No			3	AG-221|Azacitidine|Clofarabine	3	Hypomethylating/Low Dose Cytarabine | Unknown | Experimental	2	Standard Chemotherapy | Targeted Therapy - Other	AG-221	Experimental	loss of 7q31 sequences in 85% of assayed cells		No		Not Enough Information	Intermediate	No	Yes		Negative	None	Post-Chemotherapy|Residual Disease							46,XY,r(7)(p1?3q2?2)[12]/46,XY[5]	-34					-1	Targeted Therapy - Other	18	Negative		AMLNOS													WES	No	No	Bone Marrow Aspirate	After or at the time transformation from another heme malignancy	Matched	Acute myeloid leukaemia, NOS	Acute myeloid leukaemia, NOS		1.033333333					Yes	68.0	Dead-Disease	5	Yes	Acute Myeloid Leukaemia (AML) and Related Precursor Neoplasms	Acute Myeloid Leukaemia (AML) and Related Precursor Neoplasms	White	Yes	False	No	No	False	11.02	1:DECEASED	Yes	No	No	No	1	Male	Standard Chemotherapy|Targeted Therapy - Other
aml_ohsu_2018	aml_ohsu_2018_2002	aml_ohsu_2018_15-00171	80	80	Leukemia	AML with Minimal Differentiation	No	Negative		3	Cytarabine|Decitabine|PF-04449913 (Hedgehog Inhibitor), LDAC	3	Consolidation | Salvage | Experimental	3	Standard Chemotherapy | Targeted Therapy - Other | Targeted Therapy - Kinase Inhibitor(s)	Decitabine	Salvage	Positive for deletion of 20q12 in 11.5% of 200 cells	Negative	Yes		Intermediate-II	Adverse	Yes	Yes		Negative	None	Initial Acute Leukemia Diagnosis			Negative	Negative		Negative	46,XY,del(20)(q11.2q13.1)[15]/46,XY[5]	1	Negative				-1	Targeted Therapy - Kinase Inhibitor(s)	20	Negative		AMLMD					86							4	WES + RNA-seq	Yes	Yes	Peripheral Blood		Matched	AML with minimal differentiation	AML with minimal differentiation	positive for dim CD7, dim CD10, CD34, CD38, dim CD45, cCD79a, CD99, HLA-DR, TdT, dim PAX5	0.966666667		Negative			Yes	80.0	Dead-Disease	5	Yes	Acute Myeloid Leukaemia (AML) and Related Precursor Neoplasms	Acute Myeloid Leukaemia (AML) and Related Precursor Neoplasms	White	No	False	No	No	False	10.16	1:DECEASED	No	No	No	No	1	Male	Standard Chemotherapy|Targeted Therapy - Other|Targeted Therapy - Kinase Inhibitor(s)
aml_ohsu_2018	aml_ohsu_2018_924	aml_ohsu_2018_14-00180	73	45	Leukemia	AML with Mutated NPM1	No		1	4	3+7 (Cytarabine, Daunorubicin)|Azacitidine|Azacitidine, Lenalidomide|Decitabine	3	Hypomethylating/Low Dose Cytarabine | Salvage | Induction	1	Standard Chemotherapy	Azacitidine, Lenalidomide	Salvage		Negative	No	-1	Favorable	Favorable	No	Yes		Negative	None	Relapse	22.7	7.4	p.R132S; MAF 20%	Negative	Complete Response	Negative	46,XY[20]	0	Negative	Negative	166	103.7	-1	Standard Chemotherapy	21	Positive	Negative	AMLNPM1	3.9	28	25	0		1	1	48	5.1	44.9	2	68	WES	No	No	Bone Marrow Aspirate	Relapse	Matched	AML with mutated NPM1	AML with mutated NPM1		1.2	6.6	Negative	Standard Chemotherapy	0.98	Yes	72.0	Dead-Unknown	1	Yes	Acute Myeloid Leukaemia (AML) and Related Precursor Neoplasms	Acute Myeloid Leukaemia (AML) and Related Precursor Neoplasms	White	No	False	No	No	False	20.46	1:DECEASED	No	No	No	No	1	Male	Standard Chemotherapy
aml_ohsu_2018	aml_ohsu_2018_2485	aml_ohsu_2018_16-00050	77		Leukemia	Therapy-Related Myeloid Neoplasms	No		1.01	1	Azacitidine	1	Hypomethylating/Low Dose Cytarabine	1	Standard Chemotherapy	Azacitidine	Hypomethylating/Low Dose Cytarabine	EGR-1/ D5S23, D5S721: 58/200 cells (29%) had a 1 red/ 2 green signal pattern, consistent with a deleted 5q. D7S522/CEP 7: 38/200 cells (19%) had a 1 red/ 2 green signal pattern, consistent with a deleted 7q. CBFB: 40/200 cells (20%) had a single signal in	p.E285D; MAF 40%	No		Not Enough Information	Adverse	No	Yes		Negative	Unknown	Residual Disease	24.2	7.9						0			241	87.7	253	Standard Chemotherapy	1	Negative		TMN	3.3	62	28	0.8		2.5	0	15.8	0	70.9	0	16	WES + RNA-seq	Yes	Yes	Peripheral Blood		Unmatched	Therapy-related myeloid neoplasms	Therapy-related myeloid neoplasms		0.033333333	8	p.V272_R273insL; MAF 75% (previously 71% in 4/21/15 peripheral blood)		8.29	Yes	77.0	Dead-Unknown	1	Yes	Acute Myeloid Leukaemia (AML) and Related Precursor Neoplasms	Acute Myeloid Leukaemia (AML) and Related Precursor Neoplasms	White	No	False	No	No	False	11.22	1:DECEASED	No	No	No	Yes	1	Female	Standard Chemotherapy
aml_ohsu_2018	aml_ohsu_2018_1711	aml_ohsu_2018_14-00546	69	83	Leukemia	APL with PML-RARA	No		1.05	1	APML4 Protocol (ATRA, Arsenic Trioxide, Idarubicin)	1	Induction	1	Standard Chemotherapy	APML4 Protocol (ATRA, Arsenic Trioxide, Idarubicin)	Induction	PML/RARA fusion		Yes	-1	Intermediate-II	Favorable	Yes	No	M3	Negative	PML-RARA	Initial Acute Leukemia Diagnosis	22.7	8.1			Complete Response		45,XX,dic(12;18)(p11.2;p11.2),t(15;17)(q22;q21)[19]/46,XX[1]	0			1816	92.3	-1	Standard Chemotherapy		Negative		APLPMLRARA	3.2	31	51	0	77	0	0	16.1	5.3	4.5	1.2	33	RNA-seq	Yes	Yes	Peripheral Blood	Denovo	Matched	Acute promyelocytic leukaemia with t(15;17)(q22;q12); PML-RARA	Acute promyelocytic leukaemia with t(15;17)(q22;q12); PML-RARA	dim CD2, CD13, CD33, CD34 (variable), CD56, CD58, CD64, CD117, CD123 and cytoplasmic MPO positive; HLA-DR negative		5.7		Standard Chemotherapy	16.03	No	69.0		1	Yes	Acute Myeloid Leukaemia (AML) and Related Precursor Neoplasms	Acute Myeloid Leukaemia (AML) and Related Precursor Neoplasms	White	No	False	No	No	False			No	No	No	No	1	Female	Standard Chemotherapy
aml_ohsu_2018	aml_ohsu_2018_1123	aml_ohsu_2018_13-00270	18	50	Leukemia	AML with inv(16)(p13.1q22) or t(16;16)(p13.1;q22);CBFB-MYH11	No	Negative	0.77	1	COG-AAML1031 (IT/IV Cytarabine, Daunorubicin, Etoposide, Mitoxantrone +/- Bortezomib or Sorafenib)	2	Induction | Re-induction	1	Standard Chemotherapy	COG-AAML1031 (IT/IV Cytarabine, Daunorubicin, Etoposide, Mitoxantrone +/- Bortezomib or Sorafenib)	Re-induction	CBFB rearrangement and inv(16)		No	-1	Favorable	Favorable	No	Yes	M4	Negative	CBFB-MYH11	Initial Acute Leukemia Diagnosis	21	7.4	Negative		Refractory	Negative	46,XX,inv(16)p13.1q22)[4]/47,idem,+22[15]/46,XX[1]	0	Negative	p.G13D; MAF 10%	415	97.8	-1	Standard Chemotherapy	1	Negative	p.G13D; MAF 30%	AMLCBFBMYH11	3.6	13	15	0	22	0		24	49	20		23	WES + RNA-seq	Yes	Yes	Peripheral Blood	Denovo	Unmatched	AML with inv(16)(p13.1q22) or t(16;16)(p13.1;q22); CBFB-MYH11	AML with inv(16)(p13.1q22) or t(16;16)(p13.1;q22); CBFB-MYH11	Blast phenotype:  CD13, CD33, CD34, CD38, CD58, dim CD123,     HLA-DR-positive               - Monocytic phenotype:  CD11b, CD13, CD14, CD33, CD58, CD64, HLA-DR-positive	0.066666667	7.6	Negative	Standard Chemotherapy	8.8	Yes	18.0	Alive	1	Yes	Acute Myeloid Leukaemia (AML) and Related Precursor Neoplasms	Acute Myeloid Leukaemia (AML) and Related Precursor Neoplasms	White	No	False	No	No	False	4.97	0:LIVING	No	No	No	No	1	Female	Standard Chemotherapy
aml_ohsu_2018	aml_ohsu_2018_2106	aml_ohsu_2018_15-00358	53	30	Leukemia	AML, NOS	No	Negative		6	AG-221|Donor Lymphocyte Infusion|GCLAC (GCSF, Clofarabine & Cytarabine)|Azacitidine|7+3 (Cytarabine, Idarubicin) plus Sorafenib|Busulfan, Cyclophosphamide	6	Hypomethylating/Low Dose Cytarabine | Unknown | Induction | Experimental | Re-induction | Allogeneic - Matched Unrelated Donor	4	DLI | Standard Chemotherapy | Bone Marrow Transplant | Targeted Therapy - Other	AG-221	Experimental			No	-1	Intermediate-I	Intermediate	No	Yes		Negative	None	Residual Relapse|Post-Transplant|Post-Chemotherapy			Negative		Refractory	Negative	46,XY[20]	1	Negative				-1	Targeted Therapy - Other	2	Negative		AMLNOS					0								WES	No	No	Bone Marrow Aspirate		Unmatched	Acute myeloid leukaemia, NOS	Acute myeloid leukaemia, NOS	positive for CD13, CD33, CD34, CD38, dim CD45, CD117, HLA-DR and MPO	0.133333333			Standard Chemotherapy	0.7	Yes	50.0		5	Yes	Acute Myeloid Leukaemia (AML) and Related Precursor Neoplasms	Acute Myeloid Leukaemia (AML) and Related Precursor Neoplasms	White	No	False	No	No	False			No	No	No	No	2	Male	DLI|Standard Chemotherapy|Bone Marrow Transplant|Targeted Therapy - Other
aml_ohsu_2018	aml_ohsu_2018_1190	aml_ohsu_2018_13-00406	62	95	Leukemia	Acute Monoblastic/Monocytic Leukemia	No	Negative	1.85	0		0		0		NONE	NONE	Normal	p. R882C; MAF 50%	Yes		Intermediate-I	Adverse	Yes	Yes	M5	Positive	None	Initial Acute Leukemia Diagnosis	26.2	8.5	Negative			Negative	46,XY[20]	0	Negative	Negative	2941	104.8		NONE	9	Negative	Negative	AMOL	3.2	93	104	0	66.3	0		9.5	1.9	4.8	0.2	92	WES + RNA-seq	Yes	Yes	Leukapheresis	Denovo	Matched	Acute monoblastic and monocytic leukaemia	Acute monoblastic and monocytic leukaemia	CD4, CD11b, CD13, CD14, partial CD16, CD33, CD38,      partial CD56, CD58, CD64, CD123, and HLA-DR positive	0.4	6.5	Negative		250.23	Yes	62.0	Dead-Disease	1	No	Acute Myeloid Leukaemia (AML) and Related Precursor Neoplasms	Acute Myeloid Leukaemia (AML) and Related Precursor Neoplasms	White	No	False	No	No	False	0.07	1:DECEASED	No	No	No	No	2	Male	
aml_ohsu_2018	aml_ohsu_2018_2467	aml_ohsu_2018_16-00015	72	95	Leukemia	AML with Mutated NPM1	No	p.A240fs*83 (7 bp insertion with frameshift); MAF 19%	1.22	7	7+3 (Cytarabine, Idarubicin)|Donor Lymphocyte Infusion|FLAG-IDA (Cytarabine, Filgrastim, Fludarabine, Idarubicin)|Azacitidine|Sorafenib|MiDAC|Treo/Flu/TBI (Treosulfan, Fludarabine, Total Body Irradiation)	7	Allogeneic - Sibling | Consolidation | Unknown | Induction | Experimental | Post-Transplant Relapse | Supportive/Palliative Care	4	DLI | Standard Chemotherapy | Bone Marrow Transplant | Targeted Therapy - Kinase Inhibitor(s)	Sorafenib	Experimental	Normal		Yes	32	Intermediate-I	Favorable or Intermediate	Yes	Yes		Positive	None	Post-Transplant|Relapse|Post-Chemotherapy	27.2	9.6			Complete Response		46,XY[18]	-1			230	96.8	-1	Targeted Therapy - Kinase Inhibitor(s)	4	Positive		AMLNPM1	2.8	15	18	0	50	2.6	0.9	29.8	0	30.7	0.4	103	WES	No	No	Peripheral Blood	Relapse	Unmatched	AML with mutated NPM1	AML with mutated NPM1	Immunophenotype: dim CD13, CD33, CD117, CD123 and MPO positive.	0.2	5.6		Standard Chemotherapy	7.92	Yes	71.0	Alive	1	Yes	Acute Myeloid Leukaemia (AML) and Related Precursor Neoplasms	Acute Myeloid Leukaemia (AML) and Related Precursor Neoplasms	White	No	False	No	No	False	32.76	0:LIVING	No	No	No	No	1	Male	DLI|Standard Chemotherapy|Bone Marrow Transplant|Targeted Therapy - Kinase Inhibitor(s)
aml_ohsu_2018	aml_ohsu_2018_1719	aml_ohsu_2018_14-00564	57	45	Leukemia	AML with Myelodysplasia-Related Changes	No	Negative	0.83	1	Decitabine	1	Induction	1	Standard Chemotherapy	Decitabine	Induction	EGR1/5p; 88% of cells were missing a signal for both probes, consistent with monosomy 5	Negative	No	10	Adverse	Adverse	No	Yes		Negative	None	Initial Acute Leukemia Diagnosis	26.9	9.1	Negative	Negative	Unknown	Negative	44~48,XY,-5,del(7)(q22),+11,idic(11)(p11.2)x2,-12,der(13)t(1;13)(p13;p12),add(17)(q25),der(18)t(12;18)(q13;q11.2),-22,+2mar[cp14]/44~47,sl,-9,+16[cp3]/46~47,sl,der(1)t(1;3)(q21;q21),der(3)t(1;3)(q21;q21)ins(3)(3;?)(p21;?),-idic(11)(p11.2)[cp4]/46,XY[1]	0	Negative	Negative		97.1	10	Standard Chemotherapy	18	Negative	Negative	AMLMRC	2	32	19	0		0.9	27.8	18.2	12.2	40.9	0	77	WES + RNA-seq	Yes	Yes	Bone Marrow Aspirate	Denovo	Matched	AML with myelodysplasia-related changes	AML with myelodysplasia-related changes	CD13, CD33, CD34, CD71, CD117, dim CD123 and HLA-DR+	1.033333333	6.7	p.R248Q; MAF 80%	Standard Chemotherapy	5.92	Yes	57.0	Dead-Unknown	1	Yes	Acute Myeloid Leukaemia (AML) and Related Precursor Neoplasms	Acute Myeloid Leukaemia (AML) and Related Precursor Neoplasms	White	No	False	No	No	False	1.15	1:DECEASED	No	No	No	No	1	Male	Standard Chemotherapy
aml_ohsu_2018	aml_ohsu_2018_1684	aml_ohsu_2018_14-00498	62	50	Leukemia	AML, NOS	No		0.46	3	5+2 (Cytarabine, Idarubicin)|7+3 (Cytarabine, Idarubicin)|CLAG-M (Cladribine, Cytarabine, Mitoxantrone, Filgrastim)	2	Induction | Re-induction	1	Standard Chemotherapy	CLAG-M (Cladribine, Cytarabine, Mitoxantrone, Filgrastim)	Re-induction	Tetrasomy 8		No	7	Not Enough Information	Adverse	No	Yes		Positive	Unknown	Initial Acute Leukemia Diagnosis	22.2	7.4			Refractory			0			184	87.4	4	Standard Chemotherapy	19	Negative		AMLNOS	2	16	9	0	57.4	0	0	38.4	1	3.2	0	6	WES	No	No	Peripheral Blood	After or at the time transformation from another heme malignancy	Matched	Acute myeloid leukaemia, NOS	Acute myeloid leukaemia, NOS	partial CD7, CD13, CD33 (variable), CD34, CD38 (variable), CD117(variable)	1.033333333	6		Standard Chemotherapy	0.81	Yes	62.0	Dead-Disease	1	Yes	Acute Myeloid Leukaemia (AML) and Related Precursor Neoplasms	Acute Myeloid Leukaemia (AML) and Related Precursor Neoplasms	White	No	False	No	Yes	False	2.66	1:DECEASED	No	No	Yes	No	1	Female	Standard Chemotherapy
aml_ohsu_2018	aml_ohsu_2018_2483	aml_ohsu_2018_16-00048	46	25	Leukemia	Therapy-Related Myeloid Neoplasms	No		0.64	7	7+3 (Cytarabine, Idarubicin)|HAM (Cytarabine, Mitoxantrone)|Azacitidine|Hydroxyurea|Decitabine|ME (Etoposide, Mitoxantrone)|Fludarabine, Melphalan, ATG	4	Consolidation | Induction | Re-induction | Double Umbilical Cord Blood Transplant (DUCBT)	2	Standard Chemotherapy | Bone Marrow Transplant	Fludarabine, Melphalan, ATG	Double Umbilical Cord Blood Transplant (DUCBT)	Normal	p.I824V; VAF 50%	Yes	1	Adverse	Adverse	Yes	Yes		Negative	None	Initial Acute Leukemia Diagnosis	32	9.5			Refractory		46,XX,del(3)(p25),add(6)(p22),t(10;12)(p15;q13)[5]/46,XX[18]	0			440	80.6	-1	Bone Marrow Transplant	24	Negative	p.G13R; MAF 50%	TMN	3.1	14	15	0.9	26.7	1.7	4.3	6.1	32.2	48.7	0.2	92	WES + RNA-seq	Yes	Yes	Bone Marrow Aspirate		Matched	Therapy-related myeloid neoplasms	Therapy-related myeloid neoplasms	Immunophenotype: CD13, CD34, CD38, CD58, CD117, CD123, HLA-DR and TdT-positive; small subset of blasts also express CD19, CD22, and CD79a	1.266666667	6.8		Standard Chemotherapy	42.57	Yes	46.0	Dead-Disease	1	Yes	Acute Myeloid Leukaemia (AML) and Related Precursor Neoplasms	Acute Myeloid Leukaemia (AML) and Related Precursor Neoplasms	Asian	No	False	No	No	False	20.95	1:DECEASED	No	No	No	No	2	Female	Standard Chemotherapy|Bone Marrow Transplant
aml_ohsu_2018	aml_ohsu_2018_2276	aml_ohsu_2018_15-00688	63	41	Leukemia	AML with Myelodysplasia-Related Changes	No	Negative	0.98	1	Decitabine	1	Induction	1	Standard Chemotherapy	Decitabine	Induction	EGR1 (5q31): 73% of cells were missing a signal for EGR1 (5q31), consistent with the deletion seen on metaphase analysis.  TP53 (17p13.1): 71% of cells were missing a signal for TP53 (17p13.1), consistent with the deletion seen on metaphase analysis.  RUN	Negative	Yes	9	Adverse	Adverse	Yes	Yes		Negative	None	Initial Acute Leukemia Diagnosis	27.7	9.4	Negative	Negative	Unknown	Negative	45~46,XX,add(1)(q42),del(5)(q31q35),del(6)(q13),del(9)(q13q34),del(17)(p13),i(21)(q10)[cp12]/46~47,idem,+mar[cp6]/46,XX[2]	0	Negative	Negative	404	88.5	9	Standard Chemotherapy	11	Negative	Negative	AMLMRC	2.7	21	19	1.8	2.6	0.9	0	79.6	0.9	14.2	0	6	WES + RNA-seq	Yes	Yes	Bone Marrow Aspirate	Denovo	Matched	AML with myelodysplasia-related changes	AML with myelodysplasia-related changes	CD13, dimCD33, CD34, CD38, CD58, partial CD64, CD117, CD123, and HLA-DR positive.	0.6	7.6	p.R248Q; MAF 56%	Standard Chemotherapy	1.61	Yes	63.0	Dead-Other	1	Yes	Acute Myeloid Leukaemia (AML) and Related Precursor Neoplasms	Acute Myeloid Leukaemia (AML) and Related Precursor Neoplasms	White	No	False	No	No	False	0.82	1:DECEASED	No	No	No	No	1	Female	Standard Chemotherapy
aml_ohsu_2018	aml_ohsu_2018_1348	aml_ohsu_2018_13-00572	39	59.3	Leukemia	Therapy-Related Myeloid Neoplasms	No			7	Nelarabine|POMP (Prednisone, Methotrexate, 6-MP, Vincristine)|3+7 (Cytarabine, Daunorubicin)|HyperCVAD|Azacitidine|GCLAC (GCSF, Clofarabine & Cytarabine)|CLAG-M (Cladribine, Cytarabine, Mitoxantrone, Filgrastim)	5	Hypomethylating/Low Dose Cytarabine | Salvage | Induction | Maintenance | Re-induction	1	Standard Chemotherapy	GCLAC (GCSF, Clofarabine & Cytarabine)	Re-induction	Normal		No	-1	Adverse	Adverse	No	Yes		Negative	None	Residual Disease|Post-Chemotherapy					Complete Response		46,XY,t(10;11)(p13;q14)[11]/45,sl,-Y[7]/46,sdl1,t(1;8)(q12;p21)[2]	0					-1	Standard Chemotherapy	8	Negative		TMN					28								WES + RNA-seq	Yes	Yes	Peripheral Blood		Unmatched	Therapy-related myeloid neoplasms	Therapy-related myeloid neoplasms	Increased atypical myeloblasts (partial CD34+, weak CD7+, partial CD61+), representing approximately 91% of the leukocytes, consistent with persistent acute myeloid leukemia.	0.366666667			Standard Chemotherapy	1.7	Yes	39.0	Dead-Disease	3	Yes	Acute Myeloid Leukaemia (AML) and Related Precursor Neoplasms	Acute Myeloid Leukaemia (AML) and Related Precursor Neoplasms	HispNative	No	False	No	No	False	5.56	1:DECEASED	No	No	No	No	1	Male	Standard Chemotherapy
aml_ohsu_2018	aml_ohsu_2018_1485	aml_ohsu_2018_14-00135	72	55	Leukemia	AML with Myelodysplasia-Related Changes	No	Negative	1.37	2	Azacitidine|Decitabine	3	Consolidation | Induction | Maintenance	1	Standard Chemotherapy	Azacitidine	Maintenance	Previous FISH results were consistent with the deleted 5q and trisomy 9	Negative	Yes	38	Adverse	Adverse	Yes	Yes	M4	Negative	None	Initial Acute Leukemia Diagnosis	20.6	6.6	Negative	Negative	Unknown	Negative	43~44,X,-Y,t(3;11)(p21.3;p11.2),del(5)(q11.1;q31.1),add(12)(p11.2),-21[cp17]/44~45,idem,-t(3;11),+9[cp4]	0	Negative	Negative	435	85.8	36	Standard Chemotherapy	7	Negative	Negative	AMLMRC	2.2	32	31	0	46	0		27.8	27	20.6	0	33	WES + RNA-seq	Yes	Yes	Bone Marrow Aspirate	Denovo	Matched	AML with myelodysplasia-related changes	AML with myelodysplasia-related changes	CD13, CD33, CD34, partial CD56,variable CD117, dim CD123, and dim HLA-DR+	0.366666667	5.9	p.H193R; MAF 92%	Standard Chemotherapy	20.82	Yes	72.0	Dead-Disease	1	Yes	Acute Myeloid Leukaemia (AML) and Related Precursor Neoplasms	Acute Myeloid Leukaemia (AML) and Related Precursor Neoplasms	White	No	False	No	No	False	8.29	1:DECEASED	No	No	No	No	1	Male	Standard Chemotherapy
aml_ohsu_2018	aml_ohsu_2018_2421	aml_ohsu_2018_15-00892	72		Leukemia	AML with Mutated NPM1	No			1	SGN-CD33A	1	Experimental	1	Targeted Therapy - Other	SGN-CD33A	Experimental	Normal	c.2645G>A; MAF 45.4%	Yes		Not Enough Information	Favorable	Yes	Yes		Negative	Unknown	Initial Acute Leukemia Diagnosis								0					-1	Targeted Therapy - Other	5	Positive		AMLNPM1													WES + RNA-seq	Yes	Yes	Peripheral Blood	Denovo	Unmatched	AML with mutated NPM1	AML with mutated NPM1		0.266666667					Yes	72.0	Dead-Disease	3	No	Acute Myeloid Leukaemia (AML) and Related Precursor Neoplasms	Acute Myeloid Leukaemia (AML) and Related Precursor Neoplasms	White	No	False	No	No	False	5.89	1:DECEASED	No	No	No	No	1	Female	Targeted Therapy - Other
aml_ohsu_2018	aml_ohsu_2018_1121	aml_ohsu_2018_13-00268	56		Leukemia	AML with Myelodysplasia-Related Changes	No		0.94	3	GCLAM (G-CSF, Cladribine, Cytarabine, and Mitoxantrone) |3+7 (Cytarabine, Daunorubicin)|MEC (Cytarabine, Etoposide, Mitoxantrone)	3	Salvage | Induction | Re-induction	1	Standard Chemotherapy	GCLAM (G-CSF, Cladribine, Cytarabine, and Mitoxantrone)	Salvage			Yes	6	Adverse	Intermediate	Yes	Yes	NOS	Negative	Unknown	Post-Chemotherapy|Residual Disease	27.8	9.1			Refractory			0			808	90.4	6	Standard Chemotherapy	3	Negative		AMLMRC	3.4	22	24	0	5	0		0	10	84		136	WES	No	No	Peripheral Blood	After or at the time transformation from another heme malignancy	Unmatched	AML with myelodysplasia-related changes	AML with myelodysplasia-related changes		0.166666667	5.8		Standard Chemotherapy	40.8	Yes	56.0	Dead-Disease	1	Yes	Acute Myeloid Leukaemia (AML) and Related Precursor Neoplasms	Acute Myeloid Leukaemia (AML) and Related Precursor Neoplasms	White	Yes	False	No	No	False	3.72	1:DECEASED	Yes	No	No	No	1	Male	Standard Chemotherapy
aml_ohsu_2018	aml_ohsu_2018_2304	aml_ohsu_2018_15-00755	59	93.2	Leukemia	AML with Mutated NPM1	No			3	Azacitidine, Sorafenib|5+2 (Cytarabine, Idarubicin)|7+3 (Cytarabine, Idarubicin)	3	Consolidation | Induction | Re-induction	1	Standard Chemotherapy	Azacitidine, Sorafenib	Re-induction		c.2251T>C; MAF 36.9% (33.1% on 3/13/15)	Yes	-1	Intermediate-II	Intermediate	Yes	Yes		Positive	None	Relapse|Post-Chemotherapy					Complete Response		46,XY,t(3;4)(p21;q25)[3]/46,XY[17]	-1					-1	Standard Chemotherapy	3	Positive		AMLNPM1					47.5								WES + RNA-seq	Yes	Yes	Bone Marrow Aspirate	Relapse	Unmatched	AML with mutated NPM1	AML with mutated NPM1	CD4, CD7, CD11b, CD13,  CD33, partial CD34, CD117, HLA-DR, partial weak TdT and  partial CD64	0.133333333			Standard Chemotherapy	42.91	Yes	59.0	Dead-Treatment	3	Yes	Acute Myeloid Leukaemia (AML) and Related Precursor Neoplasms	Acute Myeloid Leukaemia (AML) and Related Precursor Neoplasms	White	No	False	No	No	False	8.42	1:DECEASED	No	No	No	No	1	Male	Standard Chemotherapy
aml_ohsu_2018	aml_ohsu_2018_2311	aml_ohsu_2018_15-00767	78	25	Leukemia	AML with Biallelic Mutations of CEBPA	No		0.82	1	Decitabine	1	Hypomethylating/Low Dose Cytarabine	1	Standard Chemotherapy	Decitabine	Hypomethylating/Low Dose Cytarabine	nuc ish(D5S2064,D5S630,EGR1)x2[200],(D7Z1,D7S522)x2[200],(D8Z2,D20S108)x2[199],(RUNX1T1, RUNX1)x2[200],(5'MLL,3'MLL)x2(5'MLL con 3'MLLx2)[200],(PML,RARA)x2[200],(5'CBFB,3'CBFB)x2(5'CBFB con 3'CBFBx2)[200]		Yes		Favorable	Intermediate	Yes	Yes		Negative	None	Initial Acute Leukemia Diagnosis	47.3	15.3	Negative	Negative			46,XY[20]	0					-1	Standard Chemotherapy	34	Negative		AMLCEBPA	4.5	22	21	0.2	4	1		25	10	60		15	WES + RNA-seq	Yes	Yes	Bone Marrow Aspirate	After or at the time transformation from another heme malignancy	Matched	AML with mutated CEBPA	AML with mutated CEBPA	CD2(-), CD7 (-), CD10(-), CD11b(-), CD13(dim +), CD14(-), CD15(+), CD16(-), CD19(-), CD22(partial +), CD33(-), CD34(bright +), CD36 (-), CD38(variably +), CD45(partial dim +), CD56(-), CD64(-), CD117(partial +), HLA-DR(partial +), MPO(-) and TdT(+)	1.7	7.5			5.79	Yes	78.0	Dead-Disease	2	Yes	Acute Myeloid Leukaemia (AML) and Related Precursor Neoplasms	Acute Myeloid Leukaemia (AML) and Related Precursor Neoplasms	White	No	False	Yes	No	False	11.41	1:DECEASED	No	Yes	No	No	1	Male	Standard Chemotherapy
aml_ohsu_2018	aml_ohsu_2018_2075	aml_ohsu_2018_15-00309	64		Leukemia	AML with Mutated NPM1	No			5	Busulfan, Fludarabine|7+3 (Cytarabine, Idarubicin)|HiDAC|Azacitidine|Sorafenib	5	Allogeneic - Sibling | Hypomethylating/Low Dose Cytarabine | Consolidation | Induction | Experimental	3	Standard Chemotherapy | Bone Marrow Transplant | Targeted Therapy - Kinase Inhibitor(s)	Sorafenib	Experimental			Yes	-1	Intermediate-I	Intermediate	Yes	Yes		Positive	None	Residual Disease|Post-Chemotherapy|Post-Transplant					Complete Response		46,XY[6]	-11					-1	Targeted Therapy - Kinase Inhibitor(s)	3	Positive		AMLNPM1													WES	No	Yes	Peripheral Blood		Unmatched	AML with mutated NPM1	AML with mutated NPM1		0.133333333			Standard Chemotherapy	25.7	Yes	63.0	Dead-Disease	3	Yes	Acute Myeloid Leukaemia (AML) and Related Precursor Neoplasms	Acute Myeloid Leukaemia (AML) and Related Precursor Neoplasms	White	No	False	No	No	False	12.99	1:DECEASED	No	No	No	No	1	Female	Standard Chemotherapy|Bone Marrow Transplant|Targeted Therapy - Kinase Inhibitor(s)
aml_ohsu_2018	aml_ohsu_2018_1702	aml_ohsu_2018_14-00527	63	82	Leukemia	AML with Myelodysplasia-Related Changes	No		0.95	4	7+3 (Cytarabine, Idarubicin)|HiDAC|MEC (Cytarabine, Etoposide, Mitoxantrone)|Decitabine	4	Hypomethylating/Low Dose Cytarabine | Salvage | Induction | Maintenance	1	Standard Chemotherapy	HiDAC	Maintenance	nuc ish(D5S2064,D5S630,EGR1)x2[200],(D7Z1,D7S522)x2[200],(D8Z2,D20S108)x2[200],(RUNX1T1, RUNX1)x2[200],(5'MLL,3'MLL)x2(5'MLL con 3'MLLx2)[200],(PML,RARA)x2[200],(5'CBFB,3'CBFB)x2(5'CBFB con 3'CBFBx2)[200]		Yes	6	Not Enough Information	Intermediate	Yes	Yes		Negative	None	Post-Chemotherapy|Relapse	36.8	12.1		Negative	Refractory		46,XY[20]	0			932	87.4	5	Standard Chemotherapy	47	Negative		AMLMRC	3.8	11	28	0	47	2		34	9	9		127	WES	No	No	Peripheral Blood	Relapse	Matched	AML with myelodysplasia-related changes	AML with myelodysplasia-related changes	CD2(-), CD7(-), CD11b(-), CD13(variably +), CD14(-), CD15(partial +), CD16(-), CD33(partial +), CD34 (variably +), CD36(-), CD38(variably +), CD45(moderate to dim+), CD56(-), CD64(partial +), CD117(+), and HLA-DR(partial +).	2.766666667	7.2		Standard Chemotherapy	11.7	Yes	62.0	Alive	2	Yes	Acute Myeloid Leukaemia (AML) and Related Precursor Neoplasms	Acute Myeloid Leukaemia (AML) and Related Precursor Neoplasms	Black	No	False	No	No	False	17.57	0:LIVING	No	No	No	No	1	Male	Standard Chemotherapy
aml_ohsu_2018	aml_ohsu_2018_1104	aml_ohsu_2018_13-00237	72		Leukemia	AML with Myelodysplasia-Related Changes	No	Negative	0.69	1	3+7 (Cytarabine, Daunorubicin)	1	Induction	1	Standard Chemotherapy	3+7 (Cytarabine, Daunorubicin)	Induction	12p deletion	Negative	Yes	6	Intermediate-II	Adverse	Yes	Yes	M4	Negative	None	Initial Acute Leukemia Diagnosis	25.9	8.7	Negative	Negative	Complete Response	Negative	46,XY,del(12)(p11.2p13)[15]/46,XY[5]	0	Negative	Negative	219	92.2	6	Standard Chemotherapy	13	Negative	Negative	AMLMRC	3.6	66	26	0	5	2		8	70	20		23	WES	No	No	Bone Marrow Aspirate	After or at the time transformation from another heme malignancy	Matched	AML with myelodysplasia-related changes	AML with myelodysplasia-related changes	CD13, dim CD33, CD34, CD38, CD58, CD117, HLA-DR and MPO positive	0.733333333	7.2	Negative	Standard Chemotherapy	22.8	Yes	72.0	Dead-Unknown	1	Yes	Acute Myeloid Leukaemia (AML) and Related Precursor Neoplasms	Acute Myeloid Leukaemia (AML) and Related Precursor Neoplasms	White	No	False	Yes	No	False	5.79	1:DECEASED	No	Yes	No	No	2	Male	Standard Chemotherapy
aml_ohsu_2018	aml_ohsu_2018_1054	aml_ohsu_2018_13-00157	60	80	Leukemia	AML with Mutated NPM1	No	Negative	0.64	2	7+3 (Cytarabine, Idarubicin)|MiDAC	2	Consolidation | Induction	1	Standard Chemotherapy	MiDAC	Consolidation	Normal	p.Q696fs*9; MAF 40%	Yes	6	Favorable	Favorable	Yes	Yes		Negative	None	Initial Acute Leukemia Diagnosis	41.1	13.4	p.R132H; MAF 40%		Complete Response	Negative	46,XX[20]	0	Negative	Negative	660	86.1	104	Standard Chemotherapy	4	Positive	Negative	AMLNPM1	2.9	32	50	0	32	0		11	13	23		228	WES + RNA-seq	Yes	Yes	Bone Marrow Aspirate	Denovo	Unmatched	AML with mutated NPM1	AML with mutated NPM1	partial CD7, partial CD11b, CD13, CD33, dim CD45, CD58,     partial CD64, partial CD117, CD123, dimHLA-DR,  MPO positive	0.2	7.4	Negative	Standard Chemotherapy	53.9	Yes	60.0	Alive	1	Yes	Acute Myeloid Leukaemia (AML) and Related Precursor Neoplasms	Acute Myeloid Leukaemia (AML) and Related Precursor Neoplasms	White	No	False	No	No	False	45.36	0:LIVING	No	No	No	No	1	Female	Standard Chemotherapy
aml_ohsu_2018	aml_ohsu_2018_1821	aml_ohsu_2018_14-00742	51	9	Myelodysplastic Syndromes	MDS, Unclassifiable	No	Negative	0.7	1	Decitabine	1	Hypomethylating/Low Dose Cytarabine	1	Standard Chemotherapy	Decitabine	Hypomethylating/Low Dose Cytarabine	nuc ish(RUNX1T1,RUNX1)x2[200],(5'MLL,3'MLL)x2(5'MLL con 3'MLLx2)[200], (PML,RARA)x2[200],(5'CBFB,3'CBFB)x1(5'CBFB con 3'CBFBx1)[108/200]		No		Adverse	Adverse	No	Yes		Negative	Complex	Unknown	27.2	9.1	Negative	Negative			44,XX,der(5)t(5;9)(p15;q22)del(5)(q11.2q15),-7,-9,-18,del(20)(q11.2q13.1),+mar[cp8]/43~44,XX,-der(5),del(7)(q11.2q32),add(11)(p15),del(12)(p11.2p13),der(15)t(15;17)(p12;q11.2),-16,-18,+mar[cp9]/43,XX,del(5)(q13q33),del(7),add(11),del(12),der(15),-16,-18,+	0			517	92.4	4	Standard Chemotherapy	7	Negative		MDSU	2.6	19	28	0	11	0.8		28.2	13.7	43.6		74	WES + RNA-seq	Yes	Yes	Bone Marrow Aspirate		Matched	Myelodysplastic syndrome, unclassifiable	Myelodysplastic syndrome, unclassifiable	CD2 (-), CD4(- to dim +), CD7(-), CD11b(-), CD13(bright +), CD14(-), CD15(-), CD16(-), CD25(dim +), CD33(+), CD34(+), CD36(-), CD38(partial +), CD45(moderate to slightly dim +), CD56(-), CD64(-), CD117(+), CD123(dim +), HLA-DR(variably+), MPO(-), TdT(-)	0.3	6.2				Yes	51.0		2	Yes	Myelodysplastic Syndromes	Myelodysplastic Syndromes	White	No	True	No	No	False			Yes	No	No	No	1	Female	Standard Chemotherapy
aml_ohsu_2018	aml_ohsu_2018_2477	aml_ohsu_2018_16-00031	50	75	Leukemia	AML, NOS	No		1	3	Busulfan, Fludarabine|7+3 (Cytarabine, Idarubicin)|HiDAC	3	Allogeneic - Sibling | Induction | Re-induction	2	Standard Chemotherapy | Bone Marrow Transplant	Busulfan, Fludarabine	Allogeneic - Sibling	Not Available (no FISH done)		Yes	-1	Not Enough Information	Adverse	Yes	Yes		Positive	None	Post-Chemotherapy|Residual Disease	24.8	8			Unknown		46,XY[20]	0				91.5	97	Bone Marrow Transplant	15	Negative		AMLNOS	3.5	44	20		73			6	6	8		26	WES + RNA-seq	Yes	Yes	Peripheral Blood		Matched	Acute myeloid leukaemia, NOS	Acute myeloid leukaemia, NOS	These are postive for CD34, CD117, HLADR, CD13 and CD33. These are negative for CD3, CD20, CD4, CD11b.	0.733333333	5.8		Standard Chemotherapy	17.1	Yes	50.0	Alive	6	Yes	Acute Myeloid Leukaemia (AML) and Related Precursor Neoplasms	Acute Myeloid Leukaemia (AML) and Related Precursor Neoplasms	White	No	False	No	No	False	18.95	0:LIVING	No	No	No	No	3	Male	Standard Chemotherapy|Bone Marrow Transplant
aml_ohsu_2018	aml_ohsu_2018_202	aml_ohsu_2018_14-00061	72		Leukemia	Therapy-Related Myeloid Neoplasms	No	Negative		3	7+3 (Cytarabine, Idarubicin)|MiDAC|Decitabine	3	Consolidation | Induction | Supportive/Palliative Care	1	Standard Chemotherapy	Decitabine	Supportive/Palliative Care	Missing ABL and ASS signal	Negative	Yes	7	Adverse	Adverse	Yes	No		Negative	None	Relapse	22.7	7.6	Negative	Negative	Complete Response	Negative	47,XY,del(9)(q22),+13[18]/48,idem,+mar[2]	-2	Negative	Negative	556	93.8	9	Standard Chemotherapy		Negative	Negative	TMN				0		0		14.9	0.8	2.5	0	32	RNA-seq	Yes	Yes	Peripheral Blood	Relapse	Matched	Therapy-related myeloid neoplasms	Therapy-related myeloid neoplasms				Negative	Standard Chemotherapy	47.2	No	68.0	Dead-Disease	1	Yes	Acute Myeloid Leukaemia (AML) and Related Precursor Neoplasms	Acute Myeloid Leukaemia (AML) and Related Precursor Neoplasms	White	No	False	No	No	False	40.72	1:DECEASED	No	No	No	Yes	1	Male	Standard Chemotherapy
aml_ohsu_2018	aml_ohsu_2018_1827	aml_ohsu_2018_14-00756	40	3	Leukemia	AML, NOS	No	Negative	0.71	3	7+3 (Cytarabine, Idarubicin)|MEC (Cytarabine, Etoposide, Mitoxantrone)|Busulfan, Cyclophosphamide	3	Induction | Re-induction | Allogeneic - Matched Unrelated Donor	2	Standard Chemotherapy | Bone Marrow Transplant	Busulfan, Cyclophosphamide	Allogeneic - Matched Unrelated Donor	RUNX1T1 (8q21.3): 55% of cells had three signals for RUNX1T1 (8q21.3) consistent with trisomy 8, as seen on metaphase analysis	Negative	No	-1	Intermediate-II	Adverse	No	Yes		Negative	None	Post-Chemotherapy	27.2	9.4	Negative	Negative	Refractory	Negative	47,XX,+8[11]/46,XX[10]	0	Negative	Negative		84.2	-1	Bone Marrow Transplant	2	Negative	Negative	AMLNOS	3	81	45	0		0	0	57.7	2.7	39.6	5.5	58	WES	No	No	Bone Marrow Aspirate		Unmatched	Acute myeloid leukaemia, NOS	Acute myeloid leukaemia, NOS	population of CD117+ progenitors (~3.5% of total      CD45+ events) that expresses CD13, dim CD33, CD38, CD58, CD117, dim CD123 and HLA-DR, without the expression of CD64.	0.1	7	Negative	Standard Chemotherapy	1.09	Yes	40.0	Alive	1	Yes	Acute Myeloid Leukaemia (AML) and Related Precursor Neoplasms	Acute Myeloid Leukaemia (AML) and Related Precursor Neoplasms	White	No	False	No	No	False	16.74	0:LIVING	No	No	No	No	1	Female	Standard Chemotherapy|Bone Marrow Transplant
aml_ohsu_2018	aml_ohsu_2018_2474	aml_ohsu_2018_16-00033	58	23	Leukemia	Therapy-Related Myeloid Neoplasms	No		0.76	3	7+3 (Cytarabine, Idarubicin)|HiDAC|MEC (Cytarabine, Etoposide, Mitoxantrone)	3	Consolidation | Salvage | Induction	1	Standard Chemotherapy	MEC (Cytarabine, Etoposide, Mitoxantrone)	Salvage	CBFB: 69/100 cells (69%) had the abnormal 1 red/ 1 green/1 yellow signal pattern, reflecting CBFB rearrangement and consistent with the inverted chromosome 16 in the metaphase karyotype.		No	7	Favorable	Favorable	No	Yes		Negative	CBFB-MYH11	Initial Acute Leukemia Diagnosis	35.2	11.9			Complete Response		46,XX,inv(16)(p13.1q22)[16]/46,XX[4]	0		p.G12D; MAF 4%		99.7	-1	Standard Chemotherapy	8	Negative	p.G12S; MAF 6%	TMN	3.8	33	25	0	3	0	0.9	50.2	29.8	19.1	0	119	WES	No	No	Bone Marrow Aspirate		Matched	Therapy-related myeloid neoplasms	Therapy-related myeloid neoplasms	CD13, variable CD15, CD33, CD34, variable CD64, CD117, dim CD123, dim HLA-DR, MPO and subset TdT-positive	0.466666667	7.1		Standard Chemotherapy	2.35	Yes	58.0	Alive	1	Yes	Acute Myeloid Leukaemia (AML) and Related Precursor Neoplasms	Acute Myeloid Leukaemia (AML) and Related Precursor Neoplasms	White	No	False	No	No	False	9.01	0:LIVING	No	No	No	Yes	1	Female	Standard Chemotherapy
aml_ohsu_2018	aml_ohsu_2018_819	aml_ohsu_2018_13-00147	58		Leukemia	AML with Mutated NPM1	No			2	7+3 (Cytarabine, Idarubicin)|HiDAC	2	Consolidation | Induction	1	Standard Chemotherapy	HiDAC	Consolidation	Normal		Yes	-1	Intermediate-I	Intermediate	Yes	No		Positive	None	Residual Disease|Post-Chemotherapy					Unknown		46,XX[20]	-14					-1	Standard Chemotherapy		Positive		AMLNPM1													RNA-seq	Yes	Yes	Peripheral Blood		Matched	AML with mutated NPM1	AML with mutated NPM1					Standard Chemotherapy		No	57.0	Dead-Disease	3	Yes	Acute Myeloid Leukaemia (AML) and Related Precursor Neoplasms	Acute Myeloid Leukaemia (AML) and Related Precursor Neoplasms	AdmixedAsian	No	False	No	No	False	8.45	1:DECEASED	No	No	No	No	1	Female	Standard Chemotherapy
aml_ohsu_2018	aml_ohsu_2018_1443	aml_ohsu_2018_14-00063	80		Leukemia	AML with Myelodysplasia-Related Changes	No			1	Bevacizumab	1	Unknown	1	Unknown	Bevacizumab	Unknown			No		Adverse	Adverse	No	Yes		Negative	None	Initial Acute Leukemia Diagnosis							44-47,XX,del(5)(q13q33),der(14;18)(q10;q10),-20,-21,+1-4mar[cp15]	-4					-1	Unknown	2	Negative		AMLMRC													WES + RNA-seq	Yes	Yes	Peripheral Blood	Denovo	Unmatched	AML with myelodysplasia-related changes	AML with myelodysplasia-related changes		0.133333333					Yes	80.0	Dead-Disease	3	No	Acute Myeloid Leukaemia (AML) and Related Precursor Neoplasms	Acute Myeloid Leukaemia (AML) and Related Precursor Neoplasms	White	No	False	No	No	False	0.33	1:DECEASED	No	No	No	No	1	Female	Unknown
aml_ohsu_2018	aml_ohsu_2018_1049	aml_ohsu_2018_13-00149	79	87	Leukemia	AML with Biallelic Mutations of CEBPA	No	1031?1032 ins AAC; MAF 50%	0.75	1	Decitabine	1	Induction	1	Standard Chemotherapy	Decitabine	Induction	Normal	Negative	Yes	-1	Intermediate-II	Intermediate	Yes	Yes		Negative	None	Post-Chemotherapy|Residual Disease	32.3	10.6	Negative	Negative	Refractory	Negative	45,X,-Y[19]/46,XY[1]	0	Negative	Negative	460	103.6	-1	Standard Chemotherapy	3	Negative	Negative	AMLCEBPA	3.4	19	41	0	72	1		17	4	1		15	WES + RNA-seq	Yes	Yes	Bone Marrow Aspirate		Unmatched	AML with mutated CEBPA	AML with mutated CEBPA	CD7, CD13, CD33, partial CD34, CD117, CD123, HLA-DR, MPO +	0.133333333	6.2	Negative	Standard Chemotherapy	8.5	Yes	78.0	Dead-Disease	1	Yes	Acute Myeloid Leukaemia (AML) and Related Precursor Neoplasms	Acute Myeloid Leukaemia (AML) and Related Precursor Neoplasms	White	No	False	No	No	False	8.78	1:DECEASED	No	No	No	No	1	Male	Standard Chemotherapy
aml_ohsu_2018	aml_ohsu_2018_1045	aml_ohsu_2018_13-00145	71		Leukemia	AML with Myelodysplasia-Related Changes	No		1.12	2	7+3 (Cytarabine, Idarubicin)|Azacitidine	2	Hypomethylating/Low Dose Cytarabine | Induction	2	Standard Chemotherapy | Supportive/Palliative Care	Azacitidine	Hypomethylating/Low Dose Cytarabine	nuc ish(D5S721,D5S23,EGR1)x2[200],(D7Z1x2,D7S522x1)[187/200], (D8Z2,D20S108)x2[199],(RUNX1T1,RUNX1)x2[200],(5'MLL,3'MLL)x2(5'MLL con 3'MLLx2)[200],(PML,RARA)x2[200], (5'CBFB,3'CBFB)x2(5'CBFB con 3'CBFBx2)[200]		Yes	-1	Intermediate-II	Intermediate	Yes	No		Positive	None	Post-Chemotherapy|Residual Disease	24.7	8.2			Refractory		46,XY,del(7)(q22q36)[7]/47,idem,+22[cp12]/46,XY[1]	-22				89.2	-1	Supportive/Palliative Care		Negative		AMLMRC					78			12	5	3		18	RNA-seq	Yes	Yes	Peripheral Blood		Matched	AML with myelodysplasia-related changes	AML with myelodysplasia-related changes					Standard Chemotherapy	24.4	No	70.0	Dead-Disease	2	Yes	Acute Myeloid Leukaemia (AML) and Related Precursor Neoplasms	Acute Myeloid Leukaemia (AML) and Related Precursor Neoplasms	White	No	False	No	No	False	6.38	1:DECEASED	No	No	No	No	1	Male	Standard Chemotherapy|Supportive/Palliative Care
aml_ohsu_2018	aml_ohsu_2018_1973	aml_ohsu_2018_15-00874	71	90	Leukemia	AML with Minimal Differentiation	No			3	7+3 (Cytarabine, Idarubicin)|Azacitidine|Decitabine	3	Hypomethylating/Low Dose Cytarabine | Induction | Supportive/Palliative Care	2	Standard Chemotherapy | Supportive/Palliative Care	Decitabine	Hypomethylating/Low Dose Cytarabine	Two of twenty metaphase cells examined were abnormal, with trisomy 4, as seen previously.		Yes	6	Intermediate-II	Adverse	Yes	Yes		Negative	None	Post-Chemotherapy|Residual Disease	31.9	10.2			Refractory		47,XY,+4[2]/46,XY[18]	0			235	94.7	-1	Supportive/Palliative Care	6	Negative		AMLMD	3.3	81	43	0	90	0	0	27.8	2.9	8.6	0.4	91	WES + RNA-seq	Yes	Yes	Bone Marrow Aspirate		Matched	AML with minimal differentiation	AML with minimal differentiation	partial CD7 (~35%), CD13, partial dim CD33, CD34, CD38, variable CD56, and CD117	0.266666667	6.6		Standard Chemotherapy	73.42	Yes	70.0	Alive	1	Yes	Acute Myeloid Leukaemia (AML) and Related Precursor Neoplasms	Acute Myeloid Leukaemia (AML) and Related Precursor Neoplasms	White	No	False	No	No	False	17.2	0:LIVING	No	No	No	No	3	Male	Standard Chemotherapy|Supportive/Palliative Care
aml_ohsu_2018	aml_ohsu_2018_2269	aml_ohsu_2018_15-00674	54	75	Leukemia	AML with Myelodysplasia-Related Changes	No	Negative		1	7+3 (Cytarabine, Idarubicin) plus Sorafenib	1	Induction	1	Standard Chemotherapy	7+3 (Cytarabine, Idarubicin) plus Sorafenib	Induction	- Gain of chromosome 8 in 55% of cells - Gain of 8q22 (ETO) sequence in 77.8% of cells; 21q22 (AML1) gain in 12% and loss in 77.8% cells		No	19	Adverse	Adverse	No	Yes		Negative	None	Initial Acute Leukemia Diagnosis			Negative	Negative	Complete Response	Negative	50,XX,+8,+10,+12,+21[20]	0	Negative				19	Standard Chemotherapy	6	Negative		AMLMRC									39			9	WES + RNA-seq	Yes	Yes	Bone Marrow Aspirate	Denovo	Matched	AML with myelodysplasia-related changes	AML with myelodysplasia-related changes	CD11b, CD13, CD14 (subset), CD33, CD34 (subset), CD38, CD45, CD64 (subset), HLA-DR and MPO	0.3			Standard Chemotherapy	37.2	Yes	54.0	Dead-Other	5	Yes	Acute Myeloid Leukaemia (AML) and Related Precursor Neoplasms	Acute Myeloid Leukaemia (AML) and Related Precursor Neoplasms	White	No	False	No	No	False	1.18	1:DECEASED	No	No	No	No	1	Female	Standard Chemotherapy
aml_ohsu_2018	aml_ohsu_2018_2265	aml_ohsu_2018_15-00670	61	92	Leukemia	AML, NOS	No	Negative	0.86	4	Fludarabine, Melphalan|3+7 (Cytarabine, Daunorubicin)|MiDAC|Hydroxyurea	4	Allogeneic - Sibling | Hypomethylating/Low Dose Cytarabine | Consolidation | Induction	2	Standard Chemotherapy | Bone Marrow Transplant	Fludarabine, Melphalan	Allogeneic - Sibling	Normal	p.R882H; MAF ~50%	Yes	6	Intermediate-I	Intermediate or Adverse	Yes	Yes		Positive	None	Initial Acute Leukemia Diagnosis	19.9	6.8	p.R132S; MAF ~50%	Negative	Complete Response	Negative	46,XY[7]	-1	Negative	Negative	330	106.4	-1	Bone Marrow Transplant	4	Negative	Negative	AMLNOS	3.2	35	23	0	98	0	0.8	2.6	0	0	0.1	49	WES + RNA-seq	Yes	Yes	Peripheral Blood	Denovo	Unmatched	Acute myeloid leukaemia, NOS	Acute myeloid leukaemia, NOS	dim CD33, CD34, CD38, dim CD45, CD117, and MPO	0.2	8	Negative	Standard Chemotherapy	84.96	Yes	61.0	Alive	1	Yes	Acute Myeloid Leukaemia (AML) and Related Precursor Neoplasms	Acute Myeloid Leukaemia (AML) and Related Precursor Neoplasms	White	No	False	No	No	False	9.08	0:LIVING	No	No	No	No	1	Male	Standard Chemotherapy|Bone Marrow Transplant
aml_ohsu_2018	aml_ohsu_2018_1226	aml_ohsu_2018_13-00454	31		Leukemia	AML with inv(16)(p13.1q22) or t(16;16)(p13.1;q22);CBFB-MYH11	No	Negative	1.04	2	7+3 (Cytarabine, Idarubicin)|HiDAC	2	Consolidation | Induction	1	Standard Chemotherapy	HiDAC	Consolidation	nuc ish(D4Z1,D10Z1)x2[199],(SCFD2,LNX,PDGFRA/KIT)x2[200],(5'PDGFRB,3'PDGFRB)x2(5'PDGFRB con 3'PDGFRBx2)[200],(5'FGFR1,3'FGFR1)x2([200],(RUNX1T1,RUNX1)x2[200](ABL1x2,BCRx3)[63/200],(5'MLL,3'MLL)x2(5'MLL con 3'MLLx2)[197],(ETV6,RUNX1)x2[198],(PML,RARA)x2[20		Yes	5	Favorable	Favorable	Yes	Yes		Negative	CBFB-MYH11	Initial Acute Leukemia Diagnosis	22	7.4			Complete Response i		46,XX,inv(16)(p13.1q22)[11]/47,idem,+22[4]/46,XX[5]	0			229		95	Standard Chemotherapy	1	Negative		AMLCBFBMYH11					45	3		25	20	7		30	WES + RNA-seq	Yes	Yes	Peripheral Blood	Denovo	Unmatched	AML with inv(16)(p13.1q22) or t(16;16)(p13.1;q22); CBFB-MYH11	AML with inv(16)(p13.1q22) or t(16;16)(p13.1;q22); CBFB-MYH11	CD2(-), CD4(-), CD7(-), CD11b(-), CD13(variably +), CD14(-), CD15(partial+), CD16(-), CD22(few +), CD33(dim + to -), CD34(+), CD36(-), CD38(variably +), CD41(-), CD45(variably +), CD56(-), CD61(-), CD64(-), CD117(variably +), HLA-DR(partial +), Gly-A(-), 	0.066666667			Standard Chemotherapy	13.63	Yes	31.0		2	Yes	Acute Myeloid Leukaemia (AML) and Related Precursor Neoplasms	Acute Myeloid Leukaemia (AML) and Related Precursor Neoplasms	HispNative	No	False	No	No	False			No	No	No	No	1	Female	Standard Chemotherapy
aml_ohsu_2018	aml_ohsu_2018_2473	aml_ohsu_2018_16-00027	55	91	Leukemia	AML, NOS	No	Negative	0.85	4	HiDAC|Cyclophosphamide|Fludarabine, Cyclophosphamide, TBI |7+3 (Cytarabine, Idarubicin) plus Crenolanib	4	Consolidation | Induction | Allogeneic - Child | Maintenance	2	Standard Chemotherapy | Bone Marrow Transplant	Cyclophosphamide	Maintenance	nuc ish(D5S2064,D5S630,EGR1)x2[200],(D7Z1,D7S522)x2[199],(D8Z2,D20S108)x2[199],(RUNX1T1, RUNX1)x2[200],(5'MLL,3'MLL)x2(5'MLL con 3'MLLx2)[200],(PML,RARA)x2[200],(5'CBFB,3'CBFB)x2(5'CBFB con 3'CBFBx2)[200]		Yes	7	Intermediate-I	Adverse	Yes	Yes		Positive	None	Initial Acute Leukemia Diagnosis	18.8	6.2	R132H; MAF 47.0%	Negative	Complete Response		46,XY[29]	0			808		1	Standard Chemotherapy	16	Negative		AMLNOS	3	33	27	0	99.2	0		0.8	0	0		28	WES + RNA-seq	Yes	Yes	Bone Marrow Aspirate	Denovo	Matched	Acute myeloid leukaemia, NOS	Acute myeloid leukaemia, NOS	CD2(-), CD4(partial dim +), CD7(-), CD11b(-), CD13(dim +), CD14(-), CD15(-/few dim +), CD16(-), CD33(+), CD34 (partial +), CD36(equivocal/small subset appears +), CD38(partial +), CD45(+), CD56(-), CD64(-/few dim +), CD117(+), HLA-DR(+ and variable), TDT(	0.833333333	6.1		Standard Chemotherapy	181.08	Yes	55.0	Alive	2	Yes	Acute Myeloid Leukaemia (AML) and Related Precursor Neoplasms	Acute Myeloid Leukaemia (AML) and Related Precursor Neoplasms	AdmixedWhite	No	False	No	No	False	12.93	0:LIVING	No	No	No	No	1	Male	Standard Chemotherapy|Bone Marrow Transplant
aml_ohsu_2018	aml_ohsu_2018_1101	aml_ohsu_2018_13-00232	22	55	Leukemia	AML with Biallelic Mutations of CEBPA	No	p.D107fs*; MAF ~50%	0.64	3	Busulfan, Fludarabine|7+3 (Cytarabine, Idarubicin)|HiDAC	3	Consolidation | Induction | Allogeneic - Matched Unrelated Donor	2	Standard Chemotherapy | Bone Marrow Transplant	Busulfan, Fludarabine	Allogeneic - Matched Unrelated Donor	Normal	Negative	Yes	6	Favorable	Intermediate	Yes	Yes	M4	Negative	None	Initial Acute Leukemia Diagnosis	24	8	Negative	Negative	Complete Response	Negative	46,XX[24]	0	Negative	Negative	373	95.2	-1	Bone Marrow Transplant	9	Negative	Negative	AMLCEBPA	2.2	67	16	0	29	2		7	33	24		34	WES + RNA-seq	Yes	Yes	Bone Marrow Aspirate	Denovo	Matched	AML with mutated CEBPA	AML with mutated CEBPA	CD7, CD13, CD33, CD34, CD38, CD56, partial CD64,     CD117,        dim CD123, HLA-DR and MPO+	0.433333333	6.5	Negative	Standard Chemotherapy	29.4	Yes	22.0	Alive	1	Yes	Acute Myeloid Leukaemia (AML) and Related Precursor Neoplasms	Acute Myeloid Leukaemia (AML) and Related Precursor Neoplasms	White	No	False	No	No	False	32.93	0:LIVING	No	No	No	No	1	Female	Standard Chemotherapy|Bone Marrow Transplant
aml_ohsu_2018	aml_ohsu_2018_1410	aml_ohsu_2018_14-00026	39		Leukemia	AML with Recurrent Genetic Abnormalities	No		0.77	4	7+3 (Cytarabine, Idarubicin)|FLAG-IDA (Cytarabine, Filgrastim, Fludarabine, Idarubicin)|Azacitidine|MEC (Cytarabine, Etoposide, Mitoxantrone)	4	Salvage | Unknown | Induction | Maintenance	2	Standard Chemotherapy | Supportive/Palliative Care	FLAG-IDA (Cytarabine, Filgrastim, Fludarabine, Idarubicin)	Unknown			No	5	Adverse	Intermediate	No	Yes		Negative	Unknown	Post-Chemotherapy|Residual Disease	30.5	10.6			Refractory			0			340		6	Standard Chemotherapy	11	Negative		AMLRGA	4.3	152	49		16			20	10	54		215	WES + RNA-seq	Yes	Yes	Peripheral Blood	After or at the time transformation from another heme malignancy	Matched	AML with inv(3)(q21q26.2) or t(3;3)(q21;q26.2); RPN1-EVI1	AML with inv(3)(q21q26.2) or t(3;3)(q21;q26.2); RPN1-EVI1		0.566666667	7		Standard Chemotherapy	4.01	Yes	38.0		2	Yes	Acute Myeloid Leukaemia (AML) and Related Precursor Neoplasms	Acute Myeloid Leukaemia (AML) and Related Precursor Neoplasms	HispNative	Yes	False	No	No	False			Yes	No	No	No	2	Male	Standard Chemotherapy|Supportive/Palliative Care
aml_ohsu_2018	aml_ohsu_2018_1355	aml_ohsu_2018_13-00535	51	50	Leukemia	AML with Mutated NPM1	No		0.71	3	7+3 (Cytarabine, Idarubicin)|HiDAC|MEC (Cytarabine, Etoposide, Mitoxantrone)	3	Consolidation | Salvage | Induction	1	Standard Chemotherapy	MEC (Cytarabine, Etoposide, Mitoxantrone)	Salvage	nuc ish(RUNX1T1,RUNX1)x2[200],(5'MLL,3'MLL)x2(5'MLL con 3'MLLx2)[200],(PML,RARA)x2[200],(5'CBFB,3'CBFB)x2(5'CBFB con 3'CBFBx2)[200]		Yes	5	Not Enough Information	Favorable	Yes	Yes		Negative	None	Initial Acute Leukemia Diagnosis	26.1	8.7			Complete Response		46,XX[20]	0			335		2197	Standard Chemotherapy	11	Positive		AMLNPM1					24	1		28	5	42		108	WES	No	No	Peripheral Blood	Denovo	Matched	AML with mutated NPM1	AML with mutated NPM1	CD2(-), CD4(partial dim +), CD5(-),CD7(-), CD11b(-), CD15(partial +/subset bright +), CD16(-), CD22(partial +), CD33(bright +), CD34(partial +), CD36(partial +), CD38(variably +), CD41(partial +), CD45(moderately +), CD56(-), CD61(partial +), CD64(-), CD7	0.6			Standard Chemotherapy	4.06	Yes	51.0	Dead-Disease	2	Yes	Acute Myeloid Leukaemia (AML) and Related Precursor Neoplasms	Acute Myeloid Leukaemia (AML) and Related Precursor Neoplasms	White	No	False	No	No	False	8.52	1:DECEASED	No	No	No	No	1	Female	Standard Chemotherapy
aml_ohsu_2018	aml_ohsu_2018_2251	aml_ohsu_2018_15-00650	85	36	Leukemia	Acute Myeloid Leukemia	No		0.88	1	Azacitidine	1	Induction	1	Standard Chemotherapy	Azacitidine	Induction	ETV6: 84% of cells were missing a signal for ETV6 (12p13), consistent with the deletion seen on metaphase analysis.		Yes	232	Intermediate-II	Intermediate	Yes	Yes	M4	Negative	None	Initial Acute Leukemia Diagnosis	31.5	9.6			Refractory		46,XY,del(12)(p11.2p13)[20]	0			200	95.7	232	Standard Chemotherapy	2	Negative	p.Q61R; MAF 30%	AML	3.4	24	23	0	23.7	0	8.7	20.2	27.2	20.2	1.6	46	WES + RNA-seq	Yes	Yes	Bone Marrow Aspirate	After or at the time transformation from another heme malignancy	Unmatched	Acute myelomonocytic leukaemia	Acute myelomonocytic leukaemia	CD34, CD117, dim CD123, CD33, dim HLA-DR, CD13, and CD58.	0.1	7		Standard Chemotherapy	40.53	Yes	85.0	Dead-Unknown	1	Yes	Acute Myeloid Leukaemia (AML) and Related Precursor Neoplasms	Acute Myeloid Leukaemia (AML) and Related Precursor Neoplasms	White	No	False	Yes	No	False	2.63	1:DECEASED	No	Yes	No	No	1	Male	Standard Chemotherapy
aml_ohsu_2018	aml_ohsu_2018_2420	aml_ohsu_2018_15-00988	24	80	Leukemia	Acute Myeloid Leukemia	No		0.92	5	7+3 (Cytarabine, Idarubicin)|HAM (Cytarabine, Mitoxantrone)|Azacitidine|Decitabine|Busulfan, Cyclophosphamide	5	Hypomethylating/Low Dose Cytarabine | Consolidation | Induction | Allogeneic - Mismatched Unrelated Donor | Re-induction	2	Standard Chemotherapy | Bone Marrow Transplant	Busulfan, Cyclophosphamide	Allogeneic - Mismatched Unrelated Donor	Normal		No	7	Not Enough Information	Intermediate	No	Yes		Negative	None	Residual Disease|Post-Chemotherapy	22.5	8.1			Refractory		46,XY[21]	0			176	81.2	-1	Bone Marrow Transplant	10	Negative		AML	3.7	48	29	0		0	0	47.9	45.5	0	0	8	WES	No	No	Bone Marrow Aspirate		Matched	Acute myelomonocytic leukaemia	Acute myelomonocytic leukaemia		0.566666667	6.6		Standard Chemotherapy	0.6	Yes	24.0	Alive	1	Yes	Acute Myeloid Leukaemia (AML) and Related Precursor Neoplasms	Acute Myeloid Leukaemia (AML) and Related Precursor Neoplasms	White	No	False	No	No	False	6.15	0:LIVING	No	No	No	No	2	Male	Standard Chemotherapy|Bone Marrow Transplant
aml_ohsu_2018	aml_ohsu_2018_1051	aml_ohsu_2018_13-00150	53		Leukemia	Mixed Phenotype Acute Leukemia, T/Myeloid, NOS	No		0.68	6	7+3 (Cytarabine, Idarubicin)|Sunitinib|HAM (Cytarabine, Mitoxantrone)|FLAG-IDA (Cytarabine, Filgrastim, Fludarabine, Idarubicin)|Decitabine|Busulfan, Cyclophosphamide	5	Salvage | Induction | Re-induction | Supportive/Palliative Care | Allogeneic - Matched Unrelated Donor	3	Standard Chemotherapy | Bone Marrow Transplant | Targeted Therapy - Kinase Inhibitor(s)	Decitabine	Salvage	Deleted 5q		Yes	6	Adverse	Adverse	Yes	No		Negative	None	Post-Transplant|Post-Chemotherapy|Residual Disease	34	11.1			Refractory		45~48,XY,+5,add(5)(q11.2)x2,t(7;7)(q22;q36),+11,add(13)(q13),-22[cp9]/45~47,sl,-add(5)(q11.2),der(11)t(11;12)(p11.2;q13),-12[cp6]/46,sl,t(Y;18)(p11.2;q21),der(9)t(9;17)(p13;q11.2),-17[2]/46,XY[3]	-2			167	102.8	80	Standard Chemotherapy		Negative		MPALTNOS	3.7	32	34	0	59	0		9	2	29		152	RNA-seq	Yes	Yes	Peripheral Blood		Matched	Mixed phenotype acute leukaemia, T/myeloid, NOS	Mixed phenotype acute leukaemia, T/myeloid, NOS			6.7		Standard Chemotherapy	14	No	52.0	Dead-Disease	1	Yes	Acute Leukaemias of Ambiguous Lineage	Acute Leukaemias of Ambiguous Lineage	White	No	False	No	No	False	13.29	1:DECEASED	No	No	No	No	1	Male	Standard Chemotherapy|Bone Marrow Transplant|Targeted Therapy - Kinase Inhibitor(s)
aml_ohsu_2018	aml_ohsu_2018_203	aml_ohsu_2018_10-00715	70	75	Leukemia	AML with Minimal Differentiation	No	Negative	0.9	4	7+3 (Cytarabine, Idarubicin)|HiDAC|Quizartinib|Idarubicin and Cytarabine	3	Consolidation | Induction | Experimental	2	Standard Chemotherapy | Targeted Therapy - Kinase Inhibitor(s)	Quizartinib	Experimental	Normal		No	7	Intermediate-I	Intermediate	No	Yes	M0	Negative	None	Residual Disease	25.8	9.1			Complete Response	Negative	46,XY[18]	0	Negative		137	89.5	155	Targeted Therapy - Kinase Inhibitor(s)	7	Negative		AMLMD	3.7	16	22	1	30	0		64	0	4		43	WES	No	No	Bone Marrow Aspirate		Unmatched	AML with minimal differentiation	AML with minimal differentiation	partial CD7, dim CD11b, dim CD13, CD22, dim CD33, bright CD34, CD38, dim CD45, partial CD117, CD123, HLA-DR, and TdT positive	0.266666667	6.3		Standard Chemotherapy	2.5	Yes	70.0	Dead-Disease	1	Yes	Acute Myeloid Leukaemia (AML) and Related Precursor Neoplasms	Acute Myeloid Leukaemia (AML) and Related Precursor Neoplasms	White	No	False	No	No	False	13.16	1:DECEASED	No	No	No	No	2	Male	Standard Chemotherapy|Targeted Therapy - Kinase Inhibitor(s)
aml_ohsu_2018	aml_ohsu_2018_1876	aml_ohsu_2018_15-00009	71	40	Leukemia	AML without Maturation	No	Negative		3	Cyclophosphamide, Fludarabine, TBI|Azacitidine|Venetoclax (ABT-199)	3	Hypomethylating/Low Dose Cytarabine | Experimental | Double Umbilical Cord Blood Transplant (DUCBT)	3	Standard Chemotherapy | Bone Marrow Transplant | Targeted Therapy - Other	Cyclophosphamide, Fludarabine, TBI	Double Umbilical Cord Blood Transplant (DUCBT)	Normal		No		Not Enough Information	Intermediate	No	Yes	M0	Negative	None	Initial Acute Leukemia Diagnosis			Negative	Negative		Negative	46,XY[12]	1					-1	Bone Marrow Transplant		Negative		AWM		6	9									31	WES	No	No	Peripheral Blood	Denovo	Matched	AML without maturation	AML without maturation	CD34, dim CD45, CD117	0				0.9	Yes	71.0	Alive	5	Yes	Acute Myeloid Leukaemia (AML) and Related Precursor Neoplasms	Acute Myeloid Leukaemia (AML) and Related Precursor Neoplasms	White	No	False	No	No	False	15.76	0:LIVING	No	No	No	No	2	Male	Standard Chemotherapy|Bone Marrow Transplant|Targeted Therapy - Other
aml_ohsu_2018	aml_ohsu_2018_1162	aml_ohsu_2018_13-00346	47	41	Leukemia	AML with Myelodysplasia-Related Changes	No			7	Azacitidine, Sorafenib|7+3 (Cytarabine, Idarubicin)|HiDAC|Crenolanib|PLX3397|Fludarabine, Cyclophosphamide, Thiotepa, TBI|AC220 (Ambit)	6	Hypomethylating/Low Dose Cytarabine | Consolidation | Induction | Experimental | Re-induction | Double Umbilical Cord Blood Transplant (DUCBT)	3	Standard Chemotherapy | Bone Marrow Transplant | Targeted Therapy - Kinase Inhibitor(s)	Crenolanib	Experimental	Normal		No	9	Not Enough Information	Adverse	No	Yes		Positive	None	Post-Chemotherapy|Post-Transplant|Residual Relapse	23	7.9			Complete Response i		46,X,t(X;11)(p22.1;q13),add(7)(p22),add(17)(q21)[cp3]/45,X,-X,add(1)(q21),add(2)(q37),add(5)(q35),add(7)[cp3]/46,XX[4]	0					-1	Targeted Therapy - Kinase Inhibitor(s)	5	Negative		AMLMRC	3.6	33	38	0	42	0		40	0	10		11	WES	No	No	Peripheral Blood		Unmatched	AML with myelodysplasia-related changes	AML with myelodysplasia-related changes	CD2(dim +), CD7(-), CD13(partial dim +), CD14(-), CD15(partial +), CD33(+), CD34(+), CD38(partial +), CD45(moderately +), CD117(partial +), HLA-DR(variably +)	0.233333333	6.7		Standard Chemotherapy	0.8	Yes	46.0	Dead-Disease	2	Yes	Acute Myeloid Leukaemia (AML) and Related Precursor Neoplasms	Acute Myeloid Leukaemia (AML) and Related Precursor Neoplasms	White	No	False	No	No	False	15.76	1:DECEASED	No	No	No	No	1	Female	Standard Chemotherapy|Bone Marrow Transplant|Targeted Therapy - Kinase Inhibitor(s)
aml_ohsu_2018	aml_ohsu_2018_2433	aml_ohsu_2018_15-00929	50		Leukemia	AML with Myelodysplasia-Related Changes	No			4	7+3 (Cytarabine, Idarubicin)|Azacitidine|SWOG S1203 (7+3 +/- Vorinostat)|MiDAC	4	Consolidation | Induction | Re-induction | Maintenance	1	Standard Chemotherapy	Azacitidine	Maintenance	showed multiple RUNX1 signals as well as a 3rd RUNX1 signal at 7p consistent with t(7;21)(p22;q22).		No	-1	Intermediate-I	Intermediate	No	Yes		Negative	None	Post-Chemotherapy					Refractory		46,XX[20]	-1					8	Standard Chemotherapy	1	Negative		AMLMRC													WES + RNA-seq	Yes	Yes	Bone Marrow Aspirate		Unmatched	AML with myelodysplasia-related changes	AML with myelodysplasia-related changes		0.033333333			Standard Chemotherapy	10.08	Yes	50.0	Dead-Treatment	3	Yes	Acute Myeloid Leukaemia (AML) and Related Precursor Neoplasms	Acute Myeloid Leukaemia (AML) and Related Precursor Neoplasms	White	No	False	No	No	False	13.98	1:DECEASED	No	No	No	No	1	Female	Standard Chemotherapy
aml_ohsu_2018	aml_ohsu_2018_1246	aml_ohsu_2018_14-00495	64		Leukemia	AML with Mutated NPM1	No			6	7+3 (Cytarabine, Idarubicin)|HiDAC|FLAG-IDA (Cytarabine, Filgrastim, Fludarabine, Idarubicin)|Crenolanib|Clofarabine, Cytarabine|Busulfan, Cyclophosphamide	5	Consolidation | Induction | Experimental | Re-induction | Allogeneic - Matched Unrelated Donor	3	Standard Chemotherapy | Bone Marrow Transplant | Targeted Therapy - Kinase Inhibitor(s)	Crenolanib	Experimental	nuc ish(RUNX1T1,RUNX1)x2[200],(5'MLL,3'MLL)x2(5'MLL con 3'MLLx2) [200],(PML,RARA)x2[200],(5'CBFB,3'CBFB)x1(5'CBFB con 3'CBFBx1)[31/200]	R882H; MAF unlisted	Yes	24	Intermediate-II	Intermediate	Yes	Yes		Positive	None	Post-Chemotherapy|Post-Transplant|Residual Disease	27.9	9.6			Complete Response		45,XY,der(12;16)(q10;p10)[2]/46,XY[18]	-28					141	Targeted Therapy - Kinase Inhibitor(s)	43	Positive		AMLNPM1	2.9	23	26									30	WES + RNA-seq	Yes	Yes	Peripheral Blood		Matched	AML with mutated NPM1	AML with mutated NPM1		2.166666667	5		Standard Chemotherapy	27.4	Yes	62.0	Dead-Unknown	2	Yes	Acute Myeloid Leukaemia (AML) and Related Precursor Neoplasms	Acute Myeloid Leukaemia (AML) and Related Precursor Neoplasms	White	No	False	No	No	False	18.68	1:DECEASED	No	No	No	No	2	Male	Standard Chemotherapy|Bone Marrow Transplant|Targeted Therapy - Kinase Inhibitor(s)
aml_ohsu_2018	aml_ohsu_2018_1847	aml_ohsu_2018_14-00781	71	95	Leukemia	Acute Monoblastic/Monocytic Leukemia	No	Negative	1.61	2	7+3 (Cytarabine, Idarubicin)|MiDAC	2	Consolidation | Induction	1	Standard Chemotherapy	MiDAC	Consolidation	c/w karyotype	Negative	Yes	5	Adverse	Adverse	Yes	Yes	M5	Negative	None	Initial Acute Leukemia Diagnosis	31.8	10			Complete Response		47,XY,t(1;11)(p32;q23),+8[cp20]	0	Negative	p.G13D; MAF 27%	7759	102.3	5	Standard Chemotherapy	7	Negative	Negative	AMOL	3.2	29	282	0	80	0	2	21	4	1	0.8	59	WES + RNA-seq	Yes	Yes	Bone Marrow Aspirate	Denovo	Matched	Acute monoblastic and monocytic leukaemia	Acute monoblastic and monocytic leukaemia	CD11b, CD13, partial CD14, CD15, CD33,CD38, CD45, CD56, CD58, CD64, HLA-DR and MPO-positive	0.333333333	6.1	Negative	Standard Chemotherapy	71.19	Yes	71.0	Dead-Disease	1	Yes	Acute Myeloid Leukaemia (AML) and Related Precursor Neoplasms	Acute Myeloid Leukaemia (AML) and Related Precursor Neoplasms	White	No	False	No	No	False	5.33	1:DECEASED	No	No	No	No	1	Male	Standard Chemotherapy
aml_ohsu_2018	aml_ohsu_2018_1171	aml_ohsu_2018_13-00365	72		Leukemia	AML with Mutated NPM1	No	Negative		2	Azacitidine, Lenalidomide|Temozolomide, Vorinostat	2	Induction | Re-induction	1	Standard Chemotherapy	Temozolomide, Vorinostat	Re-induction		Negative	Yes	-1	Not Enough Information	Adverse	Yes	Yes		Positive	None	Initial Acute Leukemia Diagnosis			Negative	Negative	Refractory		46,XX,del(5)(q31q35),inv(7)(p15q32),del(12)(q?15)[2]/45~46,idem,add(3)(q27),-9,-del(12)(q?15),+add(12)(q13),-16,-17,+mar1,+mar2x2[cp16]/46,XX[2]	-13	Negative	Negative			-1	Standard Chemotherapy	5	Positive	Negative	AMLNPM1													WES + RNA-seq	Yes	Yes	Peripheral Blood	Denovo	Matched	AML with mutated NPM1	AML with mutated NPM1		0.166666667		Positive	Standard Chemotherapy		Yes	72.0	Dead-Unknown	4	Yes	Acute Myeloid Leukaemia (AML) and Related Precursor Neoplasms	Acute Myeloid Leukaemia (AML) and Related Precursor Neoplasms	White	No	False	No	No	False	13.82	1:DECEASED	No	No	No	No	1	Female	Standard Chemotherapy
aml_ohsu_2018	aml_ohsu_2018_1027	aml_ohsu_2018_13-00123	83		Leukemia	Therapy-Related Myeloid Neoplasms	No		2.48	0		0		0		NONE	NONE	trisomy 8		Yes		Intermediate-II	Favorable	Yes	No	M5	Negative	None	Initial Acute Leukemia Diagnosis	17.6	6.2					47,XY,+8[6]/46,XY[13]	-1			2037	94.5		NONE		Positive		TMN	1.9	242	341	0	90	0		9	7	4		14	RNA-seq	Yes	Yes	Peripheral Blood		Matched	Therapy-related myeloid neoplasms	Therapy-related myeloid neoplasms	Immunophenotype:  CD11b, CD13, dimCD14, CD15, dim CD16, CD33,     CD56,     CD58, CD64, CD123, and HLA-DR positive		3.6			85.9	No	83.0	Dead-Disease	1	Yes	Acute Myeloid Leukaemia (AML) and Related Precursor Neoplasms	Acute Myeloid Leukaemia (AML) and Related Precursor Neoplasms	White	No	False	No	No	False	0.3	1:DECEASED	No	No	No	No	1	Male	
aml_ohsu_2018	aml_ohsu_2018_2293	aml_ohsu_2018_15-00734	53	93	Leukemia	AML with Mutated NPM1	No		0.79	1	SWOG S1203 (7+3 +/- Vorinostat)	1	Induction	1	Standard Chemotherapy	SWOG S1203 (7+3 +/- Vorinostat)	Induction	Normal		Yes	153	Favorable	Favorable	Yes	Yes	M5	Negative	None	Initial Acute Leukemia Diagnosis	26.8	8.8			Complete Response		46,XX[20]	0			977	92.1	153	Standard Chemotherapy	10	Positive		AMLNPM1	3.1	47	37	0	80	0	1.7	19.3	20.2	13.2	0.6	36	WES + RNA-seq	Yes	Yes	Bone Marrow Aspirate	Denovo	Matched	AML with mutated NPM1	AML with mutated NPM1	Blast immunophenotype: partial CD11b, CD13, CD33, CD38, CD58, partial CD64, partial CD117 and a subset with MPO - Blast/promonocyte immunophenotype: CD11b, CD13, partial CD14, CD15, CD33, CD38, CD58 and CD64	0.4	6		Standard Chemotherapy	42.34	Yes	53.0	Alive	1	Yes	Acute Myeloid Leukaemia (AML) and Related Precursor Neoplasms	Acute Myeloid Leukaemia (AML) and Related Precursor Neoplasms	White	No	False	No	No	False	6.64	0:LIVING	No	No	No	No	1	Female	Standard Chemotherapy
aml_ohsu_2018	aml_ohsu_2018_1730	aml_ohsu_2018_14-00578	75	90	Leukemia	Acute Monoblastic/Monocytic Leukemia	No	Negative	0.94	4	7+3 (Cytarabine, Idarubicin)|Cytarabine|Fludarabine, TBI|Decitabine	4	Hypomethylating/Low Dose Cytarabine | Consolidation | Induction | Allogeneic - Mismatched Unrelated Donor	2	Standard Chemotherapy | Bone Marrow Transplant	Fludarabine, TBI	Allogeneic - Mismatched Unrelated Donor	Normal	p.P777L; MAF 50%	Yes	6	Intermediate-I	Intermediate or Adverse	Yes	Yes	M5	Positive	None	Initial Acute Leukemia Diagnosis	26.8	9.1	Negative		Complete Response	Negative	46,XY[20]	0	Negative	Negative	1173	105.5	-1	Bone Marrow Transplant	5	Negative	Negative	AMOL	2.6	18	49	0		0	0	6	2.6	0	0.1	45	WES + RNA-seq	Yes	Yes	Bone Marrow Aspirate	Denovo	Matched	Acute monoblastic and monocytic leukaemia	Acute monoblastic and monocytic leukaemia	dim partial CD11b, dim variable CD13, CD33, CD34, CD38, CD58, partial CD64, CD117, CD123, HLA-DR, partial TdT, dim MPO positive	0.166666667	6.8	Negative	Standard Chemotherapy	98.9	Yes	75.0	Dead-Disease	1	Yes	Acute Myeloid Leukaemia (AML) and Related Precursor Neoplasms	Acute Myeloid Leukaemia (AML) and Related Precursor Neoplasms	White	No	False	No	No	False	10.76	1:DECEASED	No	No	No	No	1	Male	Standard Chemotherapy|Bone Marrow Transplant
aml_ohsu_2018	aml_ohsu_2018_1558	aml_ohsu_2018_14-00279	52	91	Leukemia	AML with inv(16)(p13.1q22) or t(16;16)(p13.1;q22);CBFB-MYH11	No	Negative		1	SWOG S1203 (7+3 +/- Vorinostat)	1	Induction	1	Standard Chemotherapy	SWOG S1203 (7+3 +/- Vorinostat)	Induction			Yes	8	Favorable	Favorable	Yes	Yes		Negative	CBFB-MYH11	Initial Acute Leukemia Diagnosis			Negative	Negative	Complete Response		46,XX,inv(16)(p13.1q22)[cp20]	0	Negative	Negative			8	Standard Chemotherapy	5	Negative	Negative	AMLCBFBMYH11					79				0				WES + RNA-seq	Yes	Yes	Bone Marrow Aspirate	Denovo	Matched	AML with inv(16)(p13.1q22) or t(16;16)(p13.1;q22); CBFB-MYH11	AML with inv(16)(p13.1q22) or t(16;16)(p13.1;q22); CBFB-MYH11	CD34, PARTIAL CD117, CD15, CD38, PARTIAL CD13, CD33, CD64, PARTIAL CD14(SUBSET), PARTIAL CD11c, DIM CD4, HLA-DR AND BRIGHT MPO	0.333333333		Negative	Standard Chemotherapy	28.1	Yes	52.0	Alive	4	Yes	Acute Myeloid Leukaemia (AML) and Related Precursor Neoplasms	Acute Myeloid Leukaemia (AML) and Related Precursor Neoplasms	HispNative	No	False	No	No	False	1.18	0:LIVING	No	No	No	No	1	Female	Standard Chemotherapy
aml_ohsu_2018	aml_ohsu_2018_2460	aml_ohsu_2018_16-00001	36	40	Leukemia	AML with inv(16)(p13.1q22) or t(16;16)(p13.1;q22);CBFB-MYH11	No		0.53	4	Dasatinib|7+3 (Cytarabine, Idarubicin)|HiDAC|Hydroxyurea	3	Consolidation | Induction | Experimental	2	Standard Chemotherapy | Targeted Therapy - Kinase Inhibitor(s)	HiDAC	Consolidation	CBFB: 191/200 cells (95.5%) had the abnormal 1 red/ 1 green/1 yellow signal pattern, reflecting CBFB rearrangement, consistent with the 16;16 translocation observed in the metaphase karyotype.		Yes	1	Favorable	Favorable	Yes	Yes		Negative	CBFB-MYH11	Initial Acute Leukemia Diagnosis	22.9	7.6			Refractory		46,XX,t(16;16)(p13.2;q22)[20]	-2			508	99.6	122	Standard Chemotherapy	12	Negative		AMLCBFBMYH11	3.2	38	28	0	60	1.7	0	33.4	5.1	18.8	0.1	24	WES + RNA-seq	Yes	Yes	Peripheral Blood	Denovo	Matched	AML with inv(16)(p13.1q22) or t(16;16)(p13.1;q22); CBFB-MYH11	AML with inv(16)(p13.1q22) or t(16;16)(p13.1;q22); CBFB-MYH11	Immunophenotype: CD13, partial CD15, dim CD33, CD34, CD38, dim CD45, CD58, variable CD64, variable CD117, CD123, and dim HLA-DR positive.	0.433333333	7.3		Standard Chemotherapy	20.44	Yes	36.0	Alive	1	Yes	Acute Myeloid Leukaemia (AML) and Related Precursor Neoplasms	Acute Myeloid Leukaemia (AML) and Related Precursor Neoplasms	White	No	False	No	No	False	6.88	0:LIVING	No	No	No	No	1	Female	Standard Chemotherapy|Targeted Therapy - Kinase Inhibitor(s)
aml_ohsu_2018	aml_ohsu_2018_2425	aml_ohsu_2018_15-00909	47	90	Leukemia	AML with Minimal Differentiation	No		0.82	1	Radiation	1	Unknown	1	Targeted Therapy - Other	Radiation	Unknown	This test has not detected clonal abnormalities in the cells analyzed. Subtle structural changes cannot be ruled out due to the limitations of resolution. Small precentage of tumor cells with chromosome abnormalities may not be detected due to the cells e		Yes		Not Enough Information	Adverse	Yes	Yes		Positive	None	Post-Chemotherapy|Residual Disease	29.3	9.6					46,XX[20]	0				89.9	14	Targeted Therapy - Other	6	Negative		AMLMD	3.3	30	41		45	0		28	5	1		5	WES + RNA-seq	Yes	Yes	Peripheral Blood		Unmatched	AML with minimal differentiation	AML with minimal differentiation	The blasts are positive for HLA-DR, CD34, CD117 (PARTIAL), CD13, CD(PARTIAL/DIM), CD33, TDT (DIM, SUBSET) and are negative for CD11b, CD14, CD64, MPO and all B and T cell markers.	0.233333333	7.3			6.5	Yes	44.0		6	No	Acute Myeloid Leukaemia (AML) and Related Precursor Neoplasms	Acute Myeloid Leukaemia (AML) and Related Precursor Neoplasms	Black	No	False	No	No	False			No	No	No	No	1	Female	Targeted Therapy - Other
aml_ohsu_2018	aml_ohsu_2018_1484	aml_ohsu_2018_14-00134	63	30	Leukemia	AML with Mutated NPM1	No	Negative	0.8	4	Fludarabine, Melphalan|FLAG-IDA (Cytarabine, Filgrastim, Fludarabine, Idarubicin)|MEC (Cytarabine, Etoposide, Mitoxantrone)|Decitabine	4	Allogeneic - Sibling | Salvage | Re-induction | Supportive/Palliative Care	3	Standard Chemotherapy | Bone Marrow Transplant | Supportive/Palliative Care	Decitabine	Supportive/Palliative Care	Trisomy 8	p.R882H; MAF 30%	No		Adverse	Intermediate	No	Yes		Positive	None	Post-Transplant|Relapse	34.4	11.3	Negative	Negative		Negative	49,XX,+X,+8,+10[13]/46,XY[7]	0	Negative	Negative	245	95.3	-1	Supportive/Palliative Care	4	Positive	Negative	AMLNPM1	3.7	27	21	0	14	0.9		3.6	21.2	69	1	299	WES	No	No	Bone Marrow Aspirate	Transformation from another heme malignancy and Relapse	Unmatched	AML with mutated NPM1	AML with mutated NPM1	dim CD13, CD33, CD34, CD117, CD123, and dim HLADR	0.166666667	7.3	Negative		6.23	Yes	63.0	Dead-Disease	1	Yes	Acute Myeloid Leukaemia (AML) and Related Precursor Neoplasms	Acute Myeloid Leukaemia (AML) and Related Precursor Neoplasms	White	No	False	Yes	No	False	5.53	1:DECEASED	No	Yes	No	No	1	Female	Standard Chemotherapy|Bone Marrow Transplant|Supportive/Palliative Care
aml_ohsu_2018	aml_ohsu_2018_1532	aml_ohsu_2018_14-00228	46	80	Leukemia	AML with Mutated NPM1	No	Negative	0.77	4	7+3 (Cytarabine, Idarubicin)|Azacitidine|MEC (Cytarabine, Etoposide, Mitoxantrone)|MiDAC	3	Consolidation | Induction | Re-induction	1	Standard Chemotherapy	Azacitidine	Consolidation	Normal	p.R882C; MAF 46%	Yes	7	Favorable	Favorable	Yes	Yes	M4	Negative	None	Initial Acute Leukemia Diagnosis	25.2	8.4	Negative	Negative	Complete Response	Negative	46,XX[20]	0	Negative	Negative	550	88.1	339	Standard Chemotherapy	6	Positive	Negative	AMLNPM1	2.5	52	28	0	45	1.6		9.9	14.9	10.7	0	107	WES + RNA-seq	Yes	Yes	Bone Marrow Aspirate	Denovo	Matched	AML with mutated NPM1	AML with mutated NPM1	dim CD11b, CD13, CD33, partial CD34, dim CD45, dim CD64, CD117, CD123, and dim HLA-DR+	0.266666667	6.3	Negative	Standard Chemotherapy	57.23	Yes	46.0	Alive	1	Yes	Acute Myeloid Leukaemia (AML) and Related Precursor Neoplasms	Acute Myeloid Leukaemia (AML) and Related Precursor Neoplasms	White	No	False	No	No	False	25.92	0:LIVING	No	No	No	No	2	Female	Standard Chemotherapy
aml_ohsu_2018	aml_ohsu_2018_1989	aml_ohsu_2018_14-00083	46		Leukemia	AML with Mutated NPM1	No	Negative		5	HiDAC|GCLAC (GCSF, Clofarabine & Cytarabine)|SWOG S1203 (7+3 +/- Vorinostat)|MEC, Lenalidomide|Etoposide, Cytarabine	4	Consolidation | Salvage | Induction | Re-induction	1	Standard Chemotherapy	GCLAC (GCSF, Clofarabine & Cytarabine)	Salvage		Positive	Yes	6	Favorable	Favorable	Yes	Yes		Negative	None	Residual Disease			Positive	Negative	Complete Response		46,XY[20]	-2	Negative	Negative			-1	Standard Chemotherapy	17	Positive	Positive	AMLNPM1													WES + RNA-seq	Yes	Yes	Bone Marrow Aspirate		Matched	AML with mutated NPM1	AML with mutated NPM1		0.966666667		Negative	Standard Chemotherapy		Yes	46.0		4	Yes	Acute Myeloid Leukaemia (AML) and Related Precursor Neoplasms	Acute Myeloid Leukaemia (AML) and Related Precursor Neoplasms	White	No	False	No	No	False			No	No	No	No	2	Male	Standard Chemotherapy
aml_ohsu_2018	aml_ohsu_2018_2443	aml_ohsu_2018_16-00073	64		Leukemia	AML with Myelodysplasia-Related Changes	No		1.3	6	7+3 (Cytarabine, Idarubicin)|Cytarabine|Azacitidine|Sorafenib|Decitabine|Hydroxyurea	6	Hypomethylating/Low Dose Cytarabine | Consolidation | Induction | Experimental | Maintenance | Supportive/Palliative Care	3	Standard Chemotherapy | Supportive/Palliative Care | Targeted Therapy - Other	Hydroxyurea	Supportive/Palliative Care	RUNX1/RUNX1T1/CEP8: 81% of cells had three signals for all probes, consistent with +8 and +21, as seen on metaphase analysis.  MLL: 68% of cells had a split signal pattern consistent with MLL (11q23) rearrangement. Disruption of MLL was not apparent on ba		Yes	-1	Not Enough Information	Intermediate	Yes	Yes		Negative	None	Residual Relapse	21.1	7.1			Complete Response		48,XX,+8,+21[16]/46,XX[4]	-44				91.3	29	Supportive/Palliative Care	22	Negative		AMLMRC	3.8	25	22	1.5	38.5	0	0	55	3.5	1.5	0	18	WES + RNA-seq	Yes	Yes	Peripheral Blood		Matched	AML with myelodysplasia-related changes	AML with myelodysplasia-related changes		1.233333333	7.7		Standard Chemotherapy	19.76	Yes	63.0	Dead-Disease	1	Yes	Acute Myeloid Leukaemia (AML) and Related Precursor Neoplasms	Acute Myeloid Leukaemia (AML) and Related Precursor Neoplasms	White	No	False	No	No	False	11.45	1:DECEASED	No	No	No	No	2	Female	Standard Chemotherapy|Supportive/Palliative Care|Targeted Therapy - Other
aml_ohsu_2018	aml_ohsu_2018_928	aml_ohsu_2018_13-00226	83	75	Leukemia	APL with PML-RARA	No	Negative	0.7	2	ATRA, Arsenic Trioxide|Idarubicin	2	Induction | Symptom Control	1	Standard Chemotherapy	Idarubicin	Symptom Control	16q deletion	Negative	Yes	253	Adverse	Favorable	Yes	Yes	M3	Negative	PML-RARA	Initial Acute Leukemia Diagnosis	23.4	8.1	Negative		Complete Response		46,XX,t(15;17)(q24;q21)[12]/46,XX,idem,del(16)(q12.1q24)[3]/46,XX[5]	0	Negative	Negative	367	86.2	0	Standard Chemotherapy	14	Negative	Negative	APLPMLRARA	3.7	14	9	0	2.1	0		17	2	23			WES + RNA-seq	Yes	Yes	Bone Marrow Aspirate	After or at the time transformation from another heme malignancy	Matched	Acute promyelocytic leukaemia with t(15;17)(q22;q12); PML-RARA	Acute promyelocytic leukaemia with t(15;17)(q22;q12); PML-RARA	CD13, CD33, partial CD34, CD64, CD117, CD123, and MPO-positive	0.933333333	6.8	Negative	Standard Chemotherapy	6	Yes	83.0	Alive	1	Yes	Acute Myeloid Leukaemia (AML) and Related Precursor Neoplasms	Acute Myeloid Leukaemia (AML) and Related Precursor Neoplasms	White	No	False	No	Yes	False	47.01	0:LIVING	No	No	Yes	No	1	Female	Standard Chemotherapy
aml_ohsu_2018	aml_ohsu_2018_17	aml_ohsu_2018_14-00639	31		Leukemia	AML with Mutated NPM1	No		1	6	7+3 (Cytarabine, Idarubicin)|HiDAC|Fludarabine, TBI|Sorafenib|Hydroxyurea|Decitabine	5	Consolidation | Induction | Experimental | Re-induction | Allogeneic - Matched Unrelated Donor	3	Standard Chemotherapy | Bone Marrow Transplant | Targeted Therapy - Kinase Inhibitor(s)	Sorafenib	Experimental	6q deletion		No	2	Not Enough Information	Intermediate	No	Yes		Positive	None	Residual Disease|Post-Transplant	22.2	7.7			Unknown		46,XX,del(6)(q13q23)[15]/46,XY[5]	-81			1065	81	105	Targeted Therapy - Kinase Inhibitor(s)	3	Positive		AMLNPM1	1.9	80	180	0		0	0	21.6	4.5	0	0.6	17	WES	No	No	Peripheral Blood		Unmatched	AML with mutated NPM1	AML with mutated NPM1		0.1	5		Standard Chemotherapy	17.79	Yes	27.0	Dead-Disease	1	Yes	Acute Myeloid Leukaemia (AML) and Related Precursor Neoplasms	Acute Myeloid Leukaemia (AML) and Related Precursor Neoplasms	White	No	False	No	No	False	48.13	1:DECEASED	No	No	No	No	5	Female	Standard Chemotherapy|Bone Marrow Transplant|Targeted Therapy - Kinase Inhibitor(s)
aml_ohsu_2018	aml_ohsu_2018_1866	aml_ohsu_2018_14-00831	26	81	Leukemia	APL with PML-RARA	No		0.8	1	ATRA, Arsenic Trioxide	2	Consolidation | Induction	1	Standard Chemotherapy	ATRA, Arsenic Trioxide	Consolidation	nuc ish(PML,RARA)x3(PML con RARAx2)[173/200]		Yes	5	Intermediate-II	Favorable	Yes	Yes		Negative	PML-RARA	Initial Acute Leukemia Diagnosis	18.6	6.3			Complete Response		46,XY,t(15;17)(q24;q21.1)[10]/46,XY[10]	0			484		5	Standard Chemotherapy	17	Negative		APLPMLRARA	4.4	47	44		37	3		33	1	15		105	WES + RNA-seq	Yes	Yes	Bone Marrow Aspirate	Denovo	Matched	Acute promyelocytic leukaemia with t(15;17)(q22;q12); PML-RARA	Acute promyelocytic leukaemia with t(15;17)(q22;q12); PML-RARA	CD2(-), CD4(-), CD7(-), CD11b(-), CD13(+), CD14(-), CD15(partial dim +), CD16(-), CD25(-), CD33(bright +), CD34(-/small subset +), CD36(-), CD38(variably +), CD45(+), CD56(-), CD64(equivocal/appears partial dim +), CD117(+), CD123(-), HLA-DR(-), MPO(appea	0.8	6.7		Standard Chemotherapy	4.95	Yes	26.0		2	Yes	Acute Myeloid Leukaemia (AML) and Related Precursor Neoplasms	Acute Myeloid Leukaemia (AML) and Related Precursor Neoplasms	HispNative	No	False	No	No	False			No	No	No	No	1	Male	Standard Chemotherapy
aml_ohsu_2018	aml_ohsu_2018_2737	aml_ohsu_2018_13-00650	20		Leukemia	AML with Mutated NPM1	No			0		0		0		NONE	NONE			Yes		Not Enough Information	Favorable	Yes	Yes		Negative	Unknown	Unknown								0						NONE	3	Positive		AMLNPM1													WES + RNA-seq	Yes	Yes	Peripheral Blood		Unmatched	AML with mutated NPM1	AML with mutated NPM1		0.166666667					Yes			7	No	Acute Myeloid Leukaemia (AML) and Related Precursor Neoplasms	Acute Myeloid Leukaemia (AML) and Related Precursor Neoplasms	White	No	False	No	No	False			No	No	No	No	1	Male	
aml_ohsu_2018	aml_ohsu_2018_1257	aml_ohsu_2018_13-00593	74	66	Leukemia	AML with Myelodysplasia-Related Changes	No			7	Cytarabine, Fludarabine, Sorafenib|Crenolanib|Azacitidine|Sorafenib|Decitabine, Sorafenib |Clofarabine, Cytarabine|Sapacitabine (CYC682-06)	6	Hypomethylating/Low Dose Cytarabine | Salvage | Unknown | Induction | Experimental | Re-induction	2	Standard Chemotherapy | Targeted Therapy - Kinase Inhibitor(s)	Crenolanib	Experimental	nuc ish(D5S721,D5S23,EGR1)x2[198],(D7Z1,D7S522)x2[200],(D8Z2,D20S108)x2[199],(RUNX1T1, RUNX1)x2[198],(5'MLL,3'MLL)x2(5'MLL con 3'MLLx2)[200],(PML,RARA)x2[200],(5'CBFB,3'CBFB)x2(5'CBFB con 3'CBFBx2)[199]		Yes	39	Intermediate-I	Adverse	Yes	Yes		Positive	None	Post-Chemotherapy|Residual Disease	34.7	11.6			Refractory		46,XY	0					33	Targeted Therapy - Kinase Inhibitor(s)	11	Negative		AMLMRC	4.3	22	36	6	40	2		19	20	8		67	WES + RNA-seq	Yes	Yes	Bone Marrow Aspirate	After or at the time transformation from another heme malignancy	Matched	AML with myelodysplasia-related changes	AML with myelodysplasia-related changes	CD2(-), CD4(-), CD7(-), CD8(-), CD10(-), CD11b(partial +), CD13(+), CD14(-), CD15(-), CD16(-), CD19(-), CD20(-), CD22(-), CD33(variable and bright +), CD34(variably +)	0.533333333	6.2		Standard Chemotherapy	13.9	Yes	73.0	Dead-Unknown	2	Yes	Acute Myeloid Leukaemia (AML) and Related Precursor Neoplasms	Acute Myeloid Leukaemia (AML) and Related Precursor Neoplasms	White	Yes	False	No	No	False	21.64	1:DECEASED	Yes	No	No	No	2	Male	Standard Chemotherapy|Targeted Therapy - Kinase Inhibitor(s)
aml_ohsu_2018	aml_ohsu_2018_1353	aml_ohsu_2018_13-00581	31	65	Leukemia	AML with t(6;9)(p23;q34.1);DEK-NUP214	No		0.87	6	7+3 (Cytarabine, Idarubicin)|Crenolanib|Azacitidine|MEC (Cytarabine, Etoposide, Mitoxantrone)|Decitabine, Sorafenib |Quizartinib	3	Salvage | Induction | Experimental	2	Standard Chemotherapy | Targeted Therapy - Kinase Inhibitor(s)	Crenolanib	Experimental			Yes	-1	Adverse	Adverse	Yes	No		Positive	DEK-NUP214	Residual Disease|Post-Chemotherapy	22.4	7.9			Refractory		47~49,XX,t(6;9)(p23;q24),+8,+13,+15[cp8]/47~49,idem,+del(13)(q12q22)[cp12]	0				90.9	52	Targeted Therapy - Kinase Inhibitor(s)				AMLDEKNUP214	3.9		26		52	0		10	0	28		20	RNA-seq	Yes	Yes	Bone Marrow Aspirate		Matched	AML with t(6;9)(p23;q34); DEK-NUP214	AML with t(6;9)(p23;q34); DEK-NUP214	CD34(partial +), CD13(+), CD14(-), CD15(few +), CD30(-), CD33(+), CD38(variably +), CD45 (moderately +), CD64(variably +), CD4(partial +), CD117(+), CD123(variably +), HLA-DR(+), CD79a(-), CD22(-), intracellular CD3(-), TdT(-), MPO(partial +), other myelo				Standard Chemotherapy	43.3	No	30.0	Dead-Disease	2	Yes	Acute Myeloid Leukaemia (AML) and Related Precursor Neoplasms	Acute Myeloid Leukaemia (AML) and Related Precursor Neoplasms	White	No	False	No	No	False	18.68	1:DECEASED	No	No	No	No	2	Female	Standard Chemotherapy|Targeted Therapy - Kinase Inhibitor(s)
aml_ohsu_2018	aml_ohsu_2018_2480	aml_ohsu_2018_16-00041	70		Leukemia	AML with Mutated NPM1	No			1	Hydroxyurea	1	Induction	1	Standard Chemotherapy	Hydroxyurea	Induction	Negative	p.R882H; MAF 50%	Yes	1	Not Enough Information	Intermediate	Yes	Yes		Positive	Unknown	Initial Acute Leukemia Diagnosis					Refractory			0	Negative				1	Standard Chemotherapy	12	Positive		AMLNPM1													WES	No	No	Peripheral Blood		Matched	AML with mutated NPM1	AML with mutated NPM1		0.5			Standard Chemotherapy	96	Yes	70.0	Dead-Disease	4	Yes	Acute Myeloid Leukaemia (AML) and Related Precursor Neoplasms	Acute Myeloid Leukaemia (AML) and Related Precursor Neoplasms	White	No	False	No	No	False	0.13	1:DECEASED	No	No	No	No	1	Male	Standard Chemotherapy
aml_ohsu_2018	aml_ohsu_2018_1444	aml_ohsu_2018_14-00064	59	10	Leukemia	AML with Myelodysplasia-Related Changes	No	Negative	0.69	8	E7070, Idarubicin, Cytarabine|5+2 (Cytarabine, Idarubicin)|7+3 (Cytarabine, Idarubicin)|HiDAC|GCLAC (GCSF, Clofarabine & Cytarabine)|MEC (Cytarabine, Etoposide, Mitoxantrone)|BL-8040|IGN523	4	Salvage | Induction | Experimental | Re-induction	2	Standard Chemotherapy | Targeted Therapy - Other	MEC (Cytarabine, Etoposide, Mitoxantrone)	Salvage	nuc ish(D5S721,D5S23,EGR1)x2[200],(D7Z1,D7S522)x1[47/200],(D8Z2,D20S108)x2[200],(RUNX1T1, RUNX1)x2[200],(5'MLL,3'MLL)x2(5'MLL con 3'MLLx2)[199],(PML,RARA)x2[200],(5'CBFB,3'CBFB)x2(5'CBFB con 3'CBFBx2)[200]		No	-1	Intermediate-I	Intermediate	No	Yes		Negative	None	Post-Chemotherapy|Residual Disease	26.8	9.4	Negative	Negative	Refractory		46,XY[20]	0			88		-1	Standard Chemotherapy	7	Negative		AMLMRC	3.7	45	19	1	6	0		32.7	12.6	53.7		75	WES + RNA-seq	Yes	Yes	Bone Marrow Aspirate		Matched	AML with myelodysplasia-related changes	AML with myelodysplasia-related changes	CD2 (-), CD4(+), CD7(+), CD11b(-), CD13(+), CD14(-), CD15(-), CD16(-), CD33(+), CD34(bright +), CD36(-), CD38(variable +), CD45(moderately +), CD56(-), CD64(-), CD117(+), HLA-DR(+).	0.433333333	5.8		Standard Chemotherapy	1.6	Yes	58.0	Dead-Disease	2	Yes	Acute Myeloid Leukaemia (AML) and Related Precursor Neoplasms	Acute Myeloid Leukaemia (AML) and Related Precursor Neoplasms	White	No	False	No	No	False	11.74	1:DECEASED	No	No	No	No	1	Male	Standard Chemotherapy|Targeted Therapy - Other
aml_ohsu_2018	aml_ohsu_2018_1865	aml_ohsu_2018_14-00817	53	66	Leukemia	Acute Myeloid Leukemia	No	Negative		1	7+3 (Cytarabine, Idarubicin)	1	Induction	1	Standard Chemotherapy	7+3 (Cytarabine, Idarubicin)	Induction	Normal		Yes	-1	Not Enough Information	Adverse	Yes	No		Positive	None	Initial Acute Leukemia Diagnosis					Complete Response		46,XY[20]	-1	Negative				-1	Standard Chemotherapy		Negative		AML					56							123	RNA-seq	Yes	Yes	Leukapheresis	Denovo	Matched	Acute myelomonocytic leukaemia	Acute myelomonocytic leukaemia	large population of atypical CD117 positive myeloblasts (partial CD34+, weak CD4+, weak partial CD7+, partial CD64+), representing approximately 57% of the leukocytes and increased   promonocytes/monoblasts representing approximately 13% of the total leuk				Standard Chemotherapy	180	No	53.0		3	Yes	Acute Myeloid Leukaemia (AML) and Related Precursor Neoplasms	Acute Myeloid Leukaemia (AML) and Related Precursor Neoplasms	White	No	False	No	No	False			No	No	No	No	1	Male	Standard Chemotherapy
aml_ohsu_2018	aml_ohsu_2018_1505	aml_ohsu_2018_14-00171	62	39	Leukemia	AML with Myelodysplasia-Related Changes	No	Negative	1.13	4	CPX-351 (Liposomal Cytarabine + Daunorubicin)|Azacitidine|Methotrexate|Busulfan, Cyclophosphamide	4	Allogeneic - Sibling | Hypomethylating/Low Dose Cytarabine | Unknown | Induction	3	Standard Chemotherapy | Unknown | Bone Marrow Transplant	Azacitidine	Hypomethylating/Low Dose Cytarabine	Normal	Negative	No	4	Favorable	Adverse	No	Yes		Negative	None	Initial Acute Leukemia Diagnosis	30.8	10.6	Negative	Negative	Refractory	Negative	46,XY[20]	0	Negative	Negative	168	107.7	182	Standard Chemotherapy	16	Negative	Negative	AMLMRC	3.2	35	15	0	5	0.9		84.1	8.8	2.7	0	131	WES	No	No	Bone Marrow Aspirate	After or at the time transformation from another heme malignancy	Matched	AML with myelodysplasia-related changes	AML with myelodysplasia-related changes	partial CD7, CD13, dim CD33, CD34, CD38, CD58, CD117, CD123, HLA-DR, and TdT-positive	0.866666667	5.8	Negative	Standard Chemotherapy	2.51	Yes	62.0	Alive	1	Yes	Acute Myeloid Leukaemia (AML) and Related Precursor Neoplasms	Acute Myeloid Leukaemia (AML) and Related Precursor Neoplasms	White	Yes	False	No	No	False	14.18	0:LIVING	Yes	No	No	No	1	Male	Standard Chemotherapy|Unknown|Bone Marrow Transplant
aml_ohsu_2018	aml_ohsu_2018_1746	aml_ohsu_2018_14-00602	69		Leukemia	AML with Mutated NPM1	No	Negative		4	CPX-351 (Liposomal Cytarabine + Daunorubicin)|Decitabine, Midostaurin|FLAG-IDA, Gemtuzumab|MEC, Lenalidomide	3	Salvage | Induction | Re-induction	1	Standard Chemotherapy	MEC, Lenalidomide	Salvage			No	79	Intermediate-I	Intermediate or Adverse	No	Yes		Positive	None	Post-Chemotherapy|Residual Disease			Positive	Negative	Refractory		46,XY[22]	-8	Negative	Negative			5	Standard Chemotherapy	10	Negative	Negative	AMLNPM1													WES + RNA-seq	Yes	Yes	Bone Marrow Aspirate		Matched	AML with mutated NPM1	AML with mutated NPM1		0.6		Negative	Standard Chemotherapy		Yes	69.0	Dead-Disease	4	Yes	Acute Myeloid Leukaemia (AML) and Related Precursor Neoplasms	Acute Myeloid Leukaemia (AML) and Related Precursor Neoplasms	White	No	False	No	No	False	10.0	1:DECEASED	No	No	No	No	2	Male	Standard Chemotherapy
aml_ohsu_2018	aml_ohsu_2018_17	aml_ohsu_2018_10-00669	27		Leukemia	AML with Mutated NPM1	No	No Mutation info: RAF: 10-20%	0.69	6	7+3 (Cytarabine, Idarubicin)|HiDAC|Fludarabine, TBI|Sorafenib|Hydroxyurea|Decitabine	5	Consolidation | Induction | Experimental | Re-induction | Allogeneic - Matched Unrelated Donor	3	Standard Chemotherapy | Bone Marrow Transplant | Targeted Therapy - Kinase Inhibitor(s)	Sorafenib	Experimental	Normal		No	2	Intermediate-I	Intermediate	Yes	Yes		Positive	None	Initial Acute Leukemia Diagnosis	17.7	6.3			Unknown		46,XX[20]	3			426	101.6	105	Targeted Therapy - Kinase Inhibitor(s)	2	Positive		AMLNPM1	2.3	8	15	0		0		7	2	2		13	WES	No	No	Bone Marrow Aspirate		Unmatched	AML with mutated NPM1	AML with mutated NPM1		0.066666667	5.4		Standard Chemotherapy	58.8	Yes	27.0	Dead-Disease	1	Yes	Acute Myeloid Leukaemia (AML) and Related Precursor Neoplasms	Acute Myeloid Leukaemia (AML) and Related Precursor Neoplasms	White	No	False	No	No	False	48.13	1:DECEASED	No	No	No	No	5	Female	Standard Chemotherapy|Bone Marrow Transplant|Targeted Therapy - Kinase Inhibitor(s)
aml_ohsu_2018	aml_ohsu_2018_2053	aml_ohsu_2018_15-00269	59	35	Leukemia	AML with Mutated NPM1	No	Y181*; MAF 15%	1.4	2	7+3 (Cytarabine, Idarubicin)|HiDAC	2	Consolidation | Induction	1	Standard Chemotherapy	HiDAC	Consolidation	nuc ish(RUNX1T1,RUNX1)x2[200],(5'MLL,3'MLL)x2(5'MLL con 3'MLLx2)[200],(PML,RARA)x2[200], (5'CBFB,3'CBFB)x2(5'CBFB con 3'CBFBx2)[200]		Yes	6	Favorable	Favorable	Yes	Yes		Negative	None	Initial Acute Leukemia Diagnosis	23.6	7.6			Complete Response		46,XY[20]	-1			383		107	Standard Chemotherapy	15	Positive		AMLNPM1	2.9	13	25	0	27.4	0		36.8	6.6	29.2		35	WES + RNA-seq	Yes	Yes	Peripheral Blood	Denovo	Matched	AML with mutated NPM1	AML with mutated NPM1		0.733333333	6		Standard Chemotherapy	3.6	Yes	59.0	Dead-Unknown	2	Yes	Acute Myeloid Leukaemia (AML) and Related Precursor Neoplasms	Acute Myeloid Leukaemia (AML) and Related Precursor Neoplasms	White	No	False	No	No	False	14.14	1:DECEASED	No	No	No	No	1	Male	Standard Chemotherapy
aml_ohsu_2018	aml_ohsu_2018_1349	aml_ohsu_2018_13-00573	86		Leukemia	AML with Myelodysplasia-Related Changes	No		0.9	1	Decitabine	1	Supportive/Palliative Care	1	Standard Chemotherapy	Decitabine	Supportive/Palliative Care			Yes		Not Enough Information	Intermediate	Yes	Yes		Negative	Unknown	Residual Disease|Post-Chemotherapy	25.7	8.2						0			175	88	169	Standard Chemotherapy	4	Negative		AMLMRC	3.5	15	9	0		0		17	44	39	0	18	WES + RNA-seq	Yes	Yes	Peripheral Blood		Unmatched	AML with myelodysplasia-related changes	AML with myelodysplasia-related changes		0.266666667	6.9			13.22	Yes	85.0	Dead-Disease	1	Yes	Acute Myeloid Leukaemia (AML) and Related Precursor Neoplasms	Acute Myeloid Leukaemia (AML) and Related Precursor Neoplasms	White	No	False	No	No	False	10.95	1:DECEASED	No	No	No	No	1	Male	Standard Chemotherapy
aml_ohsu_2018	aml_ohsu_2018_2315	aml_ohsu_2018_15-00778	62	21	Leukemia	AML with Myelodysplasia-Related Changes	No	Negative	0.81	2	Decitabine|Hydroxyurea	2	Induction | Re-induction	1	Standard Chemotherapy	Hydroxyurea	Re-induction	EGR1 (73.5%) ;  TP53: (85.5%)	Negative	No	-1	Adverse	Adverse	No	Yes		Negative	None	Initial Acute Leukemia Diagnosis	20.6	6.8	Negative	Negative	Complete Response i		46,XY,del(5)(q22q35),del(12)(q24.1q24.1),add(17)(p11.2)[19]/46,XY[1]	0	Negative	Negative		100.5	-1	Standard Chemotherapy	11	Negative	Negative	AMLMRC	3.2	22	9	0	2.5	1.7	0	68.3	1.7	25	0	174	WES + RNA-seq	Yes	Yes	Bone Marrow Aspirate	After or at the time transformation from another heme malignancy	Matched	AML with myelodysplasia-related changes	AML with myelodysplasia-related changes	CD7, CD34, CD117, HLA-DR, CD13, CD33, dim CD123, variable CD15 and subset MPO	0.5	5.8	p.G266V; MAF 55%	Standard Chemotherapy	3.74	Yes	62.0	Dead-Disease	1	Yes	Acute Myeloid Leukaemia (AML) and Related Precursor Neoplasms	Acute Myeloid Leukaemia (AML) and Related Precursor Neoplasms	White	No	False	No	Yes	False	13.95	1:DECEASED	Yes	No	Yes	No	2	Male	Standard Chemotherapy
aml_ohsu_2018	aml_ohsu_2018_1745	aml_ohsu_2018_15-00974	38		Leukemia	AML with Recurrent Genetic Abnormalities	No			7	GCLAM (G-CSF, Cladribine, Cytarabine, and Mitoxantrone) |7+3 (Cytarabine, Idarubicin)|Donor Lymphocyte Infusion|Azacitidine|FLAG (Fludarabine, High-dose Cytarabine, G-CSF)|Decitabine|Busulfan, Cyclophosphamide	5	Hypomethylating/Low Dose Cytarabine | Unknown | Induction | Re-induction | Allogeneic - Matched Unrelated Donor	3	DLI | Standard Chemotherapy | Bone Marrow Transplant	Decitabine	Hypomethylating/Low Dose Cytarabine	FISH) was performed with a MECOM/RPN1 probe set. 125/200 (62.5%) interphase cells scored had a 1 red/ 1 green/ 2 yellow double fusion signal pattern reflecting MECOM/RPN1 fusion and the paracentric inversion of the long arm of a chromosome 3 observed in t		Yes	4	Adverse	Adverse	Yes	Yes		Negative	GATA2-MECOM	Residual Disease|Post-Chemotherapy|Post-DLI|Post-Transplant	32.6	10.3			Refractory		46,XX,inv(3)(q21q26)[5]	-11				99.4	4	Standard Chemotherapy	3	Negative		AMLRGA	2.8	59	28	0		0.9	0	13.9	0	0.9	0.4	38	WES + RNA-seq	Yes	Yes	Peripheral Blood		Unmatched	AML with inv(3)(q21q26.2) or t(3;3)(q21;q26.2); RPN1-EVI1	AML with inv(3)(q21q26.2) or t(3;3)(q21;q26.2); RPN1-EVI1		0.2	6.7		Standard Chemotherapy	7.08	Yes	36.0	Dead-Disease	1	Yes	Acute Myeloid Leukaemia (AML) and Related Precursor Neoplasms	Acute Myeloid Leukaemia (AML) and Related Precursor Neoplasms	White	No	False	No	No	False	17.53	1:DECEASED	No	No	No	No	1	Female	DLI|Standard Chemotherapy|Bone Marrow Transplant
aml_ohsu_2018	aml_ohsu_2018_2464	aml_ohsu_2018_16-00007	77	41	Leukemia	AML with Myelodysplasia-Related Changes	No			2	Azacitidine, Sorafenib|Decitabine, Midostaurin	2	Induction | Re-induction	1	Standard Chemotherapy	Azacitidine, Sorafenib	Re-induction	CD15, AND PARTIAL CD56 -7/DEL(7q) TRISOMY #8MLL GENE REARRANGEMENTDEL(20q)		Yes	165	Not Enough Information	Adverse	Yes	Yes		Positive	None	Initial Acute Leukemia Diagnosis					Refractory		46,XY[20]	0	Negative				-1	Standard Chemotherapy	19	Negative		AMLMRC					18								WES + RNA-seq	Yes	Yes	Peripheral Blood	After or at the time transformation from another heme malignancy	Matched	AML with myelodysplasia-related changes	AML with myelodysplasia-related changes	ABNORMAL CD34+ BLAST POPULATION EXPRESSING ABERRANT CD7,CD4, AND CD2, AND CD38, CD10, CD22, CD11C, HLA-DR, CD117,CD13, CD33,CD15, AND PARTIAL CD56	0.966666667			Standard Chemotherapy	2.2	Yes	77.0	Alive	4	Yes	Acute Myeloid Leukaemia (AML) and Related Precursor Neoplasms	Acute Myeloid Leukaemia (AML) and Related Precursor Neoplasms	White	No	False	Yes	No	False	7.14	0:LIVING	No	Yes	No	No	2	Male	Standard Chemotherapy
aml_ohsu_2018	aml_ohsu_2018_1257	aml_ohsu_2018_13-00515	74	32	Leukemia	AML with Myelodysplasia-Related Changes	No			7	Cytarabine, Fludarabine, Sorafenib|Crenolanib|Azacitidine|Sorafenib|Decitabine, Sorafenib |Clofarabine, Cytarabine|Sapacitabine (CYC682-06)	6	Hypomethylating/Low Dose Cytarabine | Salvage | Unknown | Induction | Experimental | Re-induction	2	Standard Chemotherapy | Targeted Therapy - Kinase Inhibitor(s)	Crenolanib	Experimental	18].nuc ish(D5S721,D5S23,EGR1)x2[200],(D7Z1,D7S522)x2[200],(D8Z2,D20S108)x2 [200],(RUNX1T1,RUNX1)x2[198],(5'MLL,3'MLL)x2(5'MLL con 3'MLLx2)[200],(PML,RARA)x2[200],(5'CBFB,3'CBFB)x2(5'CBFB con 3'CBFBx2)[200]		Yes	39	Intermediate-II	Adverse	Yes	Yes		Positive	None	Post-Chemotherapy|Residual Disease	32.8	11			Refractory		46,XY,+1,dic(1;15)(q12;p11.2)[2]/46,XY[18]	0					33	Targeted Therapy - Kinase Inhibitor(s)	17	Negative		AMLMRC	4.1	15	30	1	67	2		8	3	14		90	WES + RNA-seq	Yes	Yes	Peripheral Blood	After or at the time transformation from another heme malignancy	Matched	AML with myelodysplasia-related changes	AML with myelodysplasia-related changes	CD4(partial dim +), CD7(-), CD10(-), CD11b(-), CD13(+), CD14(-), CD15(-), CD16(-), CD19(-), CD20(-), CD22(-), CD33(variably +), CD34(+), CD36(-), CD38(variably +), CD45 (variably +), CD56(-), CD64(-), CD79a(-)	0.8	5.8		Standard Chemotherapy	24.2	Yes	73.0	Dead-Unknown	2	Yes	Acute Myeloid Leukaemia (AML) and Related Precursor Neoplasms	Acute Myeloid Leukaemia (AML) and Related Precursor Neoplasms	White	Yes	False	No	No	False	21.64	1:DECEASED	Yes	No	No	No	2	Male	Standard Chemotherapy|Targeted Therapy - Kinase Inhibitor(s)
aml_ohsu_2018	aml_ohsu_2018_1108	aml_ohsu_2018_13-00245	8	30	Leukemia	AML with t(8;21)(q22;q22.1);RUNX1-RUNX1T1	No		0.53	1	COG-AAML1031 (IT/IV Cytarabine, Daunorubicin, Etoposide, Mitoxantrone +/- Bortezomib or Sorafenib)	2	Induction | Intensification	1	Standard Chemotherapy	COG-AAML1031 (IT/IV Cytarabine, Daunorubicin, Etoposide, Mitoxantrone +/- Bortezomib or Sorafenib)	Intensification	t(8;21)		Yes	11	Favorable	Favorable	Yes	Yes	M2	Negative	RUNX1-RUNX1T1	Initial Acute Leukemia Diagnosis	29.3	10.3			Complete Response		46,XY,t(8;21)(q22;q22)[5]/46,idem,der(7)t(7;8)(q22;q11.2)[13]/46,XY[2]	0				93.5	62	Standard Chemotherapy	1	Negative		AMLRUNX1RUNX1T1				0	17	0		33	17	20		109	WES + RNA-seq	Yes	Yes	Bone Marrow Aspirate	Denovo	Unmatched	AML with t(8;21)(q22;q22); RUNX1-RUNX1T1	AML with t(8;21)(q22;q22); RUNX1-RUNX1T1	dim CD7, CD13, CD33, CD34, CD38, partial CD56,CD58, CD117, CD123, dim HLA-DR, and MPO	0.066666667			Standard Chemotherapy	19.5	Yes	8.0	Alive	1	Yes	Acute Myeloid Leukaemia (AML) and Related Precursor Neoplasms	Acute Myeloid Leukaemia (AML) and Related Precursor Neoplasms	Asian	No	False	No	No	False	28.19	0:LIVING	No	No	No	No	1	Male	Standard Chemotherapy
aml_ohsu_2018	aml_ohsu_2018_1919	aml_ohsu_2018_15-00029	80	21	Leukemia	AML, NOS	No		1.26	2	Decitabine, ABT-199|Hydroxyurea	2	Unknown | Supportive/Palliative Care	1	Standard Chemotherapy	Decitabine, ABT-199	Unknown	nuc ish(D5S2064,D5S630,EGR1)x2[200],(D7Z1,D7S522)x2[200],(D8Z2,D20S108)x2[200],(RUNX1T1,RUNX1)x2 [200],(5'MLL,3'MLL)x2(5'MLL con 3'MLLx2)[200],(PML,RARA)x2[200],(5'CBFB,3'CBFB)x2(5'CBFB con 3'CBFBx2)[200]		No		Not Enough Information	Intermediate	No	Yes		Negative	None	Initial Acute Leukemia Diagnosis	35	11.1	Negative	Negative			46,XY[20]	0			639	90.4	-1	Standard Chemotherapy	21	Negative		AMLNOS	4.1	25	52	0	47	0		5	10	41		110	WES + RNA-seq	Yes	Yes	Bone Marrow Aspirate	Denovo	Matched	Acute myeloid leukaemia, NOS	Acute myeloid leukaemia, NOS	CD2(-), CD4(-), CD7(-), CD11b(-), CD13(bright +), CD14(-), CD15(few +), CD16 (-), CD33(variably +), CD34(+), CD36(-), CD38(partial + with an unusual pattern of expression vs. CD34), CD45(moderate to slightly dim +), CD56(-), CD64(-), CD117(+), HLA-DR(dim 	1.1	7.5			64.6	Yes	80.0	Dead-Disease	2	Yes	Acute Myeloid Leukaemia (AML) and Related Precursor Neoplasms	Acute Myeloid Leukaemia (AML) and Related Precursor Neoplasms	White	No	False	No	No	False	11.97	1:DECEASED	No	No	No	No	1	Male	Standard Chemotherapy
aml_ohsu_2018	aml_ohsu_2018_1406	aml_ohsu_2018_14-00012	72	94	Leukemia	AML with Mutated NPM1	No	Negative		1	Hydroxyurea	1	Supportive/Palliative Care	1	Supportive/Palliative Care	Hydroxyurea	Supportive/Palliative Care		Negative	No		Not Enough Information	Favorable	No	Yes	M5	Negative	None	Initial Acute Leukemia Diagnosis			Negative	Negative			48,XYY,+8[21]	0	Negative	Negative			-1	Supportive/Palliative Care	11	Positive	Negative	AMLNPM1					71				0				WES + RNA-seq	Yes	Yes	Peripheral Blood	Denovo	Matched	AML with mutated NPM1	AML with mutated NPM1	CD38, CD56, CD13(dim), CD64, CD11c, CD4, CD56, HLA-DR, and CD15	0.666666667		Negative		24.2	Yes	72.0	Dead-Disease	4	No	Acute Myeloid Leukaemia (AML) and Related Precursor Neoplasms	Acute Myeloid Leukaemia (AML) and Related Precursor Neoplasms	White	No	False	No	No	False	1.09	1:DECEASED	No	No	No	No	1	Male	Supportive/Palliative Care
aml_ohsu_2018	aml_ohsu_2018_652	aml_ohsu_2018_12-00362	71	34	Leukemia	AML, NOS	No		0.63	5	5+2 (Cytarabine, Idarubicin)|Dasatinib|7+3 (Cytarabine, Idarubicin)|Azacitidine|Hydroxyurea	5	Consolidation | Induction | Experimental | Re-induction | Supportive/Palliative Care	3	Standard Chemotherapy | Supportive/Palliative Care | Targeted Therapy - Kinase Inhibitor(s)	Hydroxyurea	Supportive/Palliative Care	Normal		Yes	6	Intermediate-I	Adverse	Yes	Yes	NOS	Positive	None	Post-Chemotherapy|Residual Disease	21.8	7.3			Refractory		46,XY[20]	-36			477	94.3	9	Supportive/Palliative Care	6	Negative		AMLNOS	3.7	90	37	3	33	1		28	5	23		322	WES	No	No	Bone Marrow Aspirate		Unmatched	Acute myeloid leukaemia, NOS	Acute myeloid leukaemia, NOS	dim/partial CD7, CD13, CD34, CD38, CD58, CD117, CD123,and HLA-DR positive	0.333333333	6.5		Standard Chemotherapy	7.6	Yes	71.0	Dead-Disease	1	Yes	Acute Myeloid Leukaemia (AML) and Related Precursor Neoplasms	Acute Myeloid Leukaemia (AML) and Related Precursor Neoplasms	HispNative	No	False	No	No	False	10.16	1:DECEASED	No	No	No	No	3	Male	Standard Chemotherapy|Supportive/Palliative Care|Targeted Therapy - Kinase Inhibitor(s)
aml_ohsu_2018	aml_ohsu_2018_45	aml_ohsu_2018_11-00295	71	92	Leukemia	AML with Mutated NPM1	No		0.85	3	7+3 (Cytarabine, Idarubicin)|MiDAC|Cytarabine, Methotrexate	2	Consolidation | Induction	2	Standard Chemotherapy | Intrathecal	MiDAC	Consolidation	Normal		No	6	Intermediate-I	Favorable or Intermediate	No	Yes	M1	Positive	None	Relapse|Post-Chemotherapy	32.5	11.2			Refractory		46,XX[20]	0			386	98.3	5	Standard Chemotherapy	5	Positive		AMLNPM1	4.1	26	41	2	66	0		11	0	18		25	WES	No	No	Bone Marrow Aspirate	Relapse	Unmatched	AML with mutated NPM1	AML with mutated NPM1	CD13, CD33, CD38, CD56, CD117, and MPO positive	0.233333333	6.7		Standard Chemotherapy	31.1	Yes	70.0	Dead-Other	1	Yes	Acute Myeloid Leukaemia (AML) and Related Precursor Neoplasms	Acute Myeloid Leukaemia (AML) and Related Precursor Neoplasms	White	No	False	No	No	False	16.81	1:DECEASED	No	No	No	No	2	Female	Standard Chemotherapy|Intrathecal
aml_ohsu_2018	aml_ohsu_2018_1876	aml_ohsu_2018_15-00143	71	4	Leukemia	AML without Maturation	No	Negative		3	Cyclophosphamide, Fludarabine, TBI|Azacitidine|Venetoclax (ABT-199)	3	Hypomethylating/Low Dose Cytarabine | Experimental | Double Umbilical Cord Blood Transplant (DUCBT)	3	Standard Chemotherapy | Bone Marrow Transplant | Targeted Therapy - Other	Cyclophosphamide, Fludarabine, TBI	Double Umbilical Cord Blood Transplant (DUCBT)	Normal		No		Not Enough Information	Intermediate	No	Yes		Negative	None	Post-Chemotherapy			Negative	Negative		Negative	46,XY[12]	-29					-1	Bone Marrow Transplant		Negative		AWM													WES	No	No	Peripheral Blood		Matched	AML without maturation	AML without maturation		0				0.8	Yes	71.0	Alive	5	Yes	Acute Myeloid Leukaemia (AML) and Related Precursor Neoplasms	Acute Myeloid Leukaemia (AML) and Related Precursor Neoplasms	White	No	False	No	No	False	15.76	0:LIVING	No	No	No	No	2	Male	Standard Chemotherapy|Bone Marrow Transplant|Targeted Therapy - Other
aml_ohsu_2018	aml_ohsu_2018_1992	aml_ohsu_2018_15-00275	53		Leukemia	Therapy-Related Myeloid Neoplasms	No			2	7+3 (Cytarabine, Idarubicin)|GCLAC (GCSF, Clofarabine & Cytarabine)	2	Induction | Re-induction	1	Standard Chemotherapy	GCLAC (GCSF, Clofarabine & Cytarabine)	Re-induction	Gain of 8 (4/301 cells); Gain of 8q22/21q22 (7.7/301 cells); Gain 11q23 (5/200 cells)		Yes	29	Not Enough Information	Adverse	Yes	Yes		Negative	None	Post-Chemotherapy|Residual Disease					Complete Response		53~55,XX,+1,+2,der(5)t(5;13)(q13;q12),+6,add(7)(q32),+8,+11,-13,+14,i(17)(q10),+19,+19,+21,+mar[cp7]/46,XX[7]	-33					17	Standard Chemotherapy	7	Negative		TMN													WES + RNA-seq	Yes	Yes	Peripheral Blood		Matched	Therapy-related myeloid neoplasms	Therapy-related myeloid neoplasms		0.266666667			Standard Chemotherapy		Yes	53.0	Dead-Disease	5	Yes	Acute Myeloid Leukaemia (AML) and Related Precursor Neoplasms	Acute Myeloid Leukaemia (AML) and Related Precursor Neoplasms	White	No	False	No	No	False	2.37	1:DECEASED	No	No	No	No	1	Female	Standard Chemotherapy
aml_ohsu_2018	aml_ohsu_2018_1819	aml_ohsu_2018_14-00738	65	30	Leukemia	AML with Myelodysplasia-Related Changes	No	Negative	0.77	1	Decitabine	1	Induction	1	Standard Chemotherapy	Decitabine	Induction		Negative	No	9	Adverse	Adverse	No	Yes		Negative	None	Initial Acute Leukemia Diagnosis|Post-Chemotherapy	20.1	6.2	Negative	Negative	Refractory		45,XY,del(5)(q13q33),del(7)(q11.2),dic(8;9)(q24.3;p22),-18,+r[cp8]/45,XY,del(5)(q13q33),-7,der(18)t(7;18)(p11.2;p11.1)[cp6]/45,sdl1,del(4)(q21q31.1),del(12)(p11.2p13)[cp5]/46,XY[1]	0	Negative	Negative		77	9	Standard Chemotherapy	17	Negative	Negative	AMLMRC	2.3	33	50	8	7	7.1	2.7	17	12.5	47.3	1.4	9	WES	No	No	Bone Marrow Aspirate	After or at the time transformation from another heme malignancy	Matched	AML with myelodysplasia-related changes	AML with myelodysplasia-related changes	dim CD7, CD13, dim CD33, CD34, CD38, CD58, partial      CD56, CD117, CD123 and HLA-DR positive	1	6.4	p.V272M; MAF 88%	Standard Chemotherapy	19.99	Yes	65.0	Dead-Disease	1	Yes	Acute Myeloid Leukaemia (AML) and Related Precursor Neoplasms	Acute Myeloid Leukaemia (AML) and Related Precursor Neoplasms	White	No	False	No	Yes	False	2.2	1:DECEASED	No	No	Yes	No	1	Male	Standard Chemotherapy
aml_ohsu_2018	aml_ohsu_2018_231	aml_ohsu_2018_13-00106	33	83	Leukemia	AML with t(6;9)(p23;q34.1);DEK-NUP214	No		0.5	9	Fludarabine, Melphalan|5+2 (Cytarabine, Idarubicin)|7+3 (Cytarabine, Idarubicin)|Donor Lymphocyte Infusion|HAM (Cytarabine, Mitoxantrone)|FLAG-IDA (Cytarabine, Filgrastim, Fludarabine, Idarubicin)|GCLAC (GCSF, Clofarabine & Cytarabine)|MEC (Cytarabine, Et	7	Consolidation | Salvage | Unknown | Induction | Re-induction | Supportive/Palliative Care | Allogeneic - Matched Unrelated Donor	4	DLI | Standard Chemotherapy | Bone Marrow Transplant | Supportive/Palliative Care	Donor Lymphocyte Infusion	Unknown	t(6;9)(p22;q34)		Yes	7	Adverse	Adverse	Yes	Yes	NOS	Negative	DEK-NUP214	Residual Disease|Post-Transplant|Post-DLI	30.5	11.3			Complete Response		46,XX,t(1;19)(p32;q13.3),t(6;9)(p22;q34),t(12;16)(p12;q21)[cp20]	0				82.6	-1	DLI	3	Negative		AMLDEKNUP214	3	81	48	1		0		60	3	36		13	WES	No	No	Bone Marrow Aspirate		Unmatched	AML with t(6;9)(p23;q34); DEK-NUP214	AML with t(6;9)(p23;q34); DEK-NUP214	CD13, CD33, CD34, CD38, CD58, dim CD64, dim CD117, TdT and partial MPO	0.133333333	6.6		Standard Chemotherapy	0.9	Yes	31.0	Dead-Disease	1	Yes	Acute Myeloid Leukaemia (AML) and Related Precursor Neoplasms	Acute Myeloid Leukaemia (AML) and Related Precursor Neoplasms	HispNative	No	False	No	No	False	27.57	1:DECEASED	No	No	No	No	1	Female	DLI|Standard Chemotherapy|Bone Marrow Transplant|Supportive/Palliative Care
aml_ohsu_2018	aml_ohsu_2018_1450	aml_ohsu_2018_14-00078	17		Leukemia	AML, NOS	No	Negative	0.7	3	COG-AAML1031 (IT/IV Cytarabine, Daunorubicin, Etoposide, Mitoxantrone +/- Bortezomib or Sorafenib)|Clofarabine, Cyclophosphamide, Etoposide|HAM (Cytarabine, Mitoxantrone)	2	Induction | Re-induction	1	Standard Chemotherapy	Clofarabine, Cyclophosphamide, Etoposide	Re-induction	Normal	Negative	No	74	Intermediate-I	Intermediate	No	Yes		Negative	Unknown	Initial Acute Leukemia Diagnosis	25.6	9.1	Negative		Refractory	Negative		0	Negative	Negative		87.4	5	Standard Chemotherapy	5	Negative	Negative	AMLNOS	3.5	18	11	0		0		48.5	0.6	1.2	1.6	25	WES + RNA-seq	Yes	Yes	Bone Marrow Aspirate	Denovo	Unmatched	Acute myeloid leukaemia, NOS	Acute myeloid leukaemia, NOS		0.266666667	6.9	Negative	Standard Chemotherapy	4.34	Yes	17.0	Dead-Disease	1	Yes	Acute Myeloid Leukaemia (AML) and Related Precursor Neoplasms	Acute Myeloid Leukaemia (AML) and Related Precursor Neoplasms	White	No	False	No	No	False	23.45	1:DECEASED	No	No	No	No	1	Male	Standard Chemotherapy
aml_ohsu_2018	aml_ohsu_2018_1464	aml_ohsu_2018_14-00096	56	72	Leukemia	AML with Myelodysplasia-Related Changes	No	Negative		3	7+3 (Cytarabine, Idarubicin)|GCLAC (GCSF, Clofarabine & Cytarabine)|Busulfan, Cyclophosphamide	3	Allogeneic - Sibling | Induction | Re-induction	2	Standard Chemotherapy | Bone Marrow Transplant	Busulfan, Cyclophosphamide	Allogeneic - Sibling		Negative	No	27	Not Enough Information	Adverse	No	Yes		Positive	None	Initial Acute Leukemia Diagnosis			Negative	Negative	Complete Response		40~43,XY,add(1)(p36),-2,-4,-5,-8,-12,-14,-15,-16,-17,?add(17)(p13),der(19)?t(8;19)(q11.2;p13),-20,-22,+7mar[cp18]	0	Negative	Negative			-1	Bone Marrow Transplant	11	Negative	Negative	AMLMRC					88				1				WES + RNA-seq	Yes	Yes	Peripheral Blood	Denovo	Matched	AML with myelodysplasia-related changes	AML with myelodysplasia-related changes	CD34, CD38 (dim), CD13, CD33 (dim),CD64 (partial), CD11c, CD4 (partial), CD15, CD117, HLA-DR, and MPO(partial).	0.633333333		Negative	Standard Chemotherapy	12.9	Yes	56.0	Dead-Unknown	4	Yes	Acute Myeloid Leukaemia (AML) and Related Precursor Neoplasms	Acute Myeloid Leukaemia (AML) and Related Precursor Neoplasms	White	No	False	No	No	False	6.51	1:DECEASED	No	No	No	No	1	Male	Standard Chemotherapy|Bone Marrow Transplant
aml_ohsu_2018	aml_ohsu_2018_1163	aml_ohsu_2018_13-00354	73	84	Leukemia	Acute Monoblastic/Monocytic Leukemia	No	Negative		4	5+2 (Cytarabine, Idarubicin)|7+3 (Cytarabine, Idarubicin)|Decitabine|Stanford Protocol 9153 (TLI, ATG)	4	Hypomethylating/Low Dose Cytarabine | Consolidation | Induction | Allogeneic - Mismatched Unrelated Donor	2	Standard Chemotherapy | Bone Marrow Transplant	Stanford Protocol 9153 (TLI, ATG)	Allogeneic - Mismatched Unrelated Donor		Negative	Yes	-1	Intermediate-I	Intermediate	Yes	Yes		Negative	None	Initial Acute Leukemia Diagnosis			Negative	Negative	Complete Response		46,XY[20]	0	Negative	Negative			-1	Bone Marrow Transplant	15	Negative	Negative	AMOL					71				6				WES + RNA-seq	Yes	Yes	Peripheral Blood	Denovo	Matched	Acute monoblastic and monocytic leukaemia	Acute monoblastic and monocytic leukaemia	CD4(subset), CD11c(partial), CD13(partial), CD14(partial), CD15(partial), CD33(subset), CD34(subset), CD38, CD64(subset), CD117(subset), HLA-DR and MPO	0.866666667		Negative	Standard Chemotherapy	16.2	Yes	73.0	Dead-Other	4	Yes	Acute Myeloid Leukaemia (AML) and Related Precursor Neoplasms	Acute Myeloid Leukaemia (AML) and Related Precursor Neoplasms	Asian	No	False	No	No	False	10.86	1:DECEASED	No	No	No	No	1	Male	Standard Chemotherapy|Bone Marrow Transplant
aml_ohsu_2018	aml_ohsu_2018_2508	aml_ohsu_2018_16-00102	72	97	Leukemia	AML with Mutated NPM1	No			2	CPX-351 (Liposomal Cytarabine + Daunorubicin)|Hydroxyurea	1	Induction	1	Standard Chemotherapy	CPX-351 (Liposomal Cytarabine + Daunorubicin)	Induction	D5S721, EGR1  del(5q)/monosomy 5, D7Z1, D7S522  del(7q)/monosomy 7, D8Z2 trisomy #8, D20S108, 20qter del(20q)		Yes	-1	Favorable	Favorable	Yes	Yes	M1	Negative	None	Initial Acute Leukemia Diagnosis					Complete Response		46,XY[5]	0	Negative				-1	Standard Chemotherapy	11	Positive		AMLNPM1					96								WES + RNA-seq	Yes	Yes	Bone Marrow Aspirate	Denovo	Matched	AML with mutated NPM1	AML with mutated NPM1	CD117, MPO,CD38(PARTIAL), CD33(DIM) AND NOT EXPRESSING CD34 AND HLA-DR	0.5			Standard Chemotherapy	125.9	Yes	72.0	Alive	4	Yes	Acute Myeloid Leukaemia (AML) and Related Precursor Neoplasms	Acute Myeloid Leukaemia (AML) and Related Precursor Neoplasms	White	No	False	No	No	False	3.13	0:LIVING	No	No	No	No	1	Male	Standard Chemotherapy
aml_ohsu_2018	aml_ohsu_2018_2094	aml_ohsu_2018_15-00338	42	92	Leukemia	APL with PML-RARA	No		0.66	3	ATRA, Arsenic Trioxide|ATRA, 6-MP, Methotrexate|Methotrexate	3	Induction | Experimental | Maintenance	3	Standard Chemotherapy | Targeted Therapy - Other | Intrathecal	ATRA, 6-MP, Methotrexate	Maintenance	nuc ish(RUNX1T1,RUNX1)x2[200],(5'MLL,3'MLL)x2(5'MLL con 3'MLLx2)[200],(PML, RARA)x3(PML con RARAx2)[154/200],(5'CBFB,3'CBFB)x2(5'CBFB con 3'CBFBx2)[200]		Yes	22	Intermediate-II	Favorable	Yes	Yes		Negative	PML-RARA	Initial Acute Leukemia Diagnosis	22.2	7.6	Negative	Negative	Unknown		46,XX,t(15;17)(q24;q21.1)[1]	0			475	88.4	-1	Standard Chemotherapy	8	Negative		APLPMLRARA	3.9	35	35	0	83	0		11	4	0		35	WES + RNA-seq	Yes	Yes	Bone Marrow Aspirate	Denovo	Matched	Acute promyelocytic leukaemia with t(15;17)(q22;q12); PML-RARA	Acute promyelocytic leukaemia with t(15;17)(q22;q12); PML-RARA	CD2(-), CD4(partial +), CD11b(few dim +), CD13(+), CD14(-), CD15(-), CD16 (-), CD25(-), CD33(bright +), CD34(-), CD36(-), CD38(variably +), CD45(variably +), CD56(-), CD64(+), CD117(variably +), CD123(+), HLA-DR(-), myeloperoxidase(+), and TdT(-).	0.4	5.8		Intrathecal		Yes	42.0	Alive	2	Yes	Acute Myeloid Leukaemia (AML) and Related Precursor Neoplasms	Acute Myeloid Leukaemia (AML) and Related Precursor Neoplasms	White	No	False	No	No	False	5.1	0:LIVING	No	No	No	No	1	Female	Standard Chemotherapy|Targeted Therapy - Other|Intrathecal
aml_ohsu_2018	aml_ohsu_2018_2288	aml_ohsu_2018_15-00726	70	25	Leukemia	AML with Mutated NPM1	No	Negative		2	3+7 (Cytarabine, Daunorubicin)|MiDAC	2	Consolidation | Induction	1	Standard Chemotherapy	MiDAC	Consolidation	Normal	Negative	No	6	Favorable	Favorable	No	Yes		Negative	None	Initial Acute Leukemia Diagnosis			Negative	Negative	Complete Response	Negative	46,XX[19]	0	Negative	Negative			78	Standard Chemotherapy	18	Positive	Negative	AMLNPM1					0								WES	No	No	Bone Marrow Aspirate	Denovo	Matched	AML with mutated NPM1	AML with mutated NPM1	CD13, CD33, CD38, CD117 and subset MPO positive	0.933333333		Negative	Standard Chemotherapy		Yes	70.0	Alive	1	Yes	Acute Myeloid Leukaemia (AML) and Related Precursor Neoplasms	Acute Myeloid Leukaemia (AML) and Related Precursor Neoplasms	White	No	False	No	No	False	6.68	0:LIVING	No	No	No	No	1	Female	Standard Chemotherapy
aml_ohsu_2018	aml_ohsu_2018_1675	aml_ohsu_2018_14-00487	44	86.1	Leukemia	AML, NOS	No	Negative		6	7+3 (Cytarabine, Idarubicin)|HiDAC|Azacitidine|CLAG-M (Cladribine, Cytarabine, Mitoxantrone, Filgrastim)|7+3 (Cytarabine, Idarubicin) plus Sorafenib|Ponatinib	5	Hypomethylating/Low Dose Cytarabine | Consolidation | Induction | Experimental | Re-induction	2	Standard Chemotherapy | Targeted Therapy - Kinase Inhibitor(s)	Ponatinib	Experimental	Normal		No	-1	Intermediate-I	Intermediate or Adverse	No	Yes		Positive	None	Initial Acute Leukemia Diagnosis					Unknown		46,XX[20]	-1					-1	Targeted Therapy - Kinase Inhibitor(s)	11	Negative		AMLNOS					65								WES	No	No	Bone Marrow Aspirate	Denovo	Matched	Acute myeloid leukaemia, NOS	Acute myeloid leukaemia, NOS	Large population of atypical CD34 positive myeloblasts (weak CD4+, weak CD33+), representing approximately 78% of the leukocytes suggestive of acute myeloid leukemia	0.766666667			Standard Chemotherapy	11.38	Yes	44.0	Dead-Unknown	3	Yes	Acute Myeloid Leukaemia (AML) and Related Precursor Neoplasms	Acute Myeloid Leukaemia (AML) and Related Precursor Neoplasms	White	No	False	No	No	False	11.25	1:DECEASED	No	No	No	No	2	Female	Standard Chemotherapy|Targeted Therapy - Kinase Inhibitor(s)
aml_ohsu_2018	aml_ohsu_2018_1181	aml_ohsu_2018_13-00383	71	34	Leukemia	AML, NOS	No	Negative		3	Cytarabine|Azacitidine|Stanford Protocol 9153 (TLI, ATG)	3	Hypomethylating/Low Dose Cytarabine | Supportive/Palliative Care | Allogeneic - Matched Unrelated Donor	3	Standard Chemotherapy | Bone Marrow Transplant | Supportive/Palliative Care	Cytarabine	Supportive/Palliative Care		Negative	No		Intermediate-II	Intermediate	No	Yes		Negative	None	Initial Acute Leukemia Diagnosis			Negative	Negative			46,XX,t(8;19)(q24;q13),del(11)?(q14q23)[19]/46,XX[1]	0	Negative	Negative			9	Standard Chemotherapy	1	Negative	Negative	AMLNOS					8				15				WES	No	No	Bone Marrow Aspirate	Denovo	Unmatched	Acute myeloid leukaemia, NOS	Acute myeloid leukaemia, NOS	CD34, CD117, CD38, DIM CD13, CD33, HLA-DR, AND PARTIAL CD7	0.033333333		Negative		4.2	Yes	71.0	Dead-Disease	4	Yes	Acute Myeloid Leukaemia (AML) and Related Precursor Neoplasms	Acute Myeloid Leukaemia (AML) and Related Precursor Neoplasms	White	No	False	No	No	False	23.65	1:DECEASED	No	No	No	No	2	Female	Standard Chemotherapy|Bone Marrow Transplant|Supportive/Palliative Care
aml_ohsu_2018	aml_ohsu_2018_1552	aml_ohsu_2018_14-00268	74	45	Leukemia	AML with Myelodysplasia-Related Changes	No	Negative	0.65	2	Azacitidine|Decitabine	2	Hypomethylating/Low Dose Cytarabine | Supportive/Palliative Care	1	Standard Chemotherapy	Decitabine	Supportive/Palliative Care	nuc ish(RUNX1T1x3,RUNX1x2)[133/200],(5'MLL,3'MLL)x2(5'MLL con 3'MLLx2) [200],(PML,RARA)x2[200],(5'CBFB,3'CBFB)x2(5'CBFB con 3'CBFBx2)[199]		No		Adverse	Adverse	No	Yes		Negative	None	Initial Acute Leukemia Diagnosis|Post-Chemotherapy	24.5	8.3					46,XY,idic(7)(q11.2)[1]/47,idem,+8[9]46,XY[10]	0			266	99.9	-1	Standard Chemotherapy	19	Negative		AMLMRC	2.7	21	33	0	25	4		57	4	35		68	WES	No	No	Bone Marrow Aspirate		Matched	AML with myelodysplasia-related changes	AML with myelodysplasia-related changes	CD2(-), CD4(partial dim +), CD7(partial +), CD11b(-), CD13(+), CD14(-), CD15(-), CD16(-), CD33 (partial +), CD34(+), CD36(-), CD38(partial +), CD45(moderately +), CD56(-), CD64(-), CD117(+), HLA-DR(partial +), MPO (partial +), TdT(-)	1.133333333	5.6			1.5	Yes	74.0	Dead-Disease	2	Yes	Acute Myeloid Leukaemia (AML) and Related Precursor Neoplasms	Acute Myeloid Leukaemia (AML) and Related Precursor Neoplasms	White	No	False	No	No	False	26.15	1:DECEASED	No	No	No	No	1	Male	Standard Chemotherapy
aml_ohsu_2018	aml_ohsu_2018_1817	aml_ohsu_2018_14-00730	40	90	Leukemia	APL with PML-RARA	No	Negative	0.68	1	ATRA, Arsenic Trioxide	2	Consolidation | Induction	1	Standard Chemotherapy	ATRA, Arsenic Trioxide	Consolidation	58% PML-RARA  (c/w karyotype)	Negative	No	33	Intermediate-II	Favorable	No	Yes	M3	Negative	PML-RARA	Initial Acute Leukemia Diagnosis	20.3	7.1	Negative	Negative	Complete Response	Negative	46,XX,t(15;17)(q22;q21)[17]/46,XX[3]	0	Negative	Negative	259	85.3	193	Standard Chemotherapy	12	Negative	Negative	APLPMLRARA	3.2	24	15	0	20	0	0.8	75.9	0	2.6	2.6	53	WES + RNA-seq	Yes	Yes	Bone Marrow Aspirate	Denovo	Matched	Acute promyelocytic leukaemia with t(15;17)(q22;q12); PML-RARA	Acute promyelocytic leukaemia with t(15;17)(q22;q12); PML-RARA	CD13, CD33, CD58, CD64, CD117, CD123 and MPO positive	0.666666667	7.3	Negative	Standard Chemotherapy	1.9	Yes	40.0	Alive	1	Yes	Acute Myeloid Leukaemia (AML) and Related Precursor Neoplasms	Acute Myeloid Leukaemia (AML) and Related Precursor Neoplasms	HispNative	No	False	No	No	False	19.31	0:LIVING	No	No	No	No	1	Female	Standard Chemotherapy
aml_ohsu_2018	aml_ohsu_2018_1924	aml_ohsu_2018_15-00043	44		Leukemia	AML with Myelodysplasia-Related Changes	No			3	7+3 (Cytarabine, Idarubicin)|GCLAC (GCSF, Clofarabine & Cytarabine)|Busulfan, Cyclophosphamide	3	Allogeneic - Sibling | Induction | Re-induction	2	Standard Chemotherapy | Bone Marrow Transplant	Busulfan, Cyclophosphamide	Allogeneic - Sibling	Positive for an EVI1 rearrangement		Yes	12	Adverse	Adverse	Yes	Yes		Negative	None	Post-Chemotherapy					Refractory		46,XX,add(3)(q21)[12]/52,sl,+6,+8,+10,+13,+20,+21[8]	-46					-1	Bone Marrow Transplant	4	Negative		AMLMRC													WES + RNA-seq	Yes	Yes	Peripheral Blood		Unmatched	AML with myelodysplasia-related changes	AML with myelodysplasia-related changes		0.2			Standard Chemotherapy		Yes	43.0	Alive	5	Yes	Acute Myeloid Leukaemia (AML) and Related Precursor Neoplasms	Acute Myeloid Leukaemia (AML) and Related Precursor Neoplasms	White	No	False	No	No	False	13.82	0:LIVING	No	No	No	No	1	Female	Standard Chemotherapy|Bone Marrow Transplant
aml_ohsu_2018	aml_ohsu_2018_652	aml_ohsu_2018_12-00069	71	81	Leukemia	AML, NOS	No	Negative	0.93	5	5+2 (Cytarabine, Idarubicin)|Dasatinib|7+3 (Cytarabine, Idarubicin)|Azacitidine|Hydroxyurea	5	Consolidation | Induction | Experimental | Re-induction | Supportive/Palliative Care	3	Standard Chemotherapy | Supportive/Palliative Care | Targeted Therapy - Kinase Inhibitor(s)	Hydroxyurea	Supportive/Palliative Care	Normal		Yes	6	Intermediate-I	Adverse	Yes	Yes	NOS	Positive	None	Initial Acute Leukemia Diagnosis		8.7	Negative	Negative	Refractory	Negative	46,XY[20]	1	Negative	Negative	673		9	Supportive/Palliative Care	5	Negative	Negative	AMLNOS	3.3	42	45	0	60	0		5	24	4		83	WES	No	No	Peripheral Blood	Denovo	Unmatched	Acute myeloid leukaemia, NOS	Acute myeloid leukaemia, NOS	CD13, CD34, CD38, CD117, CD123, HLA-DR	0.3	6.9		Standard Chemotherapy	179.1	Yes	71.0	Dead-Disease	1	Yes	Acute Myeloid Leukaemia (AML) and Related Precursor Neoplasms	Acute Myeloid Leukaemia (AML) and Related Precursor Neoplasms	HispNative	No	False	No	No	False	10.16	1:DECEASED	No	No	No	No	3	Male	Standard Chemotherapy|Supportive/Palliative Care|Targeted Therapy - Kinase Inhibitor(s)
aml_ohsu_2018	aml_ohsu_2018_2455	aml_ohsu_2018_15-00979	44	75	Leukemia	AML with Mutated NPM1	No		1.25	6	Azacitidine|MEC (Cytarabine, Etoposide, Mitoxantrone)|Sorafenib|Hydroxyurea|Busulfan, Cyclophosphamide|7+3 (Cytarabine, Idarubicin) plus Dasatinib	5	Allogeneic - Sibling | Induction | Experimental | Re-induction | Post-Transplant Relapse	3	Standard Chemotherapy | Bone Marrow Transplant | Targeted Therapy - Kinase Inhibitor(s)	Sorafenib	Experimental	Normal	p.R882H; MAF 48%	Yes	28	Intermediate-I	Favorable or Intermediate	Yes	No		Positive	None	Initial Acute Leukemia Diagnosis	22.9	7.4			Complete Response i		46,XX[20]	0			705	96.2	-1	Targeted Therapy - Kinase Inhibitor(s)		Positive		AMLNPM1	2.4	21	25	0	80	0	7.7	10.3	22.2	6.8	0	42	RNA-seq	Yes	Yes	Bone Marrow Aspirate	Denovo	Matched	AML with mutated NPM1	AML with mutated NPM1	CD13, CD33, subset CD34, variable CD117, CD123, HLA-DR, and variable MPO positive - Monocytic/blast equivalent immunophenotype: CD11b, CD13, subset CD14, variable CD16, CD33, CD64, dim CD123, and HLA-DR positive		6.2		Standard Chemotherapy	69.84	No	44.0	Dead-Disease	1	Yes	Acute Myeloid Leukaemia (AML) and Related Precursor Neoplasms	Acute Myeloid Leukaemia (AML) and Related Precursor Neoplasms	White	No	False	No	No	False	10.49	1:DECEASED	No	No	No	No	1	Female	Standard Chemotherapy|Bone Marrow Transplant|Targeted Therapy - Kinase Inhibitor(s)
aml_ohsu_2018	aml_ohsu_2018_1775	aml_ohsu_2018_14-00658	59	51.5	Leukemia	AML with Mutated NPM1	No	Negative		4	Azacitidine, Sorafenib|Busulfan, Fludarabine, Thymoglobulin (Bu/Flu/ATG)|7+3 (Cytarabine, Idarubicin)|HiDAC	4	Hypomethylating/Low Dose Cytarabine | Consolidation | Induction | Allogeneic - Matched Unrelated Donor	2	Standard Chemotherapy | Bone Marrow Transplant	Azacitidine, Sorafenib	Hypomethylating/Low Dose Cytarabine	Normal		Yes	-1	Intermediate-I	Intermediate	Yes	Yes		Positive	None	Initial Acute Leukemia Diagnosis					Complete Response		46,XX[20]	-1	Negative				-1	Standard Chemotherapy	4	Positive		AMLNPM1					72								WES + RNA-seq	Yes	Yes	Bone Marrow Aspirate	Denovo	Unmatched	AML with mutated NPM1	AML with mutated NPM1	Large population of CD117 positive myeloblasts (predominantly CD34 negative, HLA-DR negative), representing approximately 71% of the leukocytes consistent with acute myeloid leukemia.	0.166666667			Standard Chemotherapy	89.17	Yes	59.0	Dead-Disease	3	Yes	Acute Myeloid Leukaemia (AML) and Related Precursor Neoplasms	Acute Myeloid Leukaemia (AML) and Related Precursor Neoplasms	White	No	False	No	No	False	8.36	1:DECEASED	No	No	No	No	1	Female	Standard Chemotherapy|Bone Marrow Transplant
aml_ohsu_2018	aml_ohsu_2018_1988	aml_ohsu_2018_15-00148	61	25	Leukemia	AML with Mutated NPM1	No	Negative	0.92	2	7+3 (Cytarabine, Idarubicin)|MiDAC	2	Consolidation | Induction	1	Standard Chemotherapy	MiDAC	Consolidation	Normal	Negative	Yes	6	Favorable	Favorable	Yes	Yes		Negative	None	Initial Acute Leukemia Diagnosis	19.4	6.7	Negative	Negative	Complete Response	Negative	46,XY[20]	0	Negative	Negative	1146	97.5	113	Standard Chemotherapy	25	Positive	p.G13D; MAF 17%	AMLNPM1	2.9	16	42	0	39	0	2	58.4	2	12.9	24.7	21	WES	No	No	Bone Marrow Aspirate	Denovo	Matched	AML with mutated NPM1	AML with mutated NPM1	CD13, CD33, CD38, CD58, CD117, CD123, MPO      positive	1.3	5.6	Negative	Standard Chemotherapy	3.28	Yes	61.0	Alive	1	Yes	Acute Myeloid Leukaemia (AML) and Related Precursor Neoplasms	Acute Myeloid Leukaemia (AML) and Related Precursor Neoplasms	White	No	False	No	No	False	6.58	0:LIVING	No	No	No	No	1	Male	Standard Chemotherapy
aml_ohsu_2018	aml_ohsu_2018_2290	aml_ohsu_2018_15-00731	66	13	Leukemia	Myeloid Sarcoma	No	Negative	1.1	3	7+3 (Cytarabine, Idarubicin)|Azacitidine|FLAG (Fludarabine, High-dose Cytarabine, G-CSF)	3	Consolidation | Induction | Re-induction	1	Standard Chemotherapy	Azacitidine	Consolidation	Normal	Negative	No	20	Intermediate-I	Intermediate	No	Yes		Negative	None	Initial Acute Leukemia Diagnosis	24.4	7.7	Negative	Negative	Complete Response i	Negative	46,XX[20]	0	Negative	Negative		86.8	-1	Standard Chemotherapy	12	Negative	Negative	MS	2.7	58	48	0.5		2.5	0.5	24.7	9.7	62.1	0	226	WES	No	No	Bone Marrow Aspirate	Denovo	Matched	Myeloid sarcoma	Myeloid sarcoma	CD13, CD33, CD34, CD38, CD58, CD117 and  HLA-DR	0.433333333	6.7	Negative	Standard Chemotherapy	4.33	Yes	66.0	Alive	1	Yes	Acute Myeloid Leukaemia (AML) and Related Precursor Neoplasms	Acute Myeloid Leukaemia (AML) and Related Precursor Neoplasms	White	No	False	No	No	False	6.02	0:LIVING	No	No	No	No	1	Female	Standard Chemotherapy
aml_ohsu_2018	aml_ohsu_2018_2495	aml_ohsu_2018_16-00087	24		Leukemia	Therapy-Related Myeloid Neoplasms	No		0.51	3	ATRA (Tretinoin)|HiDAC|3+7 (Cytarabine, Daunorubicin)	3	Consolidation | Induction | Experimental	2	Standard Chemotherapy | Targeted Therapy - Other	HiDAC	Consolidation	Normal		No	6	Not Enough Information	Favorable or Intermediate	No	Yes		Positive	Unknown	Post-Chemotherapy	19.6	6.2	p.W288fs*12; MAF 50%		Complete Response			0			364	108.3	114	Standard Chemotherapy	2	Positive		TMN	2.7	14	18	0	97	0	0	1.9	0	1.9	0.2	15	WES + RNA-seq	Yes	Yes	Leukapheresis		Unmatched	Therapy-related myeloid neoplasms	Therapy-related myeloid neoplasms	CD13, CD33, CD38, CD58, CD117 and CD123 positive.	0.1	6.4		Standard Chemotherapy	181.66	Yes	24.0	Alive	1	Yes	Acute Myeloid Leukaemia (AML) and Related Precursor Neoplasms	Acute Myeloid Leukaemia (AML) and Related Precursor Neoplasms	White	No	False	No	No	False	8.59	0:LIVING	No	No	No	No	1	Female	Standard Chemotherapy|Targeted Therapy - Other
aml_ohsu_2018	aml_ohsu_2018_2437	aml_ohsu_2018_16-00010	31	79	Leukemia	AML with Recurrent Genetic Abnormalities	No		0.52	2	7+3 (Cytarabine, Idarubicin)|HiDAC	2	Consolidation | Induction	1	Standard Chemotherapy	HiDAC	Consolidation	This test has detected t(4;15) and t(9;11) in 19 of 20 cells analyzed. Translocation t(9;11) was reported previously in this case as the primary abnormality. Translocation t(4;15) represents a secondary chromosome change, that was already reported on prev		Yes	27	Intermediate-II	Intermediate	Yes	No		Negative	MLLT3-KMT2A	Residual Disease|Post-Chemotherapy	29.5	9.6			Complete Response i		46,XX,t(4;15)(q31;q22),t(9;11)(p22;q23)[20]	0				89.4	93	Standard Chemotherapy		Negative		AMLRGA	4	44	53		64			2	15	1		69	RNA-seq	Yes	Yes	Peripheral Blood		Unmatched	AML with t(9;11)(p22;q23); MLLT3-MLL	AML with t(9;11)(p22;q23); MLLT3-MLL	POSITIVE FOR CD33, CD11B, CD64, CD4 AND MPO (SUBSET/DIM) AND ARE NEGATIVE FOR CD117, CD13, CD34, HLA-DR AND TDT		7.3		Standard Chemotherapy	20.3	No	30.0		6	Yes	Acute Myeloid Leukaemia (AML) and Related Precursor Neoplasms	Acute Myeloid Leukaemia (AML) and Related Precursor Neoplasms	Black	No	False	No	No	False			No	No	No	No	2	Female	Standard Chemotherapy
aml_ohsu_2018	aml_ohsu_2018_2068	aml_ohsu_2018_15-00302	65		Leukemia	AML with Mutated NPM1	No	Negative		1	7+3 (Cytarabine, Idarubicin)	1	Induction	1	Standard Chemotherapy	7+3 (Cytarabine, Idarubicin)	Induction		Negative	Yes	-1	Not Enough Information	Favorable	Yes	Yes		Negative	Unknown	Initial Acute Leukemia Diagnosis			Negative	Negative	UNKNOWN	Negative		0	Negative	Negative			-1	Standard Chemotherapy	3	Positive	Negative	AMLNPM1													WES + RNA-seq	Yes	Yes	Peripheral Blood	Denovo	Unmatched	AML with mutated NPM1	AML with mutated NPM1	Large population of atypical myeloblasts (CD56 positive,  weak CD117 positive, CD34 negative, HLA-DR negative),  representing approximately 87% of the leukocytes,  consistent with acute myeloid leukemia	0.133333333		Negative	Standard Chemotherapy		Yes	65.0	Dead-Other	3	Yes	Acute Myeloid Leukaemia (AML) and Related Precursor Neoplasms	Acute Myeloid Leukaemia (AML) and Related Precursor Neoplasms	White	No	False	No	No	False	0.69	1:DECEASED	No	No	No	No	1	Female	Standard Chemotherapy
aml_ohsu_2018	aml_ohsu_2018_2195	aml_ohsu_2018_15-00534	87	60	Leukemia	AML with Biallelic Mutations of CEBPA	No	p.A66fs; MAF 37.3%		2	AG-120|Decitabine	2	Hypomethylating/Low Dose Cytarabine | Experimental	2	Standard Chemotherapy | Targeted Therapy - Other	AG-120	Experimental	9.5% gain 21q22		Yes		Intermediate-II	Adverse	Yes	Yes		Negative	None	Initial Acute Leukemia Diagnosis			p.R132C; MAF 48.7%				47,XY,+21[3]/46,XY[9]	1					-1	Targeted Therapy - Other	6	Negative		AMLCEBPA					39				2			43	WES + RNA-seq	Yes	Yes	Bone Marrow Aspirate	After or at the time transformation from another heme malignancy	Matched	AML with mutated CEBPA	AML with mutated CEBPA	A distinct blastic population, expressing CD7, CD13, CD15, CD33, CD34, CD38, dim CD45, CD64, MPO, and HLA-DR	0.233333333		p.N107D; MAF 97.6%		139.9	Yes	87.0	Dead-Disease	5	Yes	Acute Myeloid Leukaemia (AML) and Related Precursor Neoplasms	Acute Myeloid Leukaemia (AML) and Related Precursor Neoplasms	White	No	False	No	Yes	False	8.19	1:DECEASED	No	No	Yes	No	1	Male	Standard Chemotherapy|Targeted Therapy - Other
aml_ohsu_2018	aml_ohsu_2018_1691	aml_ohsu_2018_14-00502			Blastic Plasmacytoid Dendritic Cell Neoplasm	Blastic Plasmacytoid Dendritic Cell Neoplasm	No			0		0		0		NONE	NONE			No		Not Enough Information	Intermediate	No	Yes		Negative	Unknown	Initial Acute Leukemia Diagnosis								0						NONE	6	Negative		BPDCN													WES	No	No	Bone Marrow Aspirate	Denovo	Unmatched	Blastic plasmacytoid dendritic cell neoplasm	Blastic plasmacytoid dendritic cell neoplasm		0.3					Yes			7	No	Acute Myeloid Leukaemia (AML) and Related Precursor Neoplasms	Acute Myeloid Leukaemia (AML) and Related Precursor Neoplasms	White	No	False	No	No	False			No	No	No	No	1	Male	
aml_ohsu_2018	aml_ohsu_2018_1631	aml_ohsu_2018_14-00404	54	29	Leukemia	AML with Myelodysplasia-Related Changes	No	Negative	1.02	2	3+7 (Cytarabine, Daunorubicin)|Azacitidine	2	Salvage | Induction	2	Standard Chemotherapy | Supportive/Palliative Care	Azacitidine	Salvage	21q deletion		No	5	Adverse	Adverse	No	Yes	M4	Negative	None	Initial Acute Leukemia Diagnosis	22.4	8.3	Negative	Negative	Refractory	Negative	46,XY,add(5)(q23),der(11)t(11;20)(p11.2;p11.2),der(17)t(5;17)(q31;p12),-20,del(21)(q21)+mar[cp21]	0	Negative			90.3	196	Supportive/Palliative Care	10	Negative		AMLMRC	3.4	16	17	0	0	0.9		75.2	17.9	6	0	30	WES	No	No	Bone Marrow Aspirate	Denovo	Matched	AML with myelodysplasia-related changes	AML with myelodysplasia-related changes	CD13, CD33, CD34, CD117, MPO and HLA-DR	0.566666667	6.7	p.T312fs*25 (one nucleotide insertion); MAF 30%	Standard Chemotherapy	2.12	Yes	54.0	Dead-Disease	1	Yes	Acute Myeloid Leukaemia (AML) and Related Precursor Neoplasms	Acute Myeloid Leukaemia (AML) and Related Precursor Neoplasms	White	No	False	No	No	False	10.43	1:DECEASED	No	No	No	No	1	Male	Standard Chemotherapy|Supportive/Palliative Care
aml_ohsu_2018	aml_ohsu_2018_1431	aml_ohsu_2018_14-00034	55	50	Leukemia	AML with Biallelic Mutations of CEBPA	Yes	c.242?243insCTTGGTT (7bp out-of-frame insertion); MAF 50%	1.01	4	7+3 (Cytarabine, Idarubicin)|HiDAC|Azacitidine|Busulfan, Cyclophosphamide	3	Consolidation | Induction | Allogeneic - Matched Unrelated Donor	2	Standard Chemotherapy | Bone Marrow Transplant	Busulfan, Cyclophosphamide	Allogeneic - Matched Unrelated Donor	Normal		Yes	6	Favorable	Favorable	Yes	Yes		Negative	None	Initial Acute Leukemia Diagnosis	30.6	10.1	Negative	Negative	Complete Response	Negative	46,XY[20]	0	Negative			98.4	-1	Bone Marrow Transplant	22	Negative		AMLCEBPA	3.7	27	20	0	25	0		45.3	19.6	9.3	6	15	WES + RNA-seq	Yes	Yes	Bone Marrow Aspirate	Denovo	Matched	AML with mutated CEBPA	AML with mutated CEBPA	CD7, CD13, CD33, CD34, CD38, CD64, CD123, HLA-DR, and MPO	1.166666667	6.3		Standard Chemotherapy	3.85	Yes	55.0	Alive	1	Yes	Acute Myeloid Leukaemia (AML) and Related Precursor Neoplasms	Acute Myeloid Leukaemia (AML) and Related Precursor Neoplasms	White	No	False	No	No	False	29.8	0:LIVING	No	No	No	No	1	Male	Standard Chemotherapy|Bone Marrow Transplant
aml_ohsu_2018	aml_ohsu_2018_1153	aml_ohsu_2018_14-00044	37		Leukemia	AML with Mutated NPM1	No			5	7+3 (Cytarabine, Idarubicin)|HiDAC|FLAG-IDA (Cytarabine, Filgrastim, Fludarabine, Idarubicin)|MEC (Cytarabine, Etoposide, Mitoxantrone)|Cyclophosphamide, Etoposide, TBI	5	Allogeneic - Sibling | Consolidation | Salvage | Induction | Re-induction	2	Standard Chemotherapy | Bone Marrow Transplant	FLAG-IDA (Cytarabine, Filgrastim, Fludarabine, Idarubicin)	Re-induction			Yes	6	Not Enough Information	Favorable	Yes	No		Negative	None	Residual Relapse|Post-Chemotherapy|Post-Transplant					Complete Response		46,XX[5]	-159					53	Standard Chemotherapy		Positive		AMLNPM1													RNA-seq	Yes	Yes	Peripheral Blood		Matched	AML with mutated NPM1	AML with mutated NPM1					Standard Chemotherapy		No	35.0	Dead-Treatment	4	Yes	Acute Myeloid Leukaemia (AML) and Related Precursor Neoplasms	Acute Myeloid Leukaemia (AML) and Related Precursor Neoplasms	White	No	False	No	No	False	25.03	1:DECEASED	No	No	No	No	2	Female	Standard Chemotherapy|Bone Marrow Transplant
aml_ohsu_2018	aml_ohsu_2018_1973	aml_ohsu_2018_15-00194	70		Leukemia	AML with Minimal Differentiation	No	Negative	0.74	3	7+3 (Cytarabine, Idarubicin)|Azacitidine|Decitabine	3	Hypomethylating/Low Dose Cytarabine | Induction | Supportive/Palliative Care	2	Standard Chemotherapy | Supportive/Palliative Care	Decitabine	Hypomethylating/Low Dose Cytarabine		Negative	No	6	Intermediate-II	Adverse	No	Yes		Negative	None	Residual Disease|Post-Chemotherapy	24.4	8.1	Negative	Negative	Refractory	Negative	47,XY,+4[9]/46,XY[11]	1	Negative	Negative		103.8	-1	Supportive/Palliative Care	6	Negative	Negative	AMLMD	2	46	27	0		0	0	78.1	0.9	1.7	0	23	WES + RNA-seq	Yes	Yes	Bone Marrow Aspirate		Matched	AML with minimal differentiation	AML with minimal differentiation		0.233333333	4.7	Negative	Standard Chemotherapy	4.85	Yes	70.0	Alive	1	Yes	Acute Myeloid Leukaemia (AML) and Related Precursor Neoplasms	Acute Myeloid Leukaemia (AML) and Related Precursor Neoplasms	White	No	False	No	No	False	17.2	0:LIVING	No	No	No	No	3	Male	Standard Chemotherapy|Supportive/Palliative Care
aml_ohsu_2018	aml_ohsu_2018_1782	aml_ohsu_2018_14-00664	75		Leukemia	AML with Myelodysplasia-Related Changes	No	Negative	1.1	1	7+3 (Cytarabine, Idarubicin)	1	Induction	1	Standard Chemotherapy	7+3 (Cytarabine, Idarubicin)	Induction	Normal	Negative	No	6	Intermediate-I	Adverse	No	Yes		Negative	None	Initial Acute Leukemia Diagnosis	27.9	9.3	Negative	Negative	Complete Response i	Negative	46,XY[20]	0	Negative	Negative	241	99.6	6	Standard Chemotherapy	20	Negative	Negative	AMLMRC	3.3	21	11	0		0	0.8	75.6	4.6	19	3.8	31	WES	No	No	Bone Marrow Aspirate	Denovo	Matched	AML with myelodysplasia-related changes	AML with myelodysplasia-related changes	CD13, CD33, CD34, CD38, CD58, CD117, CD123, and HLA-DR+	0.766666667	6.5	Negative	Standard Chemotherapy	1.31	Yes	75.0	Dead-Other	1	Yes	Acute Myeloid Leukaemia (AML) and Related Precursor Neoplasms	Acute Myeloid Leukaemia (AML) and Related Precursor Neoplasms	White	No	False	No	No	False	0.92	1:DECEASED	No	No	No	No	1	Male	Standard Chemotherapy
aml_ohsu_2018	aml_ohsu_2018_2308	aml_ohsu_2018_15-00764	40	71	Leukemia	AML with t(6;9)(p23;q34.1);DEK-NUP214	No			6	Azacitidine, Sorafenib|Busulfan, Fludarabine|7+3 (Cytarabine, Idarubicin)|Gilteritinib (ASP2215)|Sorafenib|Cladribine, Cytarabine, Idarubicin	7	Allogeneic - Sibling | Hypomethylating/Low Dose Cytarabine | Salvage | Induction | Experimental | Intensification | Re-induction	3	Standard Chemotherapy | Bone Marrow Transplant | Targeted Therapy - Kinase Inhibitor(s)	Sorafenib	Experimental	Normal		Yes	-1	Adverse	Adverse	Yes	Yes		Positive	Unknown	Relapse|Post-Chemotherapy|Post-Transplant					Refractory			0					38	Targeted Therapy - Kinase Inhibitor(s)	2	Negative		AMLDEKNUP214					46								WES	No	Yes	Peripheral Blood	Relapse	Unmatched	AML with t(6;9)(p23;q34); DEK-NUP214	AML with t(6;9)(p23;q34); DEK-NUP214	CD4,  CD11b, dim CD13, variable CD15, CD33, partial CD34  (approximately 25%), variable CD64 (dim to bright), CD117,  HLA-DR, and myeloperoxidase	0.1			Standard Chemotherapy	34	Yes	38.0	Dead-Disease	3	Yes	Acute Myeloid Leukaemia (AML) and Related Precursor Neoplasms	Acute Myeloid Leukaemia (AML) and Related Precursor Neoplasms	White	No	False	No	No	False	23.59	1:DECEASED	No	No	No	No	1	Male	Standard Chemotherapy|Bone Marrow Transplant|Targeted Therapy - Kinase Inhibitor(s)
aml_ohsu_2018	aml_ohsu_2018_2496	aml_ohsu_2018_16-00067	53	20	Leukemia	Acute Myeloid Leukemia	No		0.86	4	7+3 (Cytarabine, Idarubicin)|HiDAC|Cyclophosphamide|Fludarabine, Cyclophosphamide, TBI	4	Consolidation | Induction | Allogeneic - Child | Maintenance	3	Standard Chemotherapy | Bone Marrow Transplant | Supportive/Palliative Care	Cyclophosphamide	Maintenance	nuc ish(D5S2064,D5S630,EGR1)x2[200],(D7Z1,D7S522)x2[200],(D8Z2,D20S108)x2[200],(RUNX1T1, RUNX1)x2[200],(5'MLL,3'MLL)x2(5'MLL con 3'MLLx2)[200],(PML,RARA)x2[200],(5'CBFB,3'CBFB)x2(5'CBFB con 3'CBFBx2)[200]		Yes	-1	Not Enough Information	Intermediate	Yes	Yes		Negative	None	Initial Acute Leukemia Diagnosis	20	6.2	Negative		Complete Response		46,XX[20]	-1			426	105.3	1	Supportive/Palliative Care	10	Negative		AML	3.3	18	23	0	8	0		37	20	30		38	WES + RNA-seq	Yes	Yes	Peripheral Blood	Denovo	Matched	Acute myelomonocytic leukaemia	Acute myelomonocytic leukaemia	CD34(+), CD13(dim +), CD15(partial +), CD33(dim to partial +), CD34(+), CD38(variably +), CD45(dim +), CD56(-), CD64 (small subset +), CD117(+), HLA-DR(partial +), other myeloid and lymphoid antigens(-).	0.6	7		Standard Chemotherapy	6.63	Yes	53.0	Alive	2	Yes	Acute Myeloid Leukaemia (AML) and Related Precursor Neoplasms	Acute Myeloid Leukaemia (AML) and Related Precursor Neoplasms	HispNative	No	False	No	No	False	17.01	0:LIVING	No	No	No	No	1	Female	Standard Chemotherapy|Bone Marrow Transplant|Supportive/Palliative Care
aml_ohsu_2018	aml_ohsu_2018_2196	aml_ohsu_2018_15-00539	73		Leukemia	AML with Myelodysplasia-Related Changes	No		0.58	4	Lenalidomide|Azacitidine|Decitabine|Clofarabine, Cytarabine	2	Hypomethylating/Low Dose Cytarabine | Maintenance	2	Standard Chemotherapy | Other	Clofarabine, Cytarabine	Hypomethylating/Low Dose Cytarabine	nuc ish(5'MLL,3'MLL)x2(5'MLL con 3'MLLx2)[200]		Yes		Intermediate-II	Adverse	Yes	Yes		Negative	None	Post-Chemotherapy|Residual Disease	27.5	8.8					46,XX,+1,der(1;21)(q10;q10)[6]/46,XX[14]	-79					-1	Other	7	Negative		AMLMRC	3.6	41	34	0	25	0		2	54	18			WES + RNA-seq	Yes	Yes	Peripheral Blood	After or at the time transformation from another heme malignancy	Matched	AML with myelodysplasia-related changes	AML with myelodysplasia-related changes		0.3	6.2			58.2	Yes	72.0	Dead-Disease	2	Yes	Acute Myeloid Leukaemia (AML) and Related Precursor Neoplasms	Acute Myeloid Leukaemia (AML) and Related Precursor Neoplasms	White	Yes	False	No	No	False	15.3	1:DECEASED	Yes	No	No	No	1	Female	Standard Chemotherapy|Other
aml_ohsu_2018	aml_ohsu_2018_1863	aml_ohsu_2018_14-00793			Leukemia	Acute Myeloid Leukemia	No			0		0		0		NONE	NONE			No		Not Enough Information	Intermediate	No	Yes		Negative	Unknown	Initial Acute Leukemia Diagnosis								0						NONE	1	Negative		AML													WES	No	No	Bone Marrow Aspirate		Unmatched	unknown	unknown		0.066666667					Yes			1	No	Acute Myeloid Leukaemia (AML) and Related Precursor Neoplasms	Acute Myeloid Leukaemia (AML) and Related Precursor Neoplasms	HispNative	No	False	No	No	True			No	No	No	No	1	Male	
aml_ohsu_2018	aml_ohsu_2018_2032	aml_ohsu_2018_15-00246	65	10	Leukemia	AML with Mutated NPM1	No		1.48	1	Decitabine	1	Hypomethylating/Low Dose Cytarabine	1	Standard Chemotherapy	Decitabine	Hypomethylating/Low Dose Cytarabine	nuc ish(D5S2064,D5S630,EGR1)x2[200],(D7Z1,D7S522)x2[200],(D8Z2,D20S108)x2[199](RUNX1T1, RUNX1)x2[199],(5'MLL,3'MLL)x2(5'MLL con 3'MLLx2)[200],(PML,RARA)x2[200],(5'CBFB,3'CBFB)x2(5'CBFB con 3'CBFBx2)[200]	W297*; MAF 44%	No		Not Enough Information	Favorable	No	Yes		Negative	None	Initial Acute Leukemia Diagnosis	20.4	7.2	Negative	Negative			46,XY[20]	0			275	93.3	214	Standard Chemotherapy	14	Positive		AMLNPM1	4.3	24	27		1	0		80	2	17		23	WES + RNA-seq	Yes	Yes	Bone Marrow Aspirate	Denovo	Matched	AML with mutated NPM1	AML with mutated NPM1	CD2(-), CD7(-), CD11b(-), CD13(+), CD14(-), CD15(partial dim +), CD16(-), CD33 (bright +), CD34(partial +), CD36(-), CD38(variably +), CD45(+), CD56(-), CD64(-), CD117(+), HLA-DR (+), GLy-A(-), MPO(partial +), TdT(-).	0.9	6.9			1.6	Yes	65.0	Dead-Unknown	2	Yes	Acute Myeloid Leukaemia (AML) and Related Precursor Neoplasms	Acute Myeloid Leukaemia (AML) and Related Precursor Neoplasms	White	No	False	No	No	False	8.85	1:DECEASED	No	No	No	No	1	Male	Standard Chemotherapy
aml_ohsu_2018	aml_ohsu_2018_1409	aml_ohsu_2018_14-00023	74		Leukemia	AML with Mutated NPM1	No		0.79	1	3+7 (Cytarabine, Daunorubicin)	1	Induction	1	Standard Chemotherapy	3+7 (Cytarabine, Daunorubicin)	Induction			Yes	6	Favorable	Favorable	Yes	No		Negative	Unknown	Initial Acute Leukemia Diagnosis	28.1	9.4			Complete Response			0			645	98.3	6	Standard Chemotherapy		Positive		AMLNPM1	2.6	17	28	0.9		0		11.4	44.7	35.1	7.1	71	RNA-seq	Yes	Yes	Peripheral Blood	Denovo	Matched	AML with mutated NPM1	AML with mutated NPM1			6.2		Standard Chemotherapy	35.91	No	74.0	Alive	1	Yes	Acute Myeloid Leukaemia (AML) and Related Precursor Neoplasms	Acute Myeloid Leukaemia (AML) and Related Precursor Neoplasms	White	No	False	No	No	False	0.92	0:LIVING	No	No	No	No	1	Female	Standard Chemotherapy
aml_ohsu_2018	aml_ohsu_2018_2119	aml_ohsu_2018_15-00395	76	50	Leukemia	AML with Myelodysplasia-Related Changes	No	Negative	1.45	3	CPX-351 (Liposomal Cytarabine + Daunorubicin)|Decitabine|Incyte trial (azacitidine and JAK 1 inhibitor)	2	Consolidation | Induction	1	Standard Chemotherapy	Incyte trial (azacitidine and JAK 1 inhibitor)	Induction	5% trisomy 8 (c/w karyotype)	Negative	No	35	Intermediate-II	Adverse	No	Yes	M0	Negative	None	Initial Acute Leukemia Diagnosis	22.3	7.6	Negative	Negative	Complete Response	Negative	47,XY,+8[3]/46,XY[17]	0	Negative	Negative		118.6	77	Standard Chemotherapy	11	Negative	Negative	AMLMRC	3.7	18	16	0	5	2	0.2	52.2	37.1	8.5	0	104	WES + RNA-seq	Yes	Yes	Bone Marrow Aspirate	Denovo	Matched	AML with myelodysplasia-related changes	AML with myelodysplasia-related changes	#1 Immunophenotype: CD13, CD34, CD38, dim CD45, CD58, CD117, HLA-DR and TdT positive	0.633333333	7.7	Negative	Standard Chemotherapy	4.48	Yes	76.0	Dead-Unknown	1	Yes	Acute Myeloid Leukaemia (AML) and Related Precursor Neoplasms	Acute Myeloid Leukaemia (AML) and Related Precursor Neoplasms	White	No	False	No	No	False	17.11	1:DECEASED	No	No	No	No	3	Male	Standard Chemotherapy
aml_ohsu_2018	aml_ohsu_2018_191	aml_ohsu_2018_11-00254	61		Leukemia	AML with Mutated NPM1	No		1.6	5	7+3 (Cytarabine, Idarubicin)|HiDAC|MEC (Cytarabine, Etoposide, Mitoxantrone)|Etoposide, Mitoxantrone|Quizartinib	5	Salvage | Consolidation | Induction | Experimental | Supportive/Palliative Care	3	Standard Chemotherapy | Supportive/Palliative Care | Targeted Therapy - Kinase Inhibitor(s)	Etoposide, Mitoxantrone	Supportive/Palliative Care	Normal		No	6	Intermediate-I	Intermediate	No	Yes		Positive	None	Residual Disease|Post-Chemotherapy	27	9.3			Complete Response		46,XX[20]	0				81.8	0	Supportive/Palliative Care	6	Positive		AMLNPM1	2.6	67	67	0		0		2	1	0		21	WES	No	No	Peripheral Blood		Unmatched	AML with mutated NPM1	AML with mutated NPM1		0.266666667	5.9		Standard Chemotherapy	79.7	Yes	60.0	Dead-Disease	1	Yes	Acute Myeloid Leukaemia (AML) and Related Precursor Neoplasms	Acute Myeloid Leukaemia (AML) and Related Precursor Neoplasms	White	No	False	No	No	False	12.96	1:DECEASED	No	No	No	No	3	Female	Standard Chemotherapy|Supportive/Palliative Care|Targeted Therapy - Kinase Inhibitor(s)
aml_ohsu_2018	aml_ohsu_2018_2104	aml_ohsu_2018_15-00353	60	13	Leukemia	Acute Megakaryoblastic Leukemia	No	Negative		1	Azacitidine	1	Hypomethylating/Low Dose Cytarabine	1	Standard Chemotherapy	Azacitidine	Hypomethylating/Low Dose Cytarabine	Normal		No		Intermediate-II	Intermediate	No	Yes		Negative	None	Initial Acute Leukemia Diagnosis			Negative	Negative			46,XY,del(13)(q12q14)[3]/46,XY[17]	-6	Negative				-1	Standard Chemotherapy	15	Negative		AMKL												136	WES + RNA-seq	Yes	Yes	Peripheral Blood	After or at the time transformation from another heme malignancy	Matched	Acute megakaryoblastic leukaemia	Acute megakaryoblastic leukaemia	CD3  - Scattered cells positive, 5-10% of marrow cells CD20  - Scattered cells positive, 5-10% of marrow cells CD34  - Rare cells positive, <1% of marrow cells CD30  - Negative CD43  - Positive in >60% of marrow cells, including the clusters of immature c	0.8				3.1	Yes	60.0	Dead-Disease	5	Yes	Acute Myeloid Leukaemia (AML) and Related Precursor Neoplasms	Acute Myeloid Leukaemia (AML) and Related Precursor Neoplasms	White	No	False	No	No	False	6.71	1:DECEASED	No	No	Yes	No	1	Male	Standard Chemotherapy
aml_ohsu_2018	aml_ohsu_2018_2005	aml_ohsu_2018_15-00180	73	55	Leukemia	Acute Myeloid Leukemia	No	Negative		3	FLX925|Azacitidine, Lenalidomide|Venetoclax (ABT-199)	2	Salvage | Experimental	3	Standard Chemotherapy | Targeted Therapy - Other | Targeted Therapy - Kinase Inhibitor(s)	Azacitidine, Lenalidomide	Salvage	Normal		No		Intermediate-I	Adverse	No	Yes	M5	Negative	None	Initial Acute Leukemia Diagnosis			p.G105G; MAF 50%	Negative		Negative	46,XY[20]	0	Negative				76	Standard Chemotherapy	10	Negative		AML					39							25	WES	No	No	Bone Marrow Aspirate	After or at the time transformation from another heme malignancy	Matched	AML with myelodysplasia-related changes	Unknown	positive for CD34, CD117, CD13, CD33, and HLA-DR	0.333333333				46.8	Yes	73.0	Dead-Unknown	5	Yes	Acute Myeloid Leukaemia (AML) and Related Precursor Neoplasms	Myelodysplastic Syndromes	White	Yes	False	No	No	False	14.47	1:DECEASED	Yes	No	No	No	1	Male	Standard Chemotherapy|Targeted Therapy - Other|Targeted Therapy - Kinase Inhibitor(s)
aml_ohsu_2018	aml_ohsu_2018_50	aml_ohsu_2018_12-00426	14	80	Leukemia	AML with t(6;9)(p23;q34.1);DEK-NUP214	No		0.66	13	Cyclophosphamide, TBI|HAM (Cytarabine, Mitoxantrone)|MEC (Cytarabine, Etoposide, Mitoxantrone)|Decitabine|Cytarabine, Mitoxantrone, Sorafenib|ADE (Cytarabine, Daunorubicin & Etoposide)|Donor Lymphocyte Infusion|Cytarabine|Sorafenib|FLAG (Fludarabine, High	8	Allogeneic - Sibling | Consolidation | Unknown | Induction | Experimental | Intensification | Re-induction | Allogeneic - Matched Unrelated Donor	5	DLI | Standard Chemotherapy | Bone Marrow Transplant | Targeted Therapy - Kinase Inhibitor(s) | Intrathecal	Sorafenib	Experimental	DEK/NUP probe set; 70/100 (70%) interphasecells scored had a 1 red/ 1 green/ 2 yellow fusion signal pattern,consistent with DEK/NUP fusion and the 6;9 translocation observed in themetaphase karyotype.		Yes	9	Adverse	Adverse	Yes	No	M2	Positive	DEK-NUP214	Relapse|Post-Transplant|Post-Chemotherapy	41.6	14.3			Refractory		48,X,-Y,+4,t(6;9)(p22;q34),+8,+10,del(15)(q11.2q15)[20]	0				102.9	187	Targeted Therapy - Kinase Inhibitor(s)				AMLDEKNUP214	4.3	42	38	0	0	3		78	3	16		50	RNA-seq	Yes	Yes	Bone Marrow Aspirate	Relapse	Matched	AML with t(6;9)(p23;q34); DEK-NUP214	AML with t(6;9)(p23;q34); DEK-NUP214	CD13, CD33, CD34, CD38, CD117,  CD123, dim HLA-DR, partial MPO		7.6		Standard Chemotherapy	2.2	No	11.0	Dead-Disease	1	Yes	Acute Myeloid Leukaemia (AML) and Related Precursor Neoplasms	Acute Myeloid Leukaemia (AML) and Related Precursor Neoplasms	White	No	False	No	No	False	54.44	1:DECEASED	No	No	No	No	1	Male	DLI|Standard Chemotherapy|Bone Marrow Transplant|Targeted Therapy - Kinase Inhibitor(s)|Intrathecal
aml_ohsu_2018	aml_ohsu_2018_2273	aml_ohsu_2018_15-00683	83	45	Leukemia	AML with Myelodysplasia-Related Changes	No	Negative		1	AG-221	1	Experimental	1	Targeted Therapy - Other	AG-221	Experimental	FISH assays were positive for findings consistent with trisomy 8 in 79% to 90% of assayed cells, and positive for loss of 16q22 sequences in 91.5% of assayed cells.		No		Adverse	Adverse	No	No		Negative	None	Initial Acute Leukemia Diagnosis			p.G105G; MAF 50%			Negative	46,XX,+8,-16,der(17)t(16;17)(p11.2;p11.1),del(19)(p13.3)[20]	0					-1	Targeted Therapy - Other		Negative		AMLMRC												133	RNA-seq	Yes	Yes	Bone Marrow Aspirate		Matched	AML with myelodysplasia-related changes	AML with myelodysplasia-related changes	positive for CD34, CD117, HLA-DR, and CD13, with aberrant loss of CD33, and with a subset of the blasts showing aberrant co-expression of CD34 and myeloperoxidase					2.2	No	83.0		5	No	Acute Myeloid Leukaemia (AML) and Related Precursor Neoplasms	Acute Myeloid Leukaemia (AML) and Related Precursor Neoplasms	White	No	False	No	No	False			No	No	No	No	2	Female	Targeted Therapy - Other
aml_ohsu_2018	aml_ohsu_2018_1616	aml_ohsu_2018_14-00380	67		Leukemia	AML with Myelodysplasia-Related Changes	No			3	Azacitidine|Decitabine|Clofarabine	2	Hypomethylating/Low Dose Cytarabine | Induction	1	Standard Chemotherapy	Decitabine	Hypomethylating/Low Dose Cytarabine	43% del 5q31, 56% del 7q31, 58% del20q		No	-1	Adverse	Adverse	No	Yes		Negative	None	Post-Chemotherapy|Initial Acute Leukemia Diagnosis					UNKNOWN		42,X,add(Y)(p11.1),add(3)(q12),add(4)(q25),del(5)(q12q33),-7,add(8)(p11.2),-11,add(13)(p11.2),del(16)(q22),-17,add(19)(q12.3),-20,add(21)(p11.2),-22,+mar[20]	-10					-1	Standard Chemotherapy		Negative		AMLMRC													WES + RNA-seq	Yes	Yes	Peripheral Blood	After or at the time transformation from another heme malignancy	Matched	AML with myelodysplasia-related changes	AML with myelodysplasia-related changes		0			Standard Chemotherapy		Yes	67.0	Dead-Treatment	3	Yes	Acute Myeloid Leukaemia (AML) and Related Precursor Neoplasms	Acute Myeloid Leukaemia (AML) and Related Precursor Neoplasms	White	Yes	False	No	No	False	0.99	1:DECEASED	Yes	No	No	No	1	Male	Standard Chemotherapy
aml_ohsu_2018	aml_ohsu_2018_1233	aml_ohsu_2018_13-00468	61	17	Leukemia	AML with Myelodysplasia-Related Changes	No	Negative	0.5	4	5+2 (Cytarabine, Idarubicin)|7+3 (Cytarabine, Idarubicin)|MEC (Cytarabine, Etoposide, Mitoxantrone)|Decitabine	3	Salvage | Induction | Re-induction	1	Standard Chemotherapy	Decitabine	Salvage	Monosomy 21	Negative	Yes	6	Intermediate-II	Adverse	Yes	Yes		Negative	None	Residual Disease|Post-Chemotherapy	25.8	8.5	Negative	Negative	Refractory	Negative	47~49,XY,-21,+1~4mar[cp21]/46,XY[2]	0	Negative	Negative		86.6	126	Standard Chemotherapy	14	Negative	Negative	AMLMRC	3.8	47	22		10			27.7		39.2		40	WES + RNA-seq	Yes	Yes	Bone Marrow Aspirate		Matched	AML with myelodysplasia-related changes	AML with myelodysplasia-related changes	CD13, CD33, CD34. CD45, subset CD64, CD79a, CD117,HLA-DR, and subset TdT positive).	0.8	7.6	Negative	Standard Chemotherapy	5.5	Yes	61.0	Dead-Disease	1	Yes	Acute Myeloid Leukaemia (AML) and Related Precursor Neoplasms	Acute Myeloid Leukaemia (AML) and Related Precursor Neoplasms	White	No	False	No	No	False	12.17	1:DECEASED	No	No	No	No	2	Male	Standard Chemotherapy
aml_ohsu_2018	aml_ohsu_2018_1261	aml_ohsu_2018_13-00522	68	29	Myeloproliferative Neoplasms	Myeloproliferative Neoplasms	No			3	Cyclophosphamide, Fludarabine, TBI|FLAG-IDA (Cytarabine, Filgrastim, Fludarabine, Idarubicin)|Azacitidine	3	Allogeneic - Sibling | Hypomethylating/Low Dose Cytarabine | Induction	2	Standard Chemotherapy | Bone Marrow Transplant	Azacitidine	Hypomethylating/Low Dose Cytarabine			No	-1	Adverse	Adverse	No	Yes		Negative	None	Initial Acute Leukemia Diagnosis					Complete Response		46,XX,der(9)t(9;12)(p13;q13),del(11)(q21q25),der(12)add(12)(p11.2)add(12)(q13),del(13)(q14q22)[9]/46,idem,add(12)(q24.3),+13,-del(13)[9]/46,idem,add(17)(p13)[2]	0					-1	Standard Chemotherapy	18	Negative		MPN					40								WES + RNA-seq	Yes	Yes	Bone Marrow Aspirate	After or at the time transformation from another heme malignancy	Matched	AML with myelodysplasia-related changes	Secondary myelofibrosis		0.9			Standard Chemotherapy	11.36	Yes	68.0	Dead-Other	3	Yes	Acute Myeloid Leukaemia (AML) and Related Precursor Neoplasms	Myeloproliferative Neoplasms	White	No	False	No	Yes	False	11.15	1:DECEASED	No	No	Yes	No	1	Female	Standard Chemotherapy|Bone Marrow Transplant
aml_ohsu_2018	aml_ohsu_2018_764	aml_ohsu_2018_12-00211	50	90	Leukemia	AML with Mutated NPM1	No	Negative	0.86	4	7+3 (Cytarabine, Idarubicin)|ATRA (Tretinoin)|HiDAC|Bu/Flu/TBI (Busulfan, Fludarabine, Total Body Irradiation)	3	Allogeneic - Sibling | Consolidation | Induction	2	Standard Chemotherapy | Bone Marrow Transplant	Bu/Flu/TBI (Busulfan, Fludarabine, Total Body Irradiation)	Allogeneic - Sibling	While the chromosome 17 breakpoint is clearly within band 17q21 by metaphase chromosome analysis, these results suggest that it is not within the RARA gene		Yes	27	Intermediate-II	Favorable	Yes	No		Negative	None	Initial Acute Leukemia Diagnosis	26.4	9.1	Negative	Negative	Complete Response	Negative	46,XX,t(11;17)(q13;q21)[20]	0	Negative	Negative	1165	97.7	-1	Bone Marrow Transplant		Positive	Negative	AMLNPM1	2.8	19	30	0	82	0		1	0	2		8	RNA-seq	Yes	Yes	Bone Marrow Aspirate	Denovo	Matched	AML with mutated NPM1	AML with mutated NPM1	dim CD4, CD13, dim CD15, dim CD33, CD38, CD58,CD64, CD117, CD123, dim HLA-DR, and cMPO		5.3		Standard Chemotherapy	84.1	No	50.0	Alive	1	Yes	Acute Myeloid Leukaemia (AML) and Related Precursor Neoplasms	Acute Myeloid Leukaemia (AML) and Related Precursor Neoplasms	White	No	False	No	No	False	45.92	0:LIVING	No	No	No	No	1	Female	Standard Chemotherapy|Bone Marrow Transplant
aml_ohsu_2018	aml_ohsu_2018_1693	aml_ohsu_2018_14-00504	35		Leukemia	AML with Recurrent Genetic Abnormalities	No	Negative		3	7+3 (Cytarabine, Idarubicin)|HiDAC|Busulfan, Cyclophosphamide, Thymoglobulin	3	Consolidation | Induction | Allogeneic - Matched Unrelated Donor	2	Standard Chemotherapy | Bone Marrow Transplant	Busulfan, Cyclophosphamide, Thymoglobulin	Allogeneic - Matched Unrelated Donor	nuc ish(ABL1,BCR)x2[200],(5'MLL,3'MLL)x2(5'MLL sep 3'MLLx1)[189/200],(PML,RARA)x2 [200],(5'CBFB,3'CBFB)x2(5'CBFB con 3'CBFBx2)[198]		Yes	-1	Adverse	Adverse	Yes	Yes		Positive	MLLT3-KMT2A	Initial Acute Leukemia Diagnosis			Negative	Negative	Complete Response		46,XY,der(4)t(4;9;11)(p14;p22;q23),der(9)del(9)(p13p22)t(4;9;11),der(11)t(4;9;11)[19]/46,XY[1].isht(4;9;11)(5'MLL-,3'MLL+;5'MLL-,3'MLL-;5'MLL+,3'MLL-)[1]	-2					-1	Bone Marrow Transplant	22	Positive		AMLRGA													WES + RNA-seq	Yes	Yes	Bone Marrow Aspirate	Denovo	Matched	AML with t(9;11)(p22;q23); MLLT3-MLL	AML with t(9;11)(p22;q23); MLLT3-MLL		1.1			Standard Chemotherapy		Yes	35.0	Alive	2	Yes	Acute Myeloid Leukaemia (AML) and Related Precursor Neoplasms	Acute Myeloid Leukaemia (AML) and Related Precursor Neoplasms	White	No	False	No	No	False	40.33	0:LIVING	No	No	No	No	1	Male	Standard Chemotherapy|Bone Marrow Transplant
aml_ohsu_2018	aml_ohsu_2018_1848	aml_ohsu_2018_14-00787	61	90	Leukemia	AML with Biallelic Mutations of CEBPA	No	p.N307_V308ins; MAF 50%	1.21	3	Fludarabine, Melphalan|7+3 (Cytarabine, Idarubicin)|MiDAC	3	Allogeneic - Sibling | Consolidation | Induction	2	Standard Chemotherapy | Bone Marrow Transplant	Fludarabine, Melphalan	Allogeneic - Sibling	Normal	Negative	Yes	6	Favorable	Intermediate	Yes	Yes	M1	Negative	None	Initial Acute Leukemia Diagnosis	17.3	5.2	Negative	Negative	Complete Response		46,XY[20]	0	Negative	Negative	1873	96.1	-1	Bone Marrow Transplant	9	Negative	Negative	AMLCEBPA	3.1	22	43	0	90.5	0	0	8.2	2.2	0.9	0.8	34	WES + RNA-seq	Yes	Yes	Bone Marrow Aspirate	Denovo	Matched	AML with mutated CEBPA	AML with mutated CEBPA	CD7, CD13, CD33, CD34, CD117, HLA-DR, cMPO (+)	0.4	6.9	Negative	Standard Chemotherapy	427.46	Yes	61.0	Alive	1	Yes	Acute Myeloid Leukaemia (AML) and Related Precursor Neoplasms	Acute Myeloid Leukaemia (AML) and Related Precursor Neoplasms	White	No	False	No	No	False	14.54	0:LIVING	No	No	No	No	1	Male	Standard Chemotherapy|Bone Marrow Transplant
aml_ohsu_2018	aml_ohsu_2018_2498	aml_ohsu_2018_16-00075	69	39	Leukemia	AML with Myelodysplasia-Related Changes	No	Negative		1	7+3 (Cytarabine, Idarubicin)	1	Induction	1	Standard Chemotherapy	7+3 (Cytarabine, Idarubicin)	Induction	COMPLEX DEL(5q)/DEL(7q)/-7 CLONE OBSERVED, CONSISTENT WITH AML		Yes	7	Adverse	Adverse	Yes	Yes		Negative	None	Initial Acute Leukemia Diagnosis					Refractory		45,XY,add(1)(p13),del(5)(q13q33),add(6)(q13),-7,del(7)(q11.2),der(9)t(1;9)(p13;q22),add(12)(p13),-15,-16,-17,+3mar[19]/43~45,idem,der(3)t(3;17)(p21;q11.2),-17[cp3]	0	Negative				7	Standard Chemotherapy	13	Negative		AMLMRC					11								WES + RNA-seq	Yes	Yes	Bone Marrow Aspirate	Denovo	Matched	AML with myelodysplasia-related changes	AML with myelodysplasia-related changes	Positive	0.666666667			Standard Chemotherapy	1.6	Yes	69.0	Alive	4	Yes	Acute Myeloid Leukaemia (AML) and Related Precursor Neoplasms	Acute Myeloid Leukaemia (AML) and Related Precursor Neoplasms	White	No	False	No	No	False	0.43	0:LIVING	No	No	No	No	1	Male	Standard Chemotherapy
aml_ohsu_2018	aml_ohsu_2018_1717	aml_ohsu_2018_14-00555	54	68	Leukemia	AML, NOS	No		0.51	4	7+3 (Cytarabine, Idarubicin)|HiDAC|Azacitidine|MEC (Cytarabine, Etoposide, Mitoxantrone)	3	Hypomethylating/Low Dose Cytarabine | Consolidation | Induction	1	Standard Chemotherapy	Azacitidine	Hypomethylating/Low Dose Cytarabine	nuc ish(D5S2064,D5S630,EGR1)x2[200],(D7Z1,D7S522)x2[199],(D8Z2,D20S108)x2 [200],(RUNX1T1,RUNX1)x2[200],(5'MLL,3'MLL)x2(5'MLL con 3'MLLx2)[197],(PML,RARA)x2[200],(5'CBFB,3'CBFB)x2(5'CBFB con 3'CBFBx2)[197]		No	6	Adverse	Intermediate	No	Yes		Negative	None	Post-Chemotherapy|Residual Relapse	28.4	9.7	Negative	Negative	Complete Response		46,XX,del(17)(p11.2p13)[19]/46,XX[1]	0			183	86.1	-1	Standard Chemotherapy	16	Negative		AMLNOS	2.2	33	27	0	54	0		60	2	0		10	WES	No	No	Bone Marrow Aspirate		Matched	Acute myeloid leukaemia, NOS	Acute myeloid leukaemia, NOS	CD2(-), CD4(partial dim +), CD7(-), CD11b(-), CD13(+), CD14(-), CD15 (partial +), CD16(-), CD33(variably +), CD34(+), CD36(-), CD38(partial +), CD45(dim to moderately +), CD56(-), CD64(-), CD117(partial +), HLA-DR(-), TdT(predominantly -), MPO(+).	0.8	6.1		Standard Chemotherapy		Yes	53.0	Dead-Disease	2	Yes	Acute Myeloid Leukaemia (AML) and Related Precursor Neoplasms	Acute Myeloid Leukaemia (AML) and Related Precursor Neoplasms	Black	No	False	No	No	False	12.83	1:DECEASED	No	No	No	No	1	Female	Standard Chemotherapy
aml_ohsu_2018	aml_ohsu_2018_1566	aml_ohsu_2018_13-00466	71		Leukemia	AML, NOS	No		0.93	4	7+3 (Cytarabine, Idarubicin)|HiDAC|Cytarabine|BL-8040	4	Consolidation | Salvage | Induction | Experimental	2	Standard Chemotherapy | Targeted Therapy - Other	Cytarabine	Salvage			No	-1	Not Enough Information	Intermediate	No	Yes		Negative	Unknown	Initial Acute Leukemia Diagnosis	33.4	11.2			Complete Response			0			195		-1	Standard Chemotherapy	3	Negative		AMLNOS	3.9	21	27	0.5	0	2.5		56.8	2.6	37.6		89	WES + RNA-seq	Yes	Yes	Peripheral Blood	Denovo	Matched	Acute myeloid leukaemia, NOS	Acute myeloid leukaemia, NOS		0.1	6.9		Standard Chemotherapy	2	Yes	71.0	Dead-Disease	2	Yes	Acute Myeloid Leukaemia (AML) and Related Precursor Neoplasms	Acute Myeloid Leukaemia (AML) and Related Precursor Neoplasms	White	No	False	No	No	False	32.01	1:DECEASED	No	No	No	No	1	Male	Standard Chemotherapy|Targeted Therapy - Other
aml_ohsu_2018	aml_ohsu_2018_2202	aml_ohsu_2018_15-00556	10	75	Leukemia	AML with Biallelic Mutations of CEBPA	No	p.R142fs*19; MAF 52%	0.47	3	COG-AAML1031 (IT/IV Cytarabine, Daunorubicin, Etoposide, Mitoxantrone +/- Bortezomib or Sorafenib)|Cytarabine|MiDAC	2	Induction | Re-induction	3	Standard Chemotherapy | Intrathecal | Other	MiDAC	Re-induction		Negative	Yes	10	Not Enough Information	Intermediate or Adverse	Yes	Yes		Positive	None	Initial Acute Leukemia Diagnosis	21.6	6.9	Negative	Negative	Refractory	Negative	46,XY[20]	1	Negative	Negative	970	96	31	Standard Chemotherapy	2	Negative	Negative	AMLCEBPA	3.6	13	23	0	86	0	0	7.5	1.8	4.7	0.1	42	WES + RNA-seq	Yes	Yes	Peripheral Blood	Denovo	Unmatched	AML with mutated CEBPA	AML with mutated CEBPA	variable CD7, dim CD11b, CD13, CD33, partial CD34, dim CD64, CD117, CD123, HLA-DR, and dim MPO positive	0.1	7.8	Negative	Intrathecal	133.63	Yes	10.0	Alive	1	Yes	Acute Myeloid Leukaemia (AML) and Related Precursor Neoplasms	Acute Myeloid Leukaemia (AML) and Related Precursor Neoplasms	White	No	False	No	No	False	2.47	0:LIVING	No	No	No	No	1	Male	Standard Chemotherapy|Intrathecal|Other
aml_ohsu_2018	aml_ohsu_2018_1546	aml_ohsu_2018_14-00259	65	70	Leukemia	AML with Mutated NPM1	No	Negative	0.87	5	Fludarabine, Melphalan|7+3 (Cytarabine, Idarubicin)|Fludarabine|FLAG (Fludarabine, High-dose Cytarabine, G-CSF)|MiDAC	4	Consolidation | Salvage | Induction | Allogeneic - Matched Unrelated Donor	2	Standard Chemotherapy | Bone Marrow Transplant	Fludarabine	Consolidation	Normal	p.R882H; MAF 50%	Yes	6	Intermediate-I	Favorable or Intermediate	Yes	Yes	M4	Positive	None	Initial Acute Leukemia Diagnosis	30.4	9.6	Negative		Complete Response	Negative	46,XX[20]	0	Negative	Negative	506	101.7	4	Standard Chemotherapy	6	Positive	Negative	AMLNPM1	2.7	16	13	0.1		0.1	1.7	8.3	85.2	4.6	0.2	112	WES + RNA-seq	Yes	Yes	Bone Marrow Aspirate	Denovo	Matched	AML with mutated NPM1	AML with mutated NPM1	CD11b, partial CD13, partial CD14, dim CD15, partial      CD16, CD33, CD38, CD58, CD64, partial CD123 and HLA-DR positive	0.266666667	7.4	Negative	Standard Chemotherapy	58.86	Yes	65.0	Dead-Disease	1	Yes	Acute Myeloid Leukaemia (AML) and Related Precursor Neoplasms	Acute Myeloid Leukaemia (AML) and Related Precursor Neoplasms	White	No	False	No	No	False	14.44	1:DECEASED	No	No	No	No	1	Female	Standard Chemotherapy|Bone Marrow Transplant
aml_ohsu_2018	aml_ohsu_2018_1833	aml_ohsu_2018_14-00761	72		Leukemia	AML with Myelodysplasia-Related Changes	No			3	7+3 (Cytarabine, Idarubicin)|Azacitidine|Decitabine, Midostaurin	2	Induction | Re-induction	1	Standard Chemotherapy	7+3 (Cytarabine, Idarubicin)	Re-induction			No	186	Not Enough Information	Intermediate	No	Yes		Negative	None	Residual Disease					Complete Response		46,XX[20]	-22					62	Standard Chemotherapy	17	Negative		AMLMRC													WES + RNA-seq	Yes	Yes	Peripheral Blood	After or at the time transformation from another heme malignancy	Matched	AML with myelodysplasia-related changes	AML with myelodysplasia-related changes		0.966666667			Standard Chemotherapy		Yes	72.0	Alive	4	Yes	Acute Myeloid Leukaemia (AML) and Related Precursor Neoplasms	Acute Myeloid Leukaemia (AML) and Related Precursor Neoplasms	White	Yes	False	No	No	False	13.72	0:LIVING	Yes	No	No	No	1	Female	Standard Chemotherapy
aml_ohsu_2018	aml_ohsu_2018_1532	aml_ohsu_2018_15-00482	47	70	Leukemia	AML with Mutated NPM1	No	Negative	0.72	4	7+3 (Cytarabine, Idarubicin)|Azacitidine|MEC (Cytarabine, Etoposide, Mitoxantrone)|MiDAC	3	Consolidation | Induction | Re-induction	1	Standard Chemotherapy	Azacitidine	Consolidation	Normal	p.R882C; MAF 39%	Yes	7	Favorable	Favorable	Yes	Yes		Negative	None	Relapse	37	12.6	Negative	Negative	Complete Response	Negative	46,XX[20]	0	Negative	Negative		94.4	339	Standard Chemotherapy	16	Positive	Negative	AMLNPM1	2.8	184	77	0	64.6	3.5	0.9	17.7	0	13.3	0	138	WES + RNA-seq	Yes	Yes	Bone Marrow Aspirate	Relapse	Matched	AML with mutated NPM1	AML with mutated NPM1	CD13, CD33, partial CD34, partial CD38, dim partial  CD64, CD117 and CD123 positive	0.9	5.7	Negative	Standard Chemotherapy	16.95	Yes	46.0	Alive	1	Yes	Acute Myeloid Leukaemia (AML) and Related Precursor Neoplasms	Acute Myeloid Leukaemia (AML) and Related Precursor Neoplasms	White	No	False	No	No	False	25.92	0:LIVING	No	No	No	No	2	Female	Standard Chemotherapy
aml_ohsu_2018	aml_ohsu_2018_1731	aml_ohsu_2018_14-00581	68	33	Leukemia	AML with Biallelic Mutations of CEBPA	No	Triple positive		1	CPX-351 (Liposomal Cytarabine + Daunorubicin)	1	Induction	1	Standard Chemotherapy	CPX-351 (Liposomal Cytarabine + Daunorubicin)	Induction			Yes	-1	Not Enough Information	Adverse	Yes	Yes		Negative	None	Initial Acute Leukemia Diagnosis			Negative		Refractory		42~45,XX,-18[cp14]/43~45,idem,+2~3mar[cp3]/47,XX,+8[cp2]/45,X,-X[1]	-1	Negative	Negative			-1	Standard Chemotherapy	14	Negative	Negative	AMLCEBPA					37				8				WES + RNA-seq	Yes	Yes	Peripheral Blood	After or at the time transformation from another heme malignancy	Matched	AML with mutated CEBPA	AML with mutated CEBPA	CD34+ BLAST POPULATION, 33%, EXPRESSING PARTIAL CD38, PARTIAL CD4, PARTIAL CD11C, HLA-DR, CD117, PARTIAL CD13, PARTIAL CD33, PARTIAL CD15, AND MPO	0.8		Negative	Standard Chemotherapy	29.1	Yes	68.0	Dead-Disease	4	Yes	Acute Myeloid Leukaemia (AML) and Related Precursor Neoplasms	Acute Myeloid Leukaemia (AML) and Related Precursor Neoplasms	Black	Yes	False	No	No	False	2.3	1:DECEASED	Yes	No	No	No	1	Female	Standard Chemotherapy
aml_ohsu_2018	aml_ohsu_2018_1787	aml_ohsu_2018_14-00670	63	20	Leukemia	AML with Myelodysplasia-Related Changes	No		1.24	3	AG-221|Azacitidine|Fludarabine, Melphalan, TBI, ATG	3	Hypomethylating/Low Dose Cytarabine | Experimental | Allogeneic - Child	3	Standard Chemotherapy | Bone Marrow Transplant | Targeted Therapy - Other	Fludarabine, Melphalan, TBI, ATG	Allogeneic - Child			Yes		Not Enough Information	Adverse	Yes	Yes		Negative	None	Initial Acute Leukemia Diagnosis	24.9	8.3	Negative				46,XY[20]	0			148	100.4	-1	Bone Marrow Transplant	12	Negative		AMLMRC	4.1	18	16	0	0	0		76	0	24		72	WES + RNA-seq	Yes	Yes	Bone Marrow Aspirate	After or at the time transformation from another heme malignancy	Matched	AML with myelodysplasia-related changes	AML with myelodysplasia-related changes		0.666666667	7.4			1.8	Yes	63.0	Alive	2	Yes	Acute Myeloid Leukaemia (AML) and Related Precursor Neoplasms	Acute Myeloid Leukaemia (AML) and Related Precursor Neoplasms	Black	Yes	False	No	No	False	34.84	0:LIVING	Yes	No	No	No	1	Male	Standard Chemotherapy|Bone Marrow Transplant|Targeted Therapy - Other
aml_ohsu_2018	aml_ohsu_2018_1933	aml_ohsu_2018_15-00057	76	70	Leukemia	AML with Myelodysplasia-Related Changes	No	Negative		2	AG-221|Decitabine	2	Hypomethylating/Low Dose Cytarabine | Experimental	2	Standard Chemotherapy | Targeted Therapy - Other	AG-221	Experimental	Normal		Yes		Not Enough Information	Intermediate	Yes	Yes		Negative	None	Residual Disease			Negative			Negative	46,XY[20]	0					-1	Targeted Therapy - Other	65	Negative		AMLMRC					55							46	WES + RNA-seq	Yes	Yes	Peripheral Blood	After or at the time transformation from another heme malignancy	Matched	AML with myelodysplasia-related changes	AML with myelodysplasia-related changes	positive for CD13, CD34, CD38, CD117, and HLA-DR; negative for MPO, and B-cell and T-cell markers	3.9				4.5	Yes	76.0	Dead-Disease	5	Yes	Acute Myeloid Leukaemia (AML) and Related Precursor Neoplasms	Acute Myeloid Leukaemia (AML) and Related Precursor Neoplasms	White	Yes	False	No	No	False	22.37	1:DECEASED	Yes	No	No	No	2	Male	Standard Chemotherapy|Targeted Therapy - Other
aml_ohsu_2018	aml_ohsu_2018_1451	aml_ohsu_2018_14-00126	46		Leukemia	Mixed Phenotype Acute Leukemia, T/Myeloid, NOS	No			0		0		0		NONE	NONE			Yes		Not Enough Information	Intermediate	Yes	Yes		Negative	Unknown	Initial Acute Leukemia Diagnosis								0						NONE	6	Negative		MPALTNOS													WES + RNA-seq	Yes	Yes	Peripheral Blood	Denovo	Matched	Mixed phenotype acute leukaemia, T/myeloid, NOS	Mixed phenotype acute leukaemia, T/myeloid, NOS		0.366666667					Yes	46.0	Alive	3	No	Acute Leukaemias of Ambiguous Lineage	Acute Leukaemias of Ambiguous Lineage	White	No	False	No	No	False		0:LIVING	No	No	No	No	1	Male	
aml_ohsu_2018	aml_ohsu_2018_2108	aml_ohsu_2018_15-00361	77	86	Leukemia	AML with Myelodysplasia-Related Changes	No		0.62	1	Vincristine, Dexamethasone	1	Supportive/Palliative Care	1	Supportive/Palliative Care	Vincristine, Dexamethasone	Supportive/Palliative Care	(D5S2064x3~4,D5S630x3~4, EGR1x2)[7/200],(D7Z1,D7S522)x2[200],(D8Z2x3~5,D20S108x2)[115/200],(RUNX1T1x3~5,RUNX1x2)[109/200], (ABL1x2,BCRx3)[110/200],(5'MLL,3'MLL)x1(5'MLL con 3'MLLx1,5'MLL amp,3'MLL amp)[110/200],(ETV6,RUNX1)x2 [199],(PMLx4,RARAx3)[95/200],		No		Adverse	Adverse	No	Yes		Negative	None	Initial Acute Leukemia Diagnosis	17.9	6.1	Negative	Negative			45~54,XX,+2,del(5)(q22q35),+6,+6,+8,-11,add(13)(p11.2),+19,+22,+r,1~48dmin[cp19]/69~70,idem,+1,+3,+4,+del(5),+8,+8,+10,+10,+11,+13,+14,+14,+15,+15,+17,+18,+19[cp3]/46,XX[1].ishadd(13)(5'MLLamp,3'MLLamp)[2]	0			599	93.7	13	Supportive/Palliative Care	14	Negative		AMLMRC	2.9	10	24	0	12.9	0.9		71.6	1.7	8.6		5	WES	No	No	Bone Marrow Aspirate	Denovo	Matched	AML with myelodysplasia-related changes	AML with myelodysplasia-related changes	CD7(-), CD10(-), CD11b(partial dim +), CD13(variably +), CD15(+), CD19(+), CD20(-), CD22(partial +), CD25(few +), CD33(-), CD34(+), CD36 (-), CD38(variably +), CD45(dim+/variably +), CD56(-), CD64(appears partially dim +), CD117(partial +), CD123(dim +), 	0.866666667	4.8			2.1	Yes	77.0	Dead-Disease	2	No	Acute Myeloid Leukaemia (AML) and Related Precursor Neoplasms	Acute Myeloid Leukaemia (AML) and Related Precursor Neoplasms	White	No	False	No	No	False	0.95	1:DECEASED	No	No	No	No	1	Female	Supportive/Palliative Care
aml_ohsu_2018	aml_ohsu_2018_1651	aml_ohsu_2018_14-00430	75	62	Leukemia	AML with Maturation	No	Negative	0.88	1	Azacitidine	1	Hypomethylating/Low Dose Cytarabine	1	Standard Chemotherapy	Azacitidine	Hypomethylating/Low Dose Cytarabine	Trisomy 8	Negative	No		Intermediate-II	Adverse	No	Yes	M2	Negative	None	Initial Acute Leukemia Diagnosis	33.7	10.5	Negative			Negative	47,XX,+8[20]	0	Negative	Negative	216	93.9	-1	Standard Chemotherapy	28	Negative	Negative	AM	3.2	11	9	0	17	0.9		64.3	11.3	5.2	0	38	WES	No	No	Bone Marrow Aspirate	Denovo	Matched	AML with maturation	AML with maturation	CD13, partial dim CD33, CD34, CD38, dim CD58, CD117, CD123, dim HLA-DR, and partial MPO.	1.7	7	Negative		2.37	Yes	75.0	Dead-Disease	1	Yes	Acute Myeloid Leukaemia (AML) and Related Precursor Neoplasms	Acute Myeloid Leukaemia (AML) and Related Precursor Neoplasms	White	No	False	No	No	False	2.63	1:DECEASED	No	No	No	No	1	Female	Standard Chemotherapy
aml_ohsu_2018	aml_ohsu_2018_1925	aml_ohsu_2018_15-00045	30	36	Leukemia	AML with inv(16)(p13.1q22) or t(16;16)(p13.1;q22);CBFB-MYH11	No		0.59	3	HiDAC|FLAG-IDA (Cytarabine, Filgrastim, Fludarabine, Idarubicin)|MEC (Cytarabine, Etoposide, Mitoxantrone)	3	Consolidation | Induction | Re-induction	1	Standard Chemotherapy	MEC (Cytarabine, Etoposide, Mitoxantrone)	Re-induction	nuc ish(D5S2064,D5S630,EGR1)x2[200],(D7Z1,D7S522)x2[199],(D8Z2,D20S108)x2 [199],(5'MLL,3'MLL)x2(5'MLL con 3'MLLx2)[200],(RUNX1T1,RUNX1)x2[200],(PML,RARA)x2[200], (5'CBFBx2,3'CBFBx1)(5CBFB sep 3'CBFBx1)[195/200],(ABL1,BCR)x2[200]		Yes	40	Favorable	Favorable	Yes	Yes		Negative	CBFB-MYH11	Initial Acute Leukemia Diagnosis	31.8	11	Negative	Negative	Complete Response		46,XX,inv(16)(p13q22)[20]	0			441		-1	Standard Chemotherapy	9	Negative		AMLCBFBMYH11	4.2	61	44	0	22	0		12	44	5		33	WES + RNA-seq	Yes	Yes	Bone Marrow Aspirate	Denovo	Matched	AML with inv(16)(p13.1q22) or t(16;16)(p13.1;q22); CBFB-MYH11	AML with inv(16)(p13.1q22) or t(16;16)(p13.1;q22); CBFB-MYH11	CD34, CD13, partialCD15, CD38, CD45, CD117, CD123, HLA-DR, dimMPO	0.4	7		Standard Chemotherapy	55	Yes	30.0	Alive	2	Yes	Acute Myeloid Leukaemia (AML) and Related Precursor Neoplasms	Acute Myeloid Leukaemia (AML) and Related Precursor Neoplasms	White	No	False	No	No	False	28.09	0:LIVING	No	No	No	No	1	Female	Standard Chemotherapy
aml_ohsu_2018	aml_ohsu_2018_1190	aml_ohsu_2018_13-00409	62	95	Leukemia	Acute Monoblastic/Monocytic Leukemia	No	Negative	1.85	0		0		0		NONE	NONE	Normal	p.R882C; MAF 50%	No		Intermediate-I	Intermediate or Adverse	No	Yes	M5	Positive	None	Initial Acute Leukemia Diagnosis	26.2	8.5	Negative			Negative	46,XY[20]	0	Negative	Negative	2941	104.8		NONE	5	Negative	Negative	AMOL	3.2	93	104	0	95	0		9.5	1.9	4.8	0.2	92	WES + RNA-seq	Yes	Yes	Bone Marrow Aspirate	Denovo	Matched	Acute monoblastic and monocytic leukaemia	Acute monoblastic and monocytic leukaemia	CD4, CD11b, CD13, CD14, partial CD16, CD33, CD38, partial CD56, CD58, CD64, CD123, and HLA-DR positive	0.233333333	6.5	Negative		250.23	Yes	62.0	Dead-Disease	1	No	Acute Myeloid Leukaemia (AML) and Related Precursor Neoplasms	Acute Myeloid Leukaemia (AML) and Related Precursor Neoplasms	White	No	False	No	No	False	0.07	1:DECEASED	No	No	No	No	2	Male	
aml_ohsu_2018	aml_ohsu_2018_2239	aml_ohsu_2018_15-00626	77	70	Leukemia	AML with Biallelic Mutations of CEBPA	No	p.K90fs; MAF 39.1%		3	AG-221|Azacitidine|Decitabine	3	Hypomethylating/Low Dose Cytarabine | Induction | Experimental	2	Standard Chemotherapy | Targeted Therapy - Other	AG-221	Experimental	35% gain of 11q23		No	212	Intermediate-II	Adverse	No	Yes		Negative	None	Initial Acute Leukemia Diagnosis			Negative		Refractory	Negative	47,XY,+11[8]/46,XY[12]	0	Negative				-1	Targeted Therapy - Other	12	Negative		AMLCEBPA					72							174	WES + RNA-seq	Yes	Yes	Peripheral Blood	After or at the time transformation from another heme malignancy	Matched	AML with mutated CEBPA	AML with mutated CEBPA	CD34, CD117, HLA-DR, CD13, and CD33. A subset of the myeloblasts showed aberrant co-expression of CD34 and myeloperoxidase.  A subset of the myeloblasts showed aberrant expression of CD56.	0.733333333			Standard Chemotherapy	33.1	Yes	77.0	Dead-Disease	5	Yes	Acute Myeloid Leukaemia (AML) and Related Precursor Neoplasms	Acute Myeloid Leukaemia (AML) and Related Precursor Neoplasms	White	Yes	False	No	No	False	1.25	1:DECEASED	Yes	No	No	No	1	Male	Standard Chemotherapy|Targeted Therapy - Other
aml_ohsu_2018	aml_ohsu_2018_1972	aml_ohsu_2018_15-00129	68	15	Leukemia	AML with Myelodysplasia-Related Changes	No	Negative		1	Azacitidine	1	Hypomethylating/Low Dose Cytarabine	1	Unknown	Azacitidine	Hypomethylating/Low Dose Cytarabine	Normal		No		Intermediate-I	Intermediate	No	Yes		Negative	None	Post-Chemotherapy|Residual Disease			Negative	Negative		Negative	46,XY[19]	0					-1	Unknown		Negative		AMLMRC												51	WES	No	No	Peripheral Blood		Matched	AML with myelodysplasia-related changes	AML with myelodysplasia-related changes	positive for CD34, CD117,  CD13, CD33 and HLA-DR	0				2.9	Yes	68.0		5	No	Acute Myeloid Leukaemia (AML) and Related Precursor Neoplasms	Acute Myeloid Leukaemia (AML) and Related Precursor Neoplasms	White	No	False	No	No	False			No	No	No	No	1	Male	Unknown
aml_ohsu_2018	aml_ohsu_2018_2295	aml_ohsu_2018_15-00717	61	68	Leukemia	AML with Mutated NPM1	No		1.51	1	7+3 (Cytarabine, Idarubicin)	1	Induction	1	Standard Chemotherapy	7+3 (Cytarabine, Idarubicin)	Induction	Normal	p.S714C; MAF 35%	Yes	6	Favorable	Favorable	Yes	Yes	M5	Negative	None	Initial Acute Leukemia Diagnosis	27.7	8.9	Negative	Negative	Complete Response	Negative	46,XY[20]	0		Negative	296	104.9	6	Standard Chemotherapy	5	Positive	p.G13V; MAF 6%	AMLNPM1	3.7	29	17	0.4	0	0.1	3	17	62.6	16.9	0.1	74	WES + RNA-seq	Yes	Yes	Bone Marrow Aspirate	Denovo	Matched	AML with mutated NPM1	AML with mutated NPM1	dim CD4, CD11b, partial CD14, CD15, dim CD33, CD38, CD56, CD58, CD64 and HLA-DR positive	0.2	8	Negative	Standard Chemotherapy	16.84	Yes	61.0	Alive	1	Yes	Acute Myeloid Leukaemia (AML) and Related Precursor Neoplasms	Acute Myeloid Leukaemia (AML) and Related Precursor Neoplasms	White	No	False	No	No	False	4.05	0:LIVING	No	No	No	No	1	Male	Standard Chemotherapy
aml_ohsu_2018	aml_ohsu_2018_2300	aml_ohsu_2018_15-00742	34	96	Leukemia	APL with PML-RARA	No	Negative	0.58	1	ATRA, Arsenic Trioxide	1	Induction	1	Standard Chemotherapy	ATRA, Arsenic Trioxide	Induction	21/200 (10.5%) interphase cells  scored had the 1 red/ 1 green/ 2 yellow fusion signal pattern consistent  with PML/RARA fusion.	Negative	Yes	-1	Adverse	Favorable	Yes	Yes	M3	Negative	PML-RARA	Initial Acute Leukemia Diagnosis	30.1	10.7	Negative	Negative	Unknown	Negative	46,XX,t(15;17)(q22;q21)[8]/46,idem,add(6)(p23),der(6)add(6)(p21)add(6)(q13),add(9)(p22),add(11)(q21),add(14)(q24)[12]	1	Negative	Negative	191	95.9	-1	Standard Chemotherapy	1	Negative	Negative	APLPMLRARA	4	21	15	0	47	0	4	60	14	22	0	32	WES	No	Yes	Bone Marrow Aspirate		Unmatched	Acute promyelocytic leukaemia with t(15;17)(q22;q12); PML-RARA	Acute promyelocytic leukaemia with t(15;17)(q22;q12); PML-RARA	CD13, CD33, CD38, CD58, CD64, CD117, CD123, and  MPO-positive	0.033333333	7	Negative	Standard Chemotherapy	0.5	Yes	34.0	Alive	1	Yes	Acute Myeloid Leukaemia (AML) and Related Precursor Neoplasms	Acute Myeloid Leukaemia (AML) and Related Precursor Neoplasms	White	No	False	No	No	False		0:LIVING	No	No	No	No	1	Female	Standard Chemotherapy
aml_ohsu_2018	aml_ohsu_2018_1800	aml_ohsu_2018_14-00690	49	54	Leukemia	AML with Mutated NPM1	No			3	Busulfan, Fludarabine|7+3 (Cytarabine, Idarubicin)|HiDAC	3	Consolidation | Induction | Allogeneic - Matched Unrelated Donor	2	Standard Chemotherapy | Bone Marrow Transplant	Busulfan, Fludarabine	Allogeneic - Matched Unrelated Donor	consistent with karyotype (68% del 17p13)		No	-1	Adverse	Favorable	No	Yes	M5	Negative	None	Initial Acute Leukemia Diagnosis					Complete Response		46,XX,del(17)(p11.2)[15]/46,XX[5]	-1					-1	Bone Marrow Transplant	14	Positive		AMLNPM1					3								WES + RNA-seq	Yes	Yes	Bone Marrow Aspirate	Denovo	Matched	AML with mutated NPM1	AML with mutated NPM1	Most of the atypical cells (data not shown) are myeloid blasts that express CD117, partial CD7 (about 30% positive), CD13, CD33, HLA-DR, weak CD4, and partial CD15 (about 50% positive), but do not express CD34, CD14(MO2), or CD64.	0.733333333			Standard Chemotherapy		Yes	49.0	Alive	3	Yes	Acute Myeloid Leukaemia (AML) and Related Precursor Neoplasms	Acute Myeloid Leukaemia (AML) and Related Precursor Neoplasms	White	No	False	No	No	False	15.2	0:LIVING	No	No	No	No	1	Female	Standard Chemotherapy|Bone Marrow Transplant
aml_ohsu_2018	aml_ohsu_2018_1727	aml_ohsu_2018_14-00573	45		Leukemia	AML with Myelodysplasia-Related Changes	No	Negative	0.78	5	GCLAM (G-CSF, Cladribine, Cytarabine, and Mitoxantrone) |7+3 (Cytarabine, Idarubicin)|Azacitidine|MEC (Cytarabine, Etoposide, Mitoxantrone)|Decitabine	4	Hypomethylating/Low Dose Cytarabine | Salvage | Induction | Maintenance	2	Standard Chemotherapy | Supportive/Palliative Care	GCLAM (G-CSF, Cladribine, Cytarabine, and Mitoxantrone)	Salvage		Negative	No	6	Intermediate-II	Adverse	No	Yes		Negative	None	Initial Acute Leukemia Diagnosis	24.2	8.3	Negative	Negative	Refractory	Negative	47,XY,der(7)t(1;7)(q10;p10),+8[20]	0	Negative	Negative		89	4	Standard Chemotherapy	17	Negative	Negative	AMLMRC	3.5	50	32	0		0	7	14.8	25.2	19.1	0	59	WES	No	No	Bone Marrow Aspirate	After or at the time transformation from another heme malignancy	Matched	AML with myelodysplasia-related changes	AML with myelodysplasia-related changes	CD13, variable CD33, CD34, CD38, CD117, CD123, HLA-DR positive	0.933333333	7.1	Negative	Standard Chemotherapy	22.95	Yes	45.0	Dead-Disease	1	Yes	Acute Myeloid Leukaemia (AML) and Related Precursor Neoplasms	Acute Myeloid Leukaemia (AML) and Related Precursor Neoplasms	HispNative	Yes	False	No	No	False	8.52	1:DECEASED	Yes	No	No	No	3	Male	Standard Chemotherapy|Supportive/Palliative Care
aml_ohsu_2018	aml_ohsu_2018_1598	aml_ohsu_2018_14-00335	79		Leukemia	AML with Maturation	No	Negative		2	Hydroxyurea|Azacitidine, MLN4924	2	Induction | Supportive/Palliative Care	2	Standard Chemotherapy | Supportive/Palliative Care	Azacitidine, MLN4924	Induction			Yes	63	Adverse	Adverse	Yes	Yes		Negative	None	Initial Acute Leukemia Diagnosis			Negative	Negative	Refractory		46,XX,add(5)(q31),del(17)(p11.2)[12]/46,XX[3]	-33	Negative	Negative			63	Standard Chemotherapy	22	Negative	Negative	AM													WES	No	No	Peripheral Blood	After or at the time transformation from another heme malignancy	Matched	AML with maturation	AML with maturation		1.066666667		Positive	Standard Chemotherapy		Yes	79.0	Dead-Unknown	4	Yes	Acute Myeloid Leukaemia (AML) and Related Precursor Neoplasms	Acute Myeloid Leukaemia (AML) and Related Precursor Neoplasms	White	No	False	No	Yes	False	8.65	1:DECEASED	No	No	Yes	No	1	Female	Standard Chemotherapy|Supportive/Palliative Care
aml_ohsu_2018	aml_ohsu_2018_1585	aml_ohsu_2018_14-00329	72	59.3	Leukemia	AML with Recurrent Genetic Abnormalities	No			5	MiDAC|FATE Trial RIC (Fludarabine, Melphalan, Rabbit ATG) |7+3 (Cytarabine, Idarubicin) plus Sorafenib|ODSH (2 O, 3-O Desulfated Heparin) |SGN-CD33A	4	Consolidation | Induction | Experimental | Allogeneic - Matched Unrelated Donor	3	Standard Chemotherapy | Bone Marrow Transplant | Targeted Therapy - Other	SGN-CD33A	Experimental	3q21.3q26.2 (RPN1/MECOM): rearrangement present		Yes	24	Adverse	Adverse	Yes	Yes		Negative	GATA2-MECOM	Initial Acute Leukemia Diagnosis					Complete Response		46,XX,inv(3)(q21;q26.2)[20]	0					-1	Targeted Therapy - Other	26	Negative		AMLRGA					40								WES	No	No	Peripheral Blood	Denovo	Matched	AML with inv(3)(q21q26.2) or t(3;3)(q21;q26.2); RPN1-EVI1	AML with inv(3)(q21q26.2) or t(3;3)(q21;q26.2); RPN1-EVI1	Most of the atypical cells (percentages shown) are myeloid blasts that express dim CD7, dim CD13, CD33, CD34, CD117, weak myeloperoxidase, and HLA-DR, but do not express cytoplasmic CD3, TDT,   CD14(MO2), CD42b, CD61, or CD64.	1.4			Standard Chemotherapy	44.76	Yes	72.0	Alive	3	Yes	Acute Myeloid Leukaemia (AML) and Related Precursor Neoplasms	Acute Myeloid Leukaemia (AML) and Related Precursor Neoplasms	White	No	False	No	No	False	10.63	0:LIVING	No	No	No	No	1	Female	Standard Chemotherapy|Bone Marrow Transplant|Targeted Therapy - Other
aml_ohsu_2018	aml_ohsu_2018_1528	aml_ohsu_2018_14-00245	62	20	Leukemia	AML, NOS	No	Negative	0.78	3	5+2 (Cytarabine, Idarubicin)|3+7 (Cytarabine, Daunorubicin)|Busulfan, Cyclophosphamide	3	Induction | Re-induction | Allogeneic - Matched Unrelated Donor	2	Standard Chemotherapy | Bone Marrow Transplant	Busulfan, Cyclophosphamide	Allogeneic - Matched Unrelated Donor	Missing D7S486 signal	p.R309G; MAF 31%	No	6	Not Enough Information	Intermediate	No	Yes		Negative	None	Residual Disease|Post-Chemotherapy	30.3	10.7	p.R132C; MAF 33%		Refractory	Negative	46,XY,der(7)t(7;11)(q22;q13)[14]/46,XY[6]	-19	Negative	Negative	136	81.9	-1	Bone Marrow Transplant	6	Negative	Negative	AMLNOS	2.6	27	14								0	31	WES	No	No	Bone Marrow Aspirate		Matched	Acute myeloid leukaemia, NOS	Acute myeloid leukaemia, NOS	dim/partial CD7, CD13, dim CD33, CD34, CD38, CD58, CD117, CD123, and HLA-DR positive	0.233333333	6.6		Standard Chemotherapy	0.49	Yes	62.0	Alive	1	Yes	Acute Myeloid Leukaemia (AML) and Related Precursor Neoplasms	Acute Myeloid Leukaemia (AML) and Related Precursor Neoplasms	White	No	False	No	No	False	23.72	0:LIVING	No	No	No	No	1	Male	Standard Chemotherapy|Bone Marrow Transplant
aml_ohsu_2018	aml_ohsu_2018_2462	aml_ohsu_2018_16-00004	82	50	Leukemia	Therapy-Related Myeloid Neoplasms	No		1.03	0		0		0		NONE	NONE	trisomy 8 in 5 of 20 metaphase cells	p.R882H; MAF 39%	Yes		Not Enough Information	Intermediate	Yes	Yes		Negative	None	Initial Acute Leukemia Diagnosis	27.7	9.2					46,XX	0			279	91.1		NONE	3	Negative		TMN	2.8	13	18	0		0	1.8	42.8	0	5.4	3.7	44	WES + RNA-seq	Yes	Yes	Peripheral Blood		Unmatched	Therapy-related myeloid neoplasms	Therapy-related myeloid neoplasms		0.2	7			1.36	Yes	82.0	Dead-Disease	1	Yes	Acute Myeloid Leukaemia (AML) and Related Precursor Neoplasms	Acute Myeloid Leukaemia (AML) and Related Precursor Neoplasms	White	No	False	No	No	False	8.82	1:DECEASED	No	No	No	Yes	1	Female	
aml_ohsu_2018	aml_ohsu_2018_1394	aml_ohsu_2018_13-00655	62	93	Leukemia	AML with Recurrent Genetic Abnormalities	No	Negative		5	7+3 (Cytarabine, Idarubicin)|Fludarabine, TBI|MiDAC|FATE Trial RIC (Fludarabine, Melphalan, Rabbit ATG) |ODSH (2 O, 3-O Desulfated Heparin)	3	Consolidation | Induction | Allogeneic - Matched Unrelated Donor	2	Standard Chemotherapy | Bone Marrow Transplant	Fludarabine, TBI	Allogeneic - Matched Unrelated Donor	8q22 (RUNX1T1): gain present  11q23 (MLL): rearrangement present		Yes	-1	Intermediate-II	Intermediate	Yes	Yes	M5a	Negative	MLLT3-KMT2A	Initial Acute Leukemia Diagnosis					Complete Response		47,XY,+8,t(9;11)(p21;q23)[9]/46,XY[11]	-1	Negative				-1	Bone Marrow Transplant	16	Negative		AMLRGA					58								WES + RNA-seq	Yes	Yes	Peripheral Blood		Matched	AML with t(9;11)(p22;q23); MLLT3-MLL	AML with t(9;11)(p22;q23); MLLT3-MLL	Large population of promonocytes/monoblasts that represent approximately 88% of the leukocytes, consider acute monoblastic leukemia.	0.866666667			Standard Chemotherapy	14.66	Yes	62.0	Dead-Disease	3	Yes	Acute Myeloid Leukaemia (AML) and Related Precursor Neoplasms	Acute Myeloid Leukaemia (AML) and Related Precursor Neoplasms	White	No	False	No	No	False	32.2	1:DECEASED	No	No	No	No	2	Male	Standard Chemotherapy|Bone Marrow Transplant
aml_ohsu_2018	aml_ohsu_2018_2234	aml_ohsu_2018_15-00614	51		Leukemia	AML with Myelodysplasia-Related Changes	No	Negative	0.93	3	HiDAC|SWOG S1203 (7+3 +/- Vorinostat)|Bu/Cy/TBI	4	Consolidation | Induction | Allogeneic - Mismatched Unrelated Donor | Re-induction	2	Standard Chemotherapy | Bone Marrow Transplant	Bu/Cy/TBI	Allogeneic - Mismatched Unrelated Donor	EGR-1/ D5S23, D5S721: 60/100 cells (60%) had a 1 red/ 2 green signal pattern, indicating a deleted 5q, consistent with the first clone, above; 38 cells (38%) had a 2 red/ 4 green signal pattern, consistent with two copies of the deleted 5q in the second c	Negative	Yes	6	Adverse	Adverse	Yes	Yes	M0	Negative	None	Initial Acute Leukemia Diagnosis	25.1	8.2	Negative	Negative	Refractory	Negative	60~61<3n>,XYY,-1,-2,-3,-4,-5,del(5)(q13q33),-6,-7,+8,-9,+11,-12,+13,-15,-16,-17,-18,+21,+22[cp15]/70~73,idem,+Y,+1,+2,+5,+del(5)(q13q33),+6,+9,+11,+12,+20,+20[cp4]/46,XY[1]	0	Negative	Negative	634	81.8	-1	Bone Marrow Transplant	17	Negative	p.G13D; MAF ~40%	AMLMRC	3	25	25	0		0	0	85.8	1.9	8.5	0	77	WES + RNA-seq	Yes	Yes	Bone Marrow Aspirate	Denovo	Matched	AML with myelodysplasia-related changes	AML with myelodysplasia-related changes		1.033333333	6.5	Splice site (5' splice site mutation in intron 4); MAF 44%	Standard Chemotherapy	0.5	Yes	51.0	Alive	1	Yes	Acute Myeloid Leukaemia (AML) and Related Precursor Neoplasms	Acute Myeloid Leukaemia (AML) and Related Precursor Neoplasms	White	No	False	No	No	False	9.74	0:LIVING	No	No	No	No	1	Male	Standard Chemotherapy|Bone Marrow Transplant
aml_ohsu_2018	aml_ohsu_2018_1533	aml_ohsu_2018_14-00231	57	76	Leukemia	Therapy-Related Myeloid Neoplasms	No	Negative		4	7+3 (Cytarabine, Idarubicin)|HiDAC|Cytarabine|Decitabine, Hydroxyurea	4	Consolidation | Induction | Re-induction | Supportive/Palliative Care	2	Standard Chemotherapy | Supportive/Palliative Care	Decitabine, Hydroxyurea	Supportive/Palliative Care	nuc ish(D5S721,D5S23,EGR1)x2[200],(D7Z1,D7S522)x2[200],(D8Z2,D20S108)x2[200], (5'MLL,3'MLL)x2(5'MLL con 3'MLLx2)[199],(RUNX1T1x3,RUNX1x2)[69/200]/(RUNX1T1x2,RUNX1x3)[7/200],(PML,RARA)x2 [200],(5'CBFB,3'CBFB)x2(5'CBFB con 3'CBFBx2)[200]		Yes	5	Adverse	Adverse	Yes	No		Negative	Complex	Initial Acute Leukemia Diagnosis	28.6	9.6	Negative	Negative	Refractory		46~47,XX,t(1;11)(p34;p15),der(8)del(8)(p11.2p23)t(1;8)(q21;q24.3),add(9)(q34),del(9)(q13q22),add(16)(p13.3),+1~2mar[cp11] /47~48,idem,+13[cp2]/47~48,idem,-13,der(21)t(8;21)(q13;p12),+2~3mar[cp6]/46,XX[1]	0					-1	Supportive/Palliative Care		Negative		TMN	3.2	45	41	0	79	0		9	5	4		64	RNA-seq	Yes	Yes	Peripheral Blood		Matched	Therapy-related myeloid neoplasms	Therapy-related myeloid neoplasms	CD2(-), CD4(+), CD5(equivocal), CD7(-), CD11b(+), CD13(-), CD14(partial +), CD15(+), CD16(-), CD33 (bright +), CD34(-), CD36(+), CD38(variably +), CD45(variably +), CD56(+), CD64(+), CD117(partial +), HLA-DR(+)		6.3		Standard Chemotherapy	19.5	No	57.0	Dead-Unknown	2	Yes	Acute Myeloid Leukaemia (AML) and Related Precursor Neoplasms	Acute Myeloid Leukaemia (AML) and Related Precursor Neoplasms	White	No	False	No	No	False	4.54	1:DECEASED	No	No	No	No	2	Female	Standard Chemotherapy|Supportive/Palliative Care
aml_ohsu_2018	aml_ohsu_2018_1494	aml_ohsu_2018_14-00150	78	67	Leukemia	AML with Biallelic Mutations of CEBPA	No	Double positive		1	CPX-351 (Liposomal Cytarabine + Daunorubicin)	1	Induction	1	Standard Chemotherapy	CPX-351 (Liposomal Cytarabine + Daunorubicin)	Induction		Negative	No	-1	Not Enough Information	Intermediate	No	Yes	M4	Negative	None	Post-Chemotherapy|Initial Acute Leukemia Diagnosis			Negative	Negative	Complete Response		45,X,-Y,del(7)(p15)[4]/46,XY[16]	0	Negative	Negative			-1	Standard Chemotherapy	5	Negative	Negative	AMLCEBPA					67				0				WES	No	No	Peripheral Blood	After or at the time transformation from another heme malignancy	Unmatched	AML with mutated CEBPA	AML with mutated CEBPA	CD34, CD117, CD2,PARTIAL CD4, CD13, CD33, CD38, PARTIAL CD64, PARTIAL CD11c, HLA-DR AND DIM MPO	0.233333333		Negative	Standard Chemotherapy	1.6	Yes	77.0	Dead-Treatment	4	Yes	Acute Myeloid Leukaemia (AML) and Related Precursor Neoplasms	Acute Myeloid Leukaemia (AML) and Related Precursor Neoplasms	White	Yes	False	No	No	False	2.34	1:DECEASED	Yes	No	No	No	1	Male	Standard Chemotherapy
aml_ohsu_2018	aml_ohsu_2018_2033	aml_ohsu_2018_15-00248	61	64	Leukemia	AML with Biallelic Mutations of CEBPA	No	A111FS*56; MAF 48%	1.01	3	7+3 (Cytarabine, Idarubicin)|HiDAC|Azacitidine	3	Hypomethylating/Low Dose Cytarabine | Consolidation | Induction	1	Standard Chemotherapy	Azacitidine	Hypomethylating/Low Dose Cytarabine	nuc ish(D5S2064,D5S630,EGR1)x2[199],(D7Z1,D7S522)x2[200],(D8Z2,D20S108)x2[200],(RUNX1T1, RUNX1)x2[200],(5'MLL,3'MLL)x2(5'MLL con 3'MLLx2)[200],(PML,RARA)x2[200],(5'CBFB,3'CBFB)x2(5'CBFB con 3'CBFBx2)[200]		Yes	-1	Favorable	Adverse	Yes	Yes		Negative	None	Initial Acute Leukemia Diagnosis	32.9	10.3	Negative	Negative	Complete Response		46,XY[20]	0			578	99.7	-1	Standard Chemotherapy	62	Negative	G13V; MAF 37%	AMLCEBPA	3.7	29	26	0	47.4	1.7		23.3	27.6	0		20	WES + RNA-seq	Yes	Yes	Bone Marrow Aspirate	Denovo	Matched	AML with mutated CEBPA	AML with mutated CEBPA	CD2(-), CD7(partial +), CD11b(partial +), CD13(+), CD14(-), CD15(partial +), CD16(-), CD19(few appear very dim +), CD25(-), CD33(variably +), CD34(variably +), CD36(subset +), CD38(+), CD45 (variably +), CD56(+), CD64(partial +), CD117(+), CD123(-), HLA-D	2.166666667	7.2		Standard Chemotherapy	20.8	Yes	61.0		2	Yes	Acute Myeloid Leukaemia (AML) and Related Precursor Neoplasms	Acute Myeloid Leukaemia (AML) and Related Precursor Neoplasms	HispNative	No	False	No	No	False			No	No	No	No	1	Male	Standard Chemotherapy
aml_ohsu_2018	aml_ohsu_2018_1315	aml_ohsu_2018_13-00552	75		Leukemia	AML with Minimal Differentiation	No			3	FLAG-IDA (Cytarabine, Filgrastim, Fludarabine, Idarubicin)|Azacitidine|Etoposide, Mitoxantrone	3	Hypomethylating/Low Dose Cytarabine | Salvage | Induction	1	Standard Chemotherapy	FLAG-IDA (Cytarabine, Filgrastim, Fludarabine, Idarubicin)	Salvage	normal, no evidence of RUNX1T1/RUNX1 transloc or 11q23 or 16q22		Yes	-1	Adverse	Adverse	Yes	Yes		Positive	None	Residual Disease					Refractory		46,XY,add(1)(p34),del(7)(q22),del(20)(q11.2)[20]	-7					-1	Standard Chemotherapy	24	Negative		AMLMD													WES + RNA-seq	Yes	Yes	Peripheral Blood		Matched	AML with minimal differentiation	AML with minimal differentiation		1.466666667			Standard Chemotherapy		Yes	74.0	Dead-Disease	3	Yes	Acute Myeloid Leukaemia (AML) and Related Precursor Neoplasms	Acute Myeloid Leukaemia (AML) and Related Precursor Neoplasms	White	No	False	No	No	False	13.65	1:DECEASED	No	No	No	No	1	Male	Standard Chemotherapy
aml_ohsu_2018	aml_ohsu_2018_2069	aml_ohsu_2018_15-00303	64		Leukemia	AML with inv(16)(p13.1q22) or t(16;16)(p13.1;q22);CBFB-MYH11	No	Negative	1.33	2	7+3 (Cytarabine, Idarubicin)|FLAG-IDA (Cytarabine, Filgrastim, Fludarabine, Idarubicin)	2	Induction | Re-induction	1	Standard Chemotherapy	FLAG-IDA (Cytarabine, Filgrastim, Fludarabine, Idarubicin)	Re-induction	c/w karyotype	Negative	No	6	Favorable	Favorable	No	Yes		Negative	CBFB-MYH11	Initial Acute Leukemia Diagnosis	23.2	7.7	Negative	Negative	Refractory	Negative	46,XY,inv(16)(p13q22)[17]/46,XY[3]	-8	Negative	p.G12D; MAF 27%		87.2	5	Standard Chemotherapy	2	Negative	Negative	AMLCBFBMYH11	2.6	10	7	0		0	0.9	48.7	30.1	5.3	0	53	WES + RNA-seq	Yes	Yes	Peripheral Blood	Denovo	Unmatched	AML with inv(16)(p13.1q22) or t(16;16)(p13.1;q22); CBFB-MYH11	AML with inv(16)(p13.1q22) or t(16;16)(p13.1;q22); CBFB-MYH11		0.1	5.9	Negative	Standard Chemotherapy	8.69	Yes	64.0	Alive	1	Yes	Acute Myeloid Leukaemia (AML) and Related Precursor Neoplasms	Acute Myeloid Leukaemia (AML) and Related Precursor Neoplasms	White	No	False	No	No	False	2.24	0:LIVING	No	No	No	No	1	Male	Standard Chemotherapy
aml_ohsu_2018	aml_ohsu_2018_1710	aml_ohsu_2018_14-00542	27	69	Leukemia	AML with Mutated NPM1	No	Negative		2	HiDAC|SWOG S1203 (7+3 +/- Vorinostat)	2	Consolidation | Induction	1	Standard Chemotherapy	HiDAC	Consolidation			No	8	Not Enough Information	Favorable	No	Yes	M2	Negative	None	Initial Acute Leukemia Diagnosis			Negative	Negative	Complete Response		48,XX,+3,+10[2]/46,XX[18]	0	Negative	Negative			137	Standard Chemotherapy	30	Positive	Negative	AMLNPM1					68				1				WES + RNA-seq	Yes	Yes	Peripheral Blood	Denovo	Matched	AML with mutated NPM1	AML with mutated NPM1	CD34, CD38, CD13, CD33, CD11C, CD19, PARTIAL CD4, HLA-DR, PARTIAL CD15, CD117, PARTIAL CD61, AND PARTIAL CD7	1.5		Negative	Standard Chemotherapy	5.1	Yes	27.0	Alive	4	Yes	Acute Myeloid Leukaemia (AML) and Related Precursor Neoplasms	Acute Myeloid Leukaemia (AML) and Related Precursor Neoplasms	HispNative	No	False	No	No	False	8.22	0:LIVING	No	No	No	No	2	Female	Standard Chemotherapy
aml_ohsu_2018	aml_ohsu_2018_1929	aml_ohsu_2018_15-00051	66	95	Leukemia	Therapy-Related Myeloid Neoplasms	No	Negative	0.5	4	5+2 (Cytarabine, Idarubicin)|7+3 (Cytarabine, Idarubicin)|MiDAC|Bu/Flu/TBI (Busulfan, Fludarabine, Total Body Irradiation)	3	Consolidation | Induction | Allogeneic - Matched Unrelated Donor	2	Standard Chemotherapy | Bone Marrow Transplant	Bu/Flu/TBI (Busulfan, Fludarabine, Total Body Irradiation)	Allogeneic - Matched Unrelated Donor	Normal	Negative	Yes	6	Favorable	Favorable	Yes	Yes		Negative	Unknown	Initial Acute Leukemia Diagnosis	18.9	6.1	Negative		Complete Response	Negative		0	Negative	Negative	501	100.5	2	Bone Marrow Transplant	9	Positive	Negative	TMN	3	19	23	0	90.2	0	2.5	4.9	0.8	1.6	0.6	10	WES + RNA-seq	Yes	Yes	Bone Marrow Aspirate		Matched	Therapy-related myeloid neoplasms	Therapy-related myeloid neoplasms	CD13, CD33, dim CD71, CD117, CD123, and MPO	0.333333333	6.4	Negative	Standard Chemotherapy	66.67	Yes	66.0	Alive	1	Yes	Acute Myeloid Leukaemia (AML) and Related Precursor Neoplasms	Acute Myeloid Leukaemia (AML) and Related Precursor Neoplasms	White	No	False	No	No	False	17.57	0:LIVING	No	No	No	Yes	1	Female	Standard Chemotherapy|Bone Marrow Transplant
aml_ohsu_2018	aml_ohsu_2018_1353	aml_ohsu_2018_13-00578	31		Leukemia	AML with t(6;9)(p23;q34.1);DEK-NUP214	No		0.85	6	7+3 (Cytarabine, Idarubicin)|Crenolanib|Azacitidine|MEC (Cytarabine, Etoposide, Mitoxantrone)|Decitabine, Sorafenib |Quizartinib	3	Salvage | Induction | Experimental	2	Standard Chemotherapy | Targeted Therapy - Kinase Inhibitor(s)	Crenolanib	Experimental			Yes	-1	Adverse	Adverse	Yes	Yes		Positive	DEK-NUP214	Residual Disease|Post-Chemotherapy					Refractory		47~49,XX,t(6;9)(p23;q24),+8,+13,+15[cp8]/47~49,idem,+del(13)(q12q22)[cp12]	3			329		52	Targeted Therapy - Kinase Inhibitor(s)	14	Negative		AMLDEKNUP214	4.2	49	31		47							10	WES + RNA-seq	Yes	Yes	Peripheral Blood		Matched	AML with t(6;9)(p23;q34); DEK-NUP214	AML with t(6;9)(p23;q34); DEK-NUP214		0.7	6.3		Standard Chemotherapy	20.2	Yes	30.0	Dead-Disease	2	Yes	Acute Myeloid Leukaemia (AML) and Related Precursor Neoplasms	Acute Myeloid Leukaemia (AML) and Related Precursor Neoplasms	White	No	False	No	No	False	18.68	1:DECEASED	No	No	No	No	2	Female	Standard Chemotherapy|Targeted Therapy - Kinase Inhibitor(s)
aml_ohsu_2018	aml_ohsu_2018_2305	aml_ohsu_2018_15-00756	36	25	Leukemia	AML with t(8;21)(q22;q22.1);RUNX1-RUNX1T1	No		0.7	3	HiDAC|3+7 (Cytarabine, Daunorubicin)|Hydroxyurea	2	Consolidation | Induction	1	Standard Chemotherapy	HiDAC	Consolidation	RUNX1T1/RUNX1: (92%)		Yes	-1	Favorable	Intermediate	Yes	Yes		Negative	RUNX1-RUNX1T1	Initial Acute Leukemia Diagnosis	21	7.5			Refractory		45,X,-Y,t(8;2;21)(q22;p21;q22)[20]	0				104.5	103	Standard Chemotherapy	1	Negative		AMLRUNX1RUNX1T1	2.3	32	39	0	38	0	3.4	29.1	2.6	23.9	0	29	WES + RNA-seq	Yes	Yes	Bone Marrow Aspirate	Denovo	Unmatched	AML with t(8;21)(q22;q22); RUNX1-RUNX1T1	AML with t(8;21)(q22;q22); RUNX1-RUNX1T1	CD13, CD33, partial CD34, CD64, CD19 dim, CD71, CD117 partial, HLA-DR, dim CD123, CD58 and MPO	0.033333333	6.7		Standard Chemotherapy	24.98	Yes	36.0	Alive	1	Yes	Acute Myeloid Leukaemia (AML) and Related Precursor Neoplasms	Acute Myeloid Leukaemia (AML) and Related Precursor Neoplasms	White	No	False	No	No	False	7.01	0:LIVING	No	No	No	No	1	Male	Standard Chemotherapy
aml_ohsu_2018	aml_ohsu_2018_2497	aml_ohsu_2018_16-00070	24	86	Leukemia	APL with PML-RARA	No		1	2	Hydroxyurea|APML4 Protocol (ATRA, Arsenic Trioxide, Idarubicin)	1	Induction	1	Standard Chemotherapy	APML4 Protocol (ATRA, Arsenic Trioxide, Idarubicin)	Induction	Cytogenetic testing (FISH) for the t(15;17) - PML-RARA translocation is positive in about 98% of the cells (GLC-16-338);		Yes	24	Intermediate-II	Favorable	Yes	Yes		Negative	PML-RARA	Initial Acute Leukemia Diagnosis	23.8	8.3			Complete Response		46,XY,t(15;17)(q22;q21)[20]	0			467	86.2	24	Standard Chemotherapy	7	Negative		APLPMLRARA	3.5	76	35	3.6	73	0	46	12.6	2.7	5.4	0.6	55	WES	No	No	Bone Marrow Aspirate	Denovo	Matched	Acute promyelocytic leukaemia with t(15;17)(q22;q12); PML-RARA	Acute promyelocytic leukaemia with t(15;17)(q22;q12); PML-RARA	CD13, CD33, CD64, dim CD71, dim CD117 and MPO (+).	0.333333333	7.2		Standard Chemotherapy	42.35	Yes	24.0	Alive	1	Yes	Acute Myeloid Leukaemia (AML) and Related Precursor Neoplasms	Acute Myeloid Leukaemia (AML) and Related Precursor Neoplasms	White	No	False	No	No	False	0.92	0:LIVING	No	No	No	No	1	Male	Standard Chemotherapy
aml_ohsu_2018	aml_ohsu_2018_2241	aml_ohsu_2018_15-00633	52		Leukemia	Therapy-Related Myeloid Neoplasms	No			3	7+3 (Cytarabine, Idarubicin)|HiDAC|Fludarabine, Melphalan, ATG, Methotrexate	3	Consolidation | Induction | Allogeneic - Matched Unrelated Donor	2	Standard Chemotherapy | Bone Marrow Transplant	Fludarabine, Melphalan, ATG, Methotrexate	Allogeneic - Matched Unrelated Donor	11q23 (MLL): rearrangement present		Yes	-1	Intermediate-II	Adverse	Yes	Yes		Negative	MLLT3-KMT2A	Initial Acute Leukemia Diagnosis					Complete Response		46,XX,t(9;11)(p22;q23)[5]	-3		p.Gly13Asp; MAF 38.9%			-1	Bone Marrow Transplant	1	Negative		TMN													WES + RNA-seq	Yes	Yes	Bone Marrow Aspirate		Unmatched	Therapy-related myeloid neoplasms	Therapy-related myeloid neoplasms		0.066666667			Standard Chemotherapy		Yes	52.0	Alive	3	Yes	Acute Myeloid Leukaemia (AML) and Related Precursor Neoplasms	Acute Myeloid Leukaemia (AML) and Related Precursor Neoplasms	White	No	False	No	No	False	17.89	0:LIVING	No	No	No	No	1	Female	Standard Chemotherapy|Bone Marrow Transplant
aml_ohsu_2018	aml_ohsu_2018_1953	aml_ohsu_2018_15-00084	82		Leukemia	AML with Myelodysplasia-Related Changes	No		0.96	1	Azacitidine	1	Hypomethylating/Low Dose Cytarabine	1	Standard Chemotherapy	Azacitidine	Hypomethylating/Low Dose Cytarabine			Yes		Adverse	Adverse	Yes	Yes		Negative	None	Residual Disease	31.5	11					43~46,XX,add(2)(q11.2),-4,del(5)(q23),add(7)(q32),+8,add(11)(q23),-16,del(17)(p12),-18,+22[cp19]/46,XX[1]	-21			1304	86.8	122	Standard Chemotherapy	2	Negative		AMLMRC	3.1	24	22	7.6		4.2	8.5	28	6.8	12.7	0.1	21	WES + RNA-seq	Yes	Yes	Peripheral Blood	After or at the time transformation from another heme malignancy	Unmatched	AML with myelodysplasia-related changes	AML with myelodysplasia-related changes		0.133333333	7.3			17.63	Yes	82.0	Dead-Disease	1	Yes	Acute Myeloid Leukaemia (AML) and Related Precursor Neoplasms	Acute Myeloid Leukaemia (AML) and Related Precursor Neoplasms	White	Yes	False	No	No	False	1.15	1:DECEASED	Yes	No	No	No	1	Female	Standard Chemotherapy
aml_ohsu_2018	aml_ohsu_2018_127	aml_ohsu_2018_10-00819	77	85	Leukemia	Acute Myeloid Leukemia	No		1.63	3	Decitabine|Quizartinib|Mitoxantrone	3	Induction | Experimental | Supportive/Palliative Care	3	Standard Chemotherapy | Supportive/Palliative Care | Targeted Therapy - Kinase Inhibitor(s)	Mitoxantrone	Supportive/Palliative Care	Normal		No	1025	Intermediate-I	Adverse	Yes	Yes	M4	Positive	None	Post-Chemotherapy|Residual Disease	31.3	10.7			Refractory		46,XY[17]	0			419	103.3	18	Supportive/Palliative Care	3	Negative		AML	4	14	23	0	77	0		10	2	9		69	WES	No	No	Bone Marrow Aspirate		Unmatched	Acute myelomonocytic leukaemia	Acute myelomonocytic leukaemia	CD2, dim CD4, partial CD7, partial/dim CD64, CD13, partial CD22, dim CD33, partial CD34, CD117, CD123, HLA-DR, partial cCD79, partial TdT,  partial PAX/5 and partial MPO positive	0.166666667	6.4		Standard Chemotherapy	16.1	Yes	74.0	Dead-Unknown	1	Yes	Acute Myeloid Leukaemia (AML) and Related Precursor Neoplasms	Acute Myeloid Leukaemia (AML) and Related Precursor Neoplasms	White	No	False	No	No	False	41.58	1:DECEASED	No	No	No	No	2	Male	Standard Chemotherapy|Supportive/Palliative Care|Targeted Therapy - Kinase Inhibitor(s)
aml_ohsu_2018	aml_ohsu_2018_555	aml_ohsu_2018_12-00371	60	77.5	Leukemia	AML with Mutated NPM1	No			8	7+3 (Cytarabine, Idarubicin)|HiDAC|Cytarabine|3+7 (Cytarabine, Daunorubicin)|Azacitidine|Sorafenib|Clofarabine|Clofarabine, Cytarabine	5	Consolidation | Salvage | Induction | Experimental | Re-induction	2	Standard Chemotherapy | Targeted Therapy - Kinase Inhibitor(s)	Cytarabine	Consolidation	Normal		Yes	6	Not Enough Information	Intermediate	Yes	Yes	NOS	Positive	None	Post-Chemotherapy|Relapse	26.3	9.3			Complete Response		46,XY[4]	-121				87.8	64	Standard Chemotherapy	6	Positive		AMLNPM1				0	75	1		16	1	4		9	WES	No	No	Bone Marrow Aspirate	Relapse	Unmatched	AML with mutated NPM1	AML with mutated NPM1	CD13, CD33, partial CD56, CD58, CD64, dim CD117, CD123and partial/dim cMPO positive	0.266666667			Standard Chemotherapy	7.9	Yes	56.0	Dead-Disease	1	Yes	Acute Myeloid Leukaemia (AML) and Related Precursor Neoplasms	Acute Myeloid Leukaemia (AML) and Related Precursor Neoplasms	Asian	No	False	No	No	False	57.07	1:DECEASED	No	No	No	No	2	Male	Standard Chemotherapy|Targeted Therapy - Kinase Inhibitor(s)
aml_ohsu_2018	aml_ohsu_2018_2350	aml_ohsu_2018_15-00837	72		Leukemia	AML with inv(16)(p13.1q22) or t(16;16)(p13.1;q22);CBFB-MYH11	No			2	Azacitidine|Momelotinib	2	Hypomethylating/Low Dose Cytarabine | Experimental	2	Standard Chemotherapy | Targeted Therapy - Kinase Inhibitor(s)	Azacitidine	Hypomethylating/Low Dose Cytarabine			Yes		Favorable	Favorable	Yes	Yes		Negative	CBFB-MYH11	Post-Chemotherapy|Residual Disease							46,XY,inv(16)(p13.1q22)[20]	-141					-1	Standard Chemotherapy	3	Negative		AMLCBFBMYH11					58								WES + RNA-seq	Yes	Yes	Peripheral Blood	After or at the time transformation from another heme malignancy	Unmatched	AML with inv(16)(p13.1q22) or t(16;16)(p13.1;q22); CBFB-MYH11	AML with inv(16)(p13.1q22) or t(16;16)(p13.1;q22); CBFB-MYH11		0.2				8.21	Yes	72.0	Dead-Disease	3	Yes	Acute Myeloid Leukaemia (AML) and Related Precursor Neoplasms	Acute Myeloid Leukaemia (AML) and Related Precursor Neoplasms	White	No	False	No	Yes	False	6.18	1:DECEASED	No	No	Yes	No	1	Male	Standard Chemotherapy|Targeted Therapy - Kinase Inhibitor(s)
aml_ohsu_2018	aml_ohsu_2018_2277	aml_ohsu_2018_15-00692	73	81	Leukemia	AML with Biallelic Mutations of CEBPA	No	Foundation; M1fs*60; MAF 34%	0.99	3	7+3 (Cytarabine, Idarubicin)|HiDAC|Azacitidine	4	Hypomethylating/Low Dose Cytarabine | Consolidation | Salvage | Induction	2	Standard Chemotherapy | Supportive/Palliative Care	Azacitidine	Hypomethylating/Low Dose Cytarabine	nuc ish(D5S2064,D5S630,EGR1)x2[199],(D7Z1, D7S522)x2[199],(D8Z2,D20S108)x2[200],(RUNX1T1,RUNX1)x2[200],(5'MLL,3'MLL)x2(5'MLL con 3'MLLx2)[200], (PML,RARA)x2[200],(5'CBFB,3'CBFB)x2(5'CBFB con 3'CBFBx2)[200]		Yes	-1	Intermediate-II	Adverse	Yes	Yes	M0	Negative	None	Post-Chemotherapy|Relapse	28.2	9.6	Negative	Negative	Complete Response		46,XX,der(3)t(3;17)(q29;q21)[19]/46,XX,t(3;21)(q26.2;q22)[2]	0					112	Supportive/Palliative Care	22	Negative		AMLCEBPA	4.5	11	16	0	43	0		51	3	2		10	WES + RNA-seq	Yes	Yes	Bone Marrow Aspirate	Relapse	Matched	AML with mutated CEBPA	AML with mutated CEBPA	CD2(-), CD4(-), CD7(partial +), CD11b(-), CD13(variably +), CD14(-), CD15(partial +), CD16(-), CD19 (-/few dim +), CD25(-), CD33(partial +), CD34(partial +), CD36(-), CD38(bright and variably +), CD45(+), CD56(variably +), CD64(-), CD117(variably +), CD12	1.166666667	6.9	Foundation; splice site 560-2insA; MAF 44%	Standard Chemotherapy	35	Yes	72.0	Dead-Disease	2	Yes	Acute Myeloid Leukaemia (AML) and Related Precursor Neoplasms	Acute Myeloid Leukaemia (AML) and Related Precursor Neoplasms	White	No	False	No	No	False	18.59	1:DECEASED	No	No	No	No	1	Female	Standard Chemotherapy|Supportive/Palliative Care
aml_ohsu_2018	aml_ohsu_2018_1434	aml_ohsu_2018_14-00041	71	22	Leukemia	AML with Recurrent Genetic Abnormalities	No	Negative		1	AG-221	1	Hypomethylating/Low Dose Cytarabine	1	Standard Chemotherapy	AG-221	Hypomethylating/Low Dose Cytarabine		Negative	Yes		Adverse	Adverse	Yes	Yes	M4	Negative	GATA2-MECOM	Initial Acute Leukemia Diagnosis			Negative				46,XX,inv(3)?(q21q25)[21]	0	Negative	Negative			-1	Standard Chemotherapy	7	Negative	Negative	AMLRGA					8				10				WES + RNA-seq	Yes	Yes	Peripheral Blood	Denovo	Matched	AML with inv(3)(q21q26.2) or t(3;3)(q21;q26.2); RPN1-EVI1	AML with inv(3)(q21q26.2) or t(3;3)(q21;q26.2); RPN1-EVI1	CD34, CD117, CD38, CD56 (minor subset), partial CD13, partial CD33, CD11c, and HLA-DR	0.333333333		Negative		2.6	Yes	71.0	Alive	4	Yes	Acute Myeloid Leukaemia (AML) and Related Precursor Neoplasms	Acute Myeloid Leukaemia (AML) and Related Precursor Neoplasms	White	No	False	No	No	False	31.32	0:LIVING	No	No	No	No	1	Female	Standard Chemotherapy
aml_ohsu_2018	aml_ohsu_2018_1161	aml_ohsu_2018_14-00015	31	75	Leukemia	Therapy-Related Myeloid Neoplasms	No	Negative	0.56	4	GCLAM (G-CSF, Cladribine, Cytarabine, and Mitoxantrone) |7+3 (Cytarabine, Idarubicin)|HiDAC|Decitabine	4	Consolidation | Salvage | Induction | Supportive/Palliative Care	2	Standard Chemotherapy | Supportive/Palliative Care	Decitabine	Supportive/Palliative Care	MLL disruption and t(9;11)		Yes	6	Intermediate-II	Intermediate	Yes	Yes		Negative	MLLT3-KMT2A	Relapse|Post-Chemotherapy	22.1	7.7			Complete Response	Negative	46,XX,t(9;11)(p22;q23)[20]/46,XX[1]	0	Negative			89.8	31	Supportive/Palliative Care	16	Negative		TMN	3.1	37	39	0	35	0		9.9	9.9	37.2	0.8	39	WES + RNA-seq	Yes	Yes	Bone Marrow Aspirate	Relapse	Matched	Therapy-related myeloid neoplasms	Therapy-related myeloid neoplasms	dim/partial CD13, CD33, CD38, CD56, CD58, CD64, partialCD117, CD123 and HLA-DR positive	0.766666667	6		Standard Chemotherapy	43.72	Yes	30.0	Dead-Disease	1	Yes	Acute Myeloid Leukaemia (AML) and Related Precursor Neoplasms	Acute Myeloid Leukaemia (AML) and Related Precursor Neoplasms	Asian	No	False	No	No	False	8.88	1:DECEASED	No	No	No	No	2	Female	Standard Chemotherapy|Supportive/Palliative Care
aml_ohsu_2018	aml_ohsu_2018_1072	aml_ohsu_2018_13-00186	74	60	Leukemia	AML with Myelodysplasia-Related Changes	No	Negative	0.59	0		0		0		NONE	NONE		Negative	Yes		Intermediate-I	Adverse	Yes	Yes		Negative	None	Initial Acute Leukemia Diagnosis	22	7.1	Negative	Negative		Negative	46,XY[20]	0	Negative	Negative	399	87.4		NONE	3	Negative	Negative	AMLMRC	3.2	250	160	0	29	1		26	18	24		107	WES + RNA-seq	Yes	Yes	Bone Marrow Aspirate	After or at the time transformation from another heme malignancy	Unmatched	AML with myelodysplasia-related changes	AML with myelodysplasia-related changes	partial CD7, CD13, CD33, CD34, CD38, CD58, CD117, CD123, TdT, and HLA-DR positive	0.166666667	7	Negative		11.8	Yes	74.0	Dead-Unknown	1	No	Acute Myeloid Leukaemia (AML) and Related Precursor Neoplasms	Acute Myeloid Leukaemia (AML) and Related Precursor Neoplasms	White	No	False	Yes	No	False	4.14	1:DECEASED	No	Yes	No	No	1	Male	
aml_ohsu_2018	aml_ohsu_2018_1060	aml_ohsu_2018_13-00165	33		Leukemia	AML with Mutated NPM1	No			4	Busulfan, Fludarabine|7+3 (Cytarabine, Idarubicin)|HiDAC|HAM (Cytarabine, Mitoxantrone)	4	Allogeneic - Sibling | Consolidation | Induction | Re-induction	2	Standard Chemotherapy | Bone Marrow Transplant	Busulfan, Fludarabine	Allogeneic - Sibling			Yes	-1	Intermediate-I	Intermediate	Yes	Yes		Positive	None	Initial Acute Leukemia Diagnosis					Refractory		46,XX[7]	-2					-1	Bone Marrow Transplant	11	Positive		AMLNPM1													WES + RNA-seq	Yes	Yes	Peripheral Blood	Denovo	Matched	AML with mutated NPM1	AML with mutated NPM1		0.566666667			Standard Chemotherapy		Yes	33.0	Dead-Treatment	3	Yes	Acute Myeloid Leukaemia (AML) and Related Precursor Neoplasms	Acute Myeloid Leukaemia (AML) and Related Precursor Neoplasms	White	No	False	No	No	False	14.44	1:DECEASED	No	No	No	No	1	Female	Standard Chemotherapy|Bone Marrow Transplant
aml_ohsu_2018	aml_ohsu_2018_1739	aml_ohsu_2018_14-00599	69		Leukemia	AML with Minimal Differentiation	No	Negative	1.01	3	5+2 (Cytarabine, Idarubicin)|7+3 (Cytarabine, Idarubicin)|MiDAC	3	Consolidation | Induction | Re-induction	1	Standard Chemotherapy	MiDAC	Consolidation	Consistent with karyotype	Negative	No	6	Intermediate-II	Adverse	No	Yes	M0	Negative	None	Initial Acute Leukemia Diagnosis	23.5	7.5	Negative	Negative	Refractory	Negative	47,XY,+8[2]/46,XY[18]	0	Negative	Negative		101.7	63	Standard Chemotherapy	6	Negative	Negative	AMLMD	3.1	21	15	0		0	0	78.5	15.1	6.4	2.9	47	WES + RNA-seq	Yes	Yes	Bone Marrow Aspirate	Denovo	Unmatched	AML with minimal differentiation	AML with minimal differentiation	dim CD13, dimCD33, CD34, dim CD38, CD58, dimCD64, CD117, CD123, dim HLA-DR, TdT positive	0.233333333	6.7	Negative	Standard Chemotherapy	2.05	Yes	69.0	Dead-Disease	1	Yes	Acute Myeloid Leukaemia (AML) and Related Precursor Neoplasms	Acute Myeloid Leukaemia (AML) and Related Precursor Neoplasms	White	No	False	No	No	False	15.46	1:DECEASED	No	No	No	No	1	Male	Standard Chemotherapy
aml_ohsu_2018	aml_ohsu_2018_2337	aml_ohsu_2018_15-00811	54		Leukemia	AML with Mutated NPM1	No		0.71	4	HAM (Cytarabine, Mitoxantrone)|3+7 (Cytarabine, Daunorubicin)|Sorafenib|Hydroxyurea	4	Induction | Experimental | Re-induction | Maintenance	2	Standard Chemotherapy | Targeted Therapy - Kinase Inhibitor(s)	Sorafenib	Experimental	Normal	p.R882C; MAF 0.9%	Yes	6	Intermediate-II	Intermediate	Yes	Yes		Positive	None	Post-Chemotherapy|Residual Disease	27	9.1			Unknown		46,XY,add(3)(p24)[cp4]/46,XY[14]	-7			321	95.1	-1	Targeted Therapy - Kinase Inhibitor(s)	19	Positive		AMLNPM1	3.4	38	29	0		1.7	0.9	6.1	8.8	43	0.4	170	WES + RNA-seq	Yes	Yes	Peripheral Blood		Matched	AML with mutated NPM1	AML with mutated NPM1		1.033333333	6.7		Standard Chemotherapy	16.65	Yes	53.0	Dead-Disease	1	Yes	Acute Myeloid Leukaemia (AML) and Related Precursor Neoplasms	Acute Myeloid Leukaemia (AML) and Related Precursor Neoplasms	White	No	False	No	No	False	5.53	1:DECEASED	No	No	No	No	4	Male	Standard Chemotherapy|Targeted Therapy - Kinase Inhibitor(s)
aml_ohsu_2018	aml_ohsu_2018_2515	aml_ohsu_2018_16-00120	36	91.8	Leukemia	APL with PML-RARA	No	Negative		3	Methotrexate, Mercaptopurine, Tretinoin|ATRA, Idarubicin|ATRA, Cytarabine, Idarubicin	3	Consolidation | Induction | Maintenance	1	Standard Chemotherapy	Methotrexate, Mercaptopurine, Tretinoin	Maintenance	Normal		Yes	-1	Intermediate-II	Favorable	Yes	Yes		Positive	PML-RARA	Initial Acute Leukemia Diagnosis					Complete Response		46,XY,t(15;17)(q24;q21)[18]/46,XY[2]	-1					-1	Standard Chemotherapy	1	Negative		APLPMLRARA					95								WES + RNA-seq	Yes	Yes	Peripheral Blood	Denovo	Unmatched	Acute promyelocytic leukaemia with t(15;17)(q22;q12); PML-RARA	Acute promyelocytic leukaemia with t(15;17)(q22;q12); PML-RARA	weak partial CD2, CD13, CD33, CD64, CD117, and  myeloperoxidase	0.033333333			Standard Chemotherapy	55.42	Yes	36.0	Alive	3	Yes	Acute Myeloid Leukaemia (AML) and Related Precursor Neoplasms	Acute Myeloid Leukaemia (AML) and Related Precursor Neoplasms	White	No	False	No	No	False	16.91	0:LIVING	No	No	No	No	1	Male	Standard Chemotherapy
aml_ohsu_2018	aml_ohsu_2018_2282	aml_ohsu_2018_15-00704	47		Leukemia	AML without Maturation	No		1	8	Fludarabine, Melphalan|5+2 (Cytarabine, Idarubicin)|7+3 (Cytarabine, Idarubicin)|Donor Lymphocyte Infusion|FLAG-IDA (Cytarabine, Filgrastim, Fludarabine, Idarubicin)|Azacitidine|MEC (Cytarabine, Etoposide, Mitoxantrone)|Busulfan, Cyclophosphamide	6	Allogeneic - Sibling | Consolidation | Unknown | Induction | Re-induction | Allogeneic - Matched Unrelated Donor	3	DLI | Standard Chemotherapy | Bone Marrow Transplant	Fludarabine, Melphalan	Allogeneic - Sibling	Normal		No	10	Intermediate-I	Intermediate	No	Yes		Negative	None	Post-Transplant|Post-Chemotherapy	35.2	11.7			Complete Response		46,XY[20]	0				107.3	-1	Bone Marrow Transplant	2	Negative		AWM	3.6	51	35	0.4		0	1.6	46.5	15.6	35.9	0	125	WES	No	No	Bone Marrow Aspirate		Unmatched	AML without maturation	AML without maturation		0.066666667	6.9		Standard Chemotherapy	2.56	Yes	40.0	Dead-Disease	1	Yes	Acute Myeloid Leukaemia (AML) and Related Precursor Neoplasms	Acute Myeloid Leukaemia (AML) and Related Precursor Neoplasms	White	No	False	No	No	False	106.61	1:DECEASED	No	No	No	No	1	Female	DLI|Standard Chemotherapy|Bone Marrow Transplant
aml_ohsu_2018	aml_ohsu_2018_2526	aml_ohsu_2018_16-00132	75	6	Leukemia	AML with Myelodysplasia-Related Changes	No		0.73	1	Azacitidine, MLN4924	1	Induction	1	Standard Chemotherapy	Azacitidine, MLN4924	Induction	This test has detected a 20q deletion, trisomy 8, and trisomy 21 in 14 cells. All these abnormalities are commonly seen in AML and MDS.		No	498	Not Enough Information	Adverse	No	Yes		Negative	None	Post-Chemotherapy	36.5	12.7			Complete Response		48,XY,+8,del(20)(q11.2),+21[14]/46,XY[6]	0				94.8	498	Standard Chemotherapy	3	Negative		AMLMRC	4.4	41	25			3.8		48.1	9.5	38.1		43	WES + RNA-seq	Yes	Yes	Peripheral Blood	After or at the time transformation from another heme malignancy	Unmatched	AML with myelodysplasia-related changes	AML with myelodysplasia-related changes	These are positive for CD34, CD117, HLA-DR, and CD33.	0.133333333	6.4		Standard Chemotherapy	2.1	Yes	74.0		6	Yes	Acute Myeloid Leukaemia (AML) and Related Precursor Neoplasms	Acute Myeloid Leukaemia (AML) and Related Precursor Neoplasms	White	No	False	No	No	False			Yes	No	No	No	1	Male	Standard Chemotherapy
aml_ohsu_2018	aml_ohsu_2018_1370	aml_ohsu_2018_13-00602	63		Leukemia	AML with Myelodysplasia-Related Changes	Yes		0.75	3	Fludarabine, Melphalan|7+3 (Cytarabine, Idarubicin)|HiDAC	3	Consolidation | Induction | Allogeneic - Matched Unrelated Donor	2	Standard Chemotherapy | Bone Marrow Transplant	Fludarabine, Melphalan	Allogeneic - Matched Unrelated Donor	nuc ish(D5S721,D5S23,EGR1)x2[198],(D7Z1,D7S522)x2[200],(D8Z2,D20S108)x2[200],(5'MLLx1,3'MLLx2)(5'MLL con 3'MLLx1)[118/200]		Yes	5	Intermediate-II	Adverse	Yes	Yes		Negative	None	Initial Acute Leukemia Diagnosis					Complete Response		46,XY,del(11)(q14q23)[13]/46,XY[7].ishdel(11)(5'MLL-,3'MLL+)[2].	-2			682		-1	Bone Marrow Transplant	17	Negative		AMLMRC	2.9	16	27		85	0		9	3	3			WES + RNA-seq	Yes	Yes	Peripheral Blood	Denovo	Matched	AML with myelodysplasia-related changes	AML with myelodysplasia-related changes		0.9	6.6		Standard Chemotherapy	33	Yes	63.0	Alive	2	Yes	Acute Myeloid Leukaemia (AML) and Related Precursor Neoplasms	Acute Myeloid Leukaemia (AML) and Related Precursor Neoplasms	White	No	False	No	No	False	47.14	0:LIVING	No	No	No	No	1	Male	Standard Chemotherapy|Bone Marrow Transplant
aml_ohsu_2018	aml_ohsu_2018_1286	aml_ohsu_2018_13-00545	72		Leukemia	AML with Recurrent Genetic Abnormalities	No	Negative		4	Dasatinib|7+3 (Cytarabine, Idarubicin)|Azacitidine|Decitabine	4	Hypomethylating/Low Dose Cytarabine | Induction | Experimental | Maintenance	2	Standard Chemotherapy | Targeted Therapy - Kinase Inhibitor(s)	Azacitidine	Hypomethylating/Low Dose Cytarabine		Negative	Yes	-1	Adverse	Adverse	Yes	Yes		Positive	GATA2-MECOM	Residual Disease|Post-Chemotherapy			Negative	Negative	Refractory		45,XY,-7,t(3;3)[20]	2	Negative	Negative			-1	Standard Chemotherapy	15	Negative	Negative	AMLRGA													WES + RNA-seq	Yes	Yes	Peripheral Blood		Matched	AML with inv(3)(q21q26.2) or t(3;3)(q21;q26.2); RPN1-EVI1	AML with inv(3)(q21q26.2) or t(3;3)(q21;q26.2); RPN1-EVI1		0.833333333		Negative	Standard Chemotherapy		Yes	71.0	Dead-Disease	4	Yes	Acute Myeloid Leukaemia (AML) and Related Precursor Neoplasms	Acute Myeloid Leukaemia (AML) and Related Precursor Neoplasms	White	No	False	No	No	False	18.26	1:DECEASED	No	No	No	No	2	Male	Standard Chemotherapy|Targeted Therapy - Kinase Inhibitor(s)
aml_ohsu_2018	aml_ohsu_2018_2362	aml_ohsu_2018_15-00858	76	95	Leukemia	AML with Mutated NPM1	No	Negative	1.33	2	5+2 (Cytarabine, Idarubicin)|Decitabine	2	Induction | Re-induction	1	Standard Chemotherapy	5+2 (Cytarabine, Idarubicin)	Re-induction	Normal	p.R736H; MAF 45%	Yes	8	Intermediate-I	Favorable or Intermediate	Yes	Yes		Positive	None	Initial Acute Leukemia Diagnosis	31.5	10.3	Negative	Negative	Refractory	Negative	46,XX[22]	0	Negative	Negative	244	92.6	4	Standard Chemotherapy	11	Positive	Negative	AMLNPM1	3.5	23	22	0	0	0	0.9	16.8	3.5	24.8	1.1	29	WES + RNA-seq	Yes	Yes	Bone Marrow Aspirate	Denovo	Matched	AML with mutated NPM1	AML with mutated NPM1	dimCD13, CD33, CD45, CD56, dimCD117 and MPO positive	0.433333333	7	Negative	Standard Chemotherapy	27.17	Yes	76.0	Dead-Disease	1	Yes	Acute Myeloid Leukaemia (AML) and Related Precursor Neoplasms	Acute Myeloid Leukaemia (AML) and Related Precursor Neoplasms	White	No	False	No	No	False	0.86	1:DECEASED	No	No	No	No	1	Female	Standard Chemotherapy
aml_ohsu_2018	aml_ohsu_2018_1248	aml_ohsu_2018_13-00500	71	76	Leukemia	AML, NOS	No	Negative		1	Azacitidine	1	Hypomethylating/Low Dose Cytarabine	1	Standard Chemotherapy	Azacitidine	Hypomethylating/Low Dose Cytarabine	nuc ish(D5S721,D5S23,EGR1)x2[200],(D7Z1x2,D7S522x1)[29/200],(D8Z2,D20S108)x2[199],(RUNX1T1,RUNX1)x2 [200],(5'MLL,3'MLL)x3(5'MLL con 3'MLLx3)[11/200],(PML,RARA)x2[199],(5'CBFB,3'CBFB)x2(5'CBFB con 3'CBFBx2)[200]		Yes		Intermediate-I	Intermediate	Yes	Yes		Negative	None	Initial Acute Leukemia Diagnosis	25	8.5					46,XY	0	Negative				55	Standard Chemotherapy	22	Negative		AMLNOS	3.1	27	25	0	58	2		38	6	14		93	WES + RNA-seq	Yes	Yes	Bone Marrow Aspirate		Matched	Acute myeloid leukaemia, NOS	Acute myeloid leukaemia, NOS	CD2(-), CD4(partial dim +), CD7(partial +), CD11b(partial +), CD13(partial +), CD15(-), CD19(-), CD22(partial +), CD33(partial and variably +), CD34(variably +), CD36(partial +), CD38(variably +), CD45(partial +), CD56(-), CD64(partial +), CD117 (partial 	1.1	5.8			7.5	Yes	71.0	Dead-Unknown	2	Yes	Acute Myeloid Leukaemia (AML) and Related Precursor Neoplasms	Acute Myeloid Leukaemia (AML) and Related Precursor Neoplasms	White	No	False	No	No	False	5.13	1:DECEASED	No	No	No	No	1	Male	Standard Chemotherapy
aml_ohsu_2018	aml_ohsu_2018_2447	aml_ohsu_2018_15-00965	61		Leukemia	AML with Mutated NPM1	No		0.5	4	Fludarabine, Melphalan|7+3 (Cytarabine, Idarubicin)|FLAG (Fludarabine, High-dose Cytarabine, G-CSF)|MiDAC	4	Consolidation | Induction | Re-induction | Allogeneic - Matched Unrelated Donor	2	Standard Chemotherapy | Bone Marrow Transplant	Fludarabine, Melphalan	Allogeneic - Matched Unrelated Donor	Normal		Yes	6	Not Enough Information	Favorable	Yes	Yes		Negative	Unknown	Initial Acute Leukemia Diagnosis	19.5	6.5			Refractory			0			313	92.4	-1	Bone Marrow Transplant	6	Positive		AMLNPM1	2.4	43	31	0		0	0	89.9	9.3	0.8	0	32	WES + RNA-seq	Yes	Yes	Peripheral Blood	Denovo	Matched	AML with mutated NPM1	AML with mutated NPM1		0.2	5.8		Standard Chemotherapy	67.36	Yes	61.0	Alive	1	Yes	Acute Myeloid Leukaemia (AML) and Related Precursor Neoplasms	Acute Myeloid Leukaemia (AML) and Related Precursor Neoplasms	White	No	False	No	No	False	6.15	0:LIVING	No	No	No	No	1	Female	Standard Chemotherapy|Bone Marrow Transplant
aml_ohsu_2018	aml_ohsu_2018_722	aml_ohsu_2018_12-00150	18		Leukemia	Acute Myeloid Leukemia	No			0		0		0		NONE	NONE			Yes		Not Enough Information	Intermediate	Yes	No		Negative	Unknown	Unknown								0						NONE		Negative		AML													RNA-seq	Yes	Yes	Peripheral Blood		Matched	unknown	unknown							No			7	No	Acute Myeloid Leukaemia (AML) and Related Precursor Neoplasms	Acute Myeloid Leukaemia (AML) and Related Precursor Neoplasms	AdmixedBlack	No	False	No	No	True			No	No	No	No	1	Male	
aml_ohsu_2018	aml_ohsu_2018_1820	aml_ohsu_2018_14-00739	39		Leukemia	AML, NOS	No	Negative	0.97	4	5+2 (Cytarabine, Idarubicin)|7+3 (Cytarabine, Idarubicin)|MEC (Cytarabine, Etoposide, Mitoxantrone)|Methotrexate	3	Induction | CNS | Re-induction	2	Standard Chemotherapy | Intrathecal	MEC (Cytarabine, Etoposide, Mitoxantrone)	Re-induction	MLL: 80% of cells had a split signal pattern consistent with the disruption of MLL due to the t(6;11).		Yes	6	Adverse	Adverse	Yes	Yes		Negative	None	Initial Acute Leukemia Diagnosis	31.1	10.7	Negative	Negative	Refractory	Negative	46,XY,t(6;11)(q27;q23)[20]	0	Negative	Negative		98.4	4	Standard Chemotherapy	2	Negative	Negative	AMLNOS	3	19	14	0		0	0	28.3	17.7	3.5	0	31	WES + RNA-seq	Yes	Yes	Bone Marrow Aspirate	Denovo	Matched	Acute myeloid leukaemia, NOS	Acute myeloid leukaemia, NOS		0.066666667	6.2	Negative	Standard Chemotherapy	21.12	Yes	39.0	Dead-Disease	1	Yes	Acute Myeloid Leukaemia (AML) and Related Precursor Neoplasms	Acute Myeloid Leukaemia (AML) and Related Precursor Neoplasms	White	No	False	No	No	False	7.11	1:DECEASED	No	No	No	No	1	Male	Standard Chemotherapy|Intrathecal
aml_ohsu_2018	aml_ohsu_2018_1011	aml_ohsu_2018_13-00098	64	76	Leukemia	AML with Mutated NPM1	No		0.48	3	7+3 (Cytarabine, Idarubicin)|HiDAC|MEC (Cytarabine, Etoposide, Mitoxantrone)	2	Consolidation | Induction	1	Standard Chemotherapy	MEC (Cytarabine, Etoposide, Mitoxantrone)	Induction	nuc ish(D5S721,D5S23,EGR1)x2[200],(D7Z1,D7S522)x2[199],(D8Z2,D20S108)x2[200],(RUNX1T1,RUNX1)x2[200],		Yes	7	Not Enough Information	Favorable	Yes	Yes		Negative	None	Initial Acute Leukemia Diagnosis	32.6	10.9			Complete Response		46,XX[14]	0			184		5	Standard Chemotherapy	23	Positive		AMLNPM1	3.6	22	20	1.4	0	0.1		94.3	1.5	2.7		32	WES + RNA-seq	Yes	Yes	Bone Marrow Aspirate	Denovo	Matched	AML with mutated NPM1	AML with mutated NPM1	CD4(few +), CD7(-), CD11b(-), CD13(-), CD14(-), CD15(partial +), CD16(-), CD34(-), CD36(-), CD38(+), CD45(+), CD56(few +), CD64(-), CD117(partial +), HLA-DR(-), MPO(+) and TdT (+)	1.233333333	7.5		Standard Chemotherapy	1.5	Yes	64.0		2	Yes	Acute Myeloid Leukaemia (AML) and Related Precursor Neoplasms	Acute Myeloid Leukaemia (AML) and Related Precursor Neoplasms	Black	No	False	No	No	False			No	No	No	No	1	Female	Standard Chemotherapy
aml_ohsu_2018	aml_ohsu_2018_2147	aml_ohsu_2018_15-00464	71		Leukemia	AML, NOS	No		1.18	1	Azacitidine	1	Hypomethylating/Low Dose Cytarabine	1	Supportive/Palliative Care	Azacitidine	Hypomethylating/Low Dose Cytarabine	nuc ish(D5S2064,D5S630,EGR1)x4[32/200],(D7Z1,D7S522)x4[17/200],(D8Z2, D20S108)x4[27/200],(RUNX1T1,RUNX1)x4[32/200],(5'MLL,3'MLL)x4(5'MLL con 3'MLLx4)[21/200],(PML,RARA)x4 [34/200],(5'CBFB,3'CBFB)x4(5'CBFB con 3'CBFBx4)[35/200]		Yes		Intermediate-II	Adverse	Yes	Yes		Negative	None	Initial Acute Leukemia Diagnosis	29.3	9.8	Negative	Negative			46,XY,inv(4)(p14p16.1)[3]/46,XY[16]	-3			194		-1	Supportive/Palliative Care	32	Negative		AMLNOS	4.2	28	27	0.9		2.8						73	WES + RNA-seq	Yes	Yes	Bone Marrow Aspirate	Denovo	Matched	Acute myeloid leukaemia, NOS	Acute myeloid leukaemia, NOS		1.833333333	7.1				Yes	71.0	Dead-Unknown	2	No	Acute Myeloid Leukaemia (AML) and Related Precursor Neoplasms	Acute Myeloid Leukaemia (AML) and Related Precursor Neoplasms	White	No	False	No	No	False	9.47	1:DECEASED	No	No	No	No	1	Male	Supportive/Palliative Care
aml_ohsu_2018	aml_ohsu_2018_1196	aml_ohsu_2018_13-00424	77		Leukemia	AML with Myelodysplasia-Related Changes	No	Negative		1	Azacitidine, Lenalidomide	1	Induction	1	Standard Chemotherapy	Azacitidine, Lenalidomide	Induction		Negative	No	-1	Not Enough Information	Adverse	No	Yes		Negative	None	Initial Acute Leukemia Diagnosis			Negative	Negative	Refractory		46,XY,del(9)(q13q34)[3]/46,XY[14]	-6	Negative	Negative			-1	Standard Chemotherapy	20	Negative	Negative	AMLMRC													WES	No	No	Peripheral Blood	Denovo	Matched	AML with myelodysplasia-related changes	AML with myelodysplasia-related changes		1.066666667		Positive	Standard Chemotherapy		Yes	77.0	Dead-Other	4	Yes	Acute Myeloid Leukaemia (AML) and Related Precursor Neoplasms	Acute Myeloid Leukaemia (AML) and Related Precursor Neoplasms	White	No	False	No	No	False	0.76	1:DECEASED	No	No	No	No	1	Male	Standard Chemotherapy
aml_ohsu_2018	aml_ohsu_2018_1283	aml_ohsu_2018_13-00540	55		Leukemia	APL with PML-RARA	No			1	ATRA, Arsenic Trioxide	1	Induction	1	Standard Chemotherapy	ATRA, Arsenic Trioxide	Induction	PML-RARA+ 0.70743		No	-1	Not Enough Information	Favorable	No	Yes		Negative	Unknown	Initial Acute Leukemia Diagnosis					Complete Response			0					-1	Standard Chemotherapy	19	Negative		APLPMLRARA					54								WES	No	No	Peripheral Blood	Denovo	Matched	Acute promyelocytic leukaemia with t(15;17)(q22;q12); PML-RARA	Acute promyelocytic leukaemia with t(15;17)(q22;q12); PML-RARA	Large population of atypical CD117 positive, bright myeloperoxidase positive, CD34 negative, HLA-DR negative immature myeloid cells, representing approximately 90% of the leukocytes.	1.2			Standard Chemotherapy	1.04	Yes	55.0		3	Yes	Acute Myeloid Leukaemia (AML) and Related Precursor Neoplasms	Acute Myeloid Leukaemia (AML) and Related Precursor Neoplasms	White	No	False	No	No	False			No	No	No	No	1	Male	Standard Chemotherapy
aml_ohsu_2018	aml_ohsu_2018_1046	aml_ohsu_2018_13-00146	7	85	Leukemia	AML with t(8;21)(q22;q22.1);RUNX1-RUNX1T1	No	Negative	0.41	1	COG-AAML1031 (IT/IV Cytarabine, Daunorubicin, Etoposide, Mitoxantrone +/- Bortezomib or Sorafenib)	2	Induction | Re-induction	1	Standard Chemotherapy	COG-AAML1031 (IT/IV Cytarabine, Daunorubicin, Etoposide, Mitoxantrone +/- Bortezomib or Sorafenib)	Re-induction	AML/ETO fusion, t(8;21)	Negative	Yes	9	Favorable	Favorable	Yes	No		Negative	RUNX1-RUNX1T1	Initial Acute Leukemia Diagnosis	27.7	9.4	Negative		Complete Response	Negative	46,XX,t(8;21)(q22;q22)[19]/46,XX[1]	0		Negative	747	90.5	-1	Standard Chemotherapy		Negative	Negative	AMLRUNX1RUNX1T1	3.9	18	19	0	30	0		42	0	27		71	RNA-seq	Yes	Yes	Bone Marrow Aspirate	Denovo	Matched	AML with t(8;21)(q22;q22); RUNX1-RUNX1T1	AML with t(8;21)(q22;q22); RUNX1-RUNX1T1	CD13, CD33, CD34, CD56, CD71, CD117, HLA-DR, MPO-positive		7.3	Negative	Standard Chemotherapy	4.8	No	7.0	Dead-Other	1	Yes	Acute Myeloid Leukaemia (AML) and Related Precursor Neoplasms	Acute Myeloid Leukaemia (AML) and Related Precursor Neoplasms	White	No	False	No	No	False	5.2	1:DECEASED	No	No	No	No	1	Female	Standard Chemotherapy
aml_ohsu_2018	aml_ohsu_2018_2521	aml_ohsu_2018_16-00113	85	2	Leukemia	Myeloid Sarcoma	No	Negative	1.2	0		0		0		NONE	NONE	Normal	Negative	Yes		Intermediate-I	Intermediate	Yes	Yes		Negative	None	Initial Acute Leukemia Diagnosis	48.8	16.1	Negative	Negative		Negative	46,XY[20]	0	Negative	Negative				NONE	5	Negative	Negative	MS	3.7	4	8	1.5		24		11.5	8	55		141	WES + RNA-seq	Yes	Yes	Bone Marrow Aspirate		Unmatched	Myeloid sarcoma	Myeloid sarcoma		0.3	6.3	Negative		11.4	Yes	85.0		5	No	Acute Myeloid Leukaemia (AML) and Related Precursor Neoplasms	Acute Myeloid Leukaemia (AML) and Related Precursor Neoplasms	White	No	False	No	No	False			No	No	No	No	1	Male	
aml_ohsu_2018	aml_ohsu_2018_1813	aml_ohsu_2018_14-00720	74	17	Leukemia	Therapy-Related Myeloid Neoplasms	No		0.64	3	Crenolanib|HAM (Mitoxantrone, Cytarabine) plus Crenolanib|Azacitidine, Pracinostat	2	Induction | Maintenance	2	Standard Chemotherapy | Targeted Therapy - Other	Crenolanib	Maintenance	DEK-NUP214 fusion; MAF unavailable	F827fs*4; MAF 35%	No	-1	Adverse	Adverse	No	Yes		Positive	DEK-NUP214	Initial Acute Leukemia Diagnosis	25.4	8.8	Negative	Negative	Complete Response		46,XY,t(6;9)(p23;q34)[18]/46,XY[2].	0			162	119.8	433	Targeted Therapy - Other	15	Negative		TMN	4.2	19	18		0			40		60		60	WES	No	No	Bone Marrow Aspirate		Matched	Therapy-related myeloid neoplasms	Therapy-related myeloid neoplasms	CD2(-), CD4(-), CD7(-), CD11b(-), CD13(+), CD14(-), CD15(partial dim +), CD16(-), CD33(bright +), CD34 (partial +), CD36(equivocal), CD38(variably +), CD45(+), CD56(-), CD64(partial dim +), CD117(+), HLA-DR(partial +), TdT (-), MPO(-).	0.666666667	6.5		Standard Chemotherapy	2	Yes	74.0	Dead-Disease	2	Yes	Acute Myeloid Leukaemia (AML) and Related Precursor Neoplasms	Acute Myeloid Leukaemia (AML) and Related Precursor Neoplasms	White	No	False	No	No	False	32.99	1:DECEASED	No	No	No	Yes	1	Male	Standard Chemotherapy|Targeted Therapy - Other
aml_ohsu_2018	aml_ohsu_2018_1113	aml_ohsu_2018_13-00253	42	70	Leukemia	AML with Biallelic Mutations of CEBPA	No	p.V119?M120insV; MAF 30%	0.81	2	7+3 (Cytarabine, Idarubicin)|MEC (Cytarabine, Etoposide, Mitoxantrone)	2	Induction | Re-induction	1	Standard Chemotherapy	MEC (Cytarabine, Etoposide, Mitoxantrone)	Re-induction	Extra signals were observed for BCR (22q11.2), PML (15q22), MLL (11q23),     RUNX1T1 (8q21.3) and RUNX1 (21q22) in roughly 45-60% of interphase cells.     These results suggest the presence of a hyperdiploid clone.	Negative	No	6	Not Enough Information	Intermediate	No	Yes	M7	Negative	Unknown	Initial Acute Leukemia Diagnosis	34.8	12	Negative	Negative	Refractory	Negative		0	Negative	Negative	762	85.2	4	Standard Chemotherapy	11	Negative	Negative	AMLCEBPA	3.5	36	28	0	9	0		43	6	38		13	WES + RNA-seq	Yes	Yes	Peripheral Blood	Denovo	Matched	AML with mutated CEBPA	AML with mutated CEBPA	CD7, CD13, CD33, CD58, partial CD61, CD71, and Factor 8 positive	0.666666667	6.8	Negative	Standard Chemotherapy	7.9	Yes	42.0	Dead-Disease	1	Yes	Acute Myeloid Leukaemia (AML) and Related Precursor Neoplasms	Acute Myeloid Leukaemia (AML) and Related Precursor Neoplasms	White	No	False	No	No	False	8.98	1:DECEASED	No	No	No	No	1	Female	Standard Chemotherapy
aml_ohsu_2018	aml_ohsu_2018_1103	aml_ohsu_2018_13-00236	5		Leukemia	AML with Myelodysplasia-Related Changes	No		0.49	5	Cyclophosphamide, Fludarabine, TBI|FLAG (Fludarabine, High-dose Cytarabine, G-CSF)|COG-AAML0531 (Cytarabine, Daunorubicin, Etoposide, L-Asparaginase, Mitoxantrone +/- Gemtuzumab)|Treo/Flu/TBI (Treosulfan, Fludarabine, Total Body Irradiation)|COG-AAML07P1 	3	Induction | Re-induction | Allogeneic - Matched Unrelated Donor	2	Standard Chemotherapy | Bone Marrow Transplant	Treo/Flu/TBI (Treosulfan, Fludarabine, Total Body Irradiation)	Allogeneic - Matched Unrelated Donor			Yes	153	Adverse	Adverse	Yes	Yes	M5	Negative	None	Residual Disease|Post-Transplant|Post-Chemotherapy	27.8	9.4			Complete Response		46,X,del(X)(q24),del(3)(q23q27),t(4;7)(q12;p15),add(5)(p13),+6,del(6)(q13q23),+8,del(8)(q22),-9,add(9)(q34.1),t(10;11)(p12;q23)inv(11)(q13q23),-20[cp12]/46,XX[8]	-10				96.9	-1	Bone Marrow Transplant	1	Negative		AMLMRC	3.3	20	34	0		2		67	6	25		106	WES	No	No	Peripheral Blood		Unmatched	AML with myelodysplasia-related changes	AML with myelodysplasia-related changes		0.033333333	6.9		Standard Chemotherapy	1.5	Yes	2.0	Alive	1	Yes	Acute Myeloid Leukaemia (AML) and Related Precursor Neoplasms	Acute Myeloid Leukaemia (AML) and Related Precursor Neoplasms	White	No	False	No	No	False	65.56	0:LIVING	No	No	No	No	1	Female	Standard Chemotherapy|Bone Marrow Transplant
aml_ohsu_2018	aml_ohsu_2018_1394	aml_ohsu_2018_13-00654	62	93	Leukemia	AML with Recurrent Genetic Abnormalities	No	Negative		5	7+3 (Cytarabine, Idarubicin)|Fludarabine, TBI|MiDAC|FATE Trial RIC (Fludarabine, Melphalan, Rabbit ATG) |ODSH (2 O, 3-O Desulfated Heparin)	3	Consolidation | Induction | Allogeneic - Matched Unrelated Donor	2	Standard Chemotherapy | Bone Marrow Transplant	Fludarabine, TBI	Allogeneic - Matched Unrelated Donor	8q22 (RUNX1T1): gain present  11q23 (MLL): rearrangement present		No	-1	Intermediate-II	Intermediate	No	Yes	M5a	Negative	MLLT3-KMT2A	Initial Acute Leukemia Diagnosis					Complete Response		47,XY,+8,t(9;11)(p21;q23)[9]/46,XY[11]	-1	Negative				-1	Bone Marrow Transplant	14	Negative		AMLRGA					58								WES	No	No	Bone Marrow Aspirate		Matched	AML with t(9;11)(p22;q23); MLLT3-MLL	AML with t(9;11)(p22;q23); MLLT3-MLL	Large population of promonocytes/monoblasts that represent approximately 88% of the leukocytes, consider acute monoblastic leukemia.	0.833333333			Standard Chemotherapy	14.66	Yes	62.0	Dead-Disease	3	Yes	Acute Myeloid Leukaemia (AML) and Related Precursor Neoplasms	Acute Myeloid Leukaemia (AML) and Related Precursor Neoplasms	White	No	False	No	No	False	32.2	1:DECEASED	No	No	No	No	2	Male	Standard Chemotherapy|Bone Marrow Transplant
aml_ohsu_2018	aml_ohsu_2018_2016	aml_ohsu_2018_15-00201	71	65	Leukemia	AML with Mutated NPM1	No	Negative		2	Azacitidine|Venetoclax (ABT-199), Azacitidine	2	Induction | Experimental	2	Standard Chemotherapy | Targeted Therapy - Other	Venetoclax (ABT-199), Azacitidine	Experimental			No	-1	Not Enough Information	Favorable	No	No		Negative	None	Initial Acute Leukemia Diagnosis			p.A1312V; MAF 32.1%	Negative	Complete Response	Negative	46,XX[20]	0	Negative				115	Targeted Therapy - Other		Positive		AMLNPM1												96	RNA-seq	Yes	Yes	Peripheral Blood	Denovo	Matched	AML with mutated NPM1	AML with mutated NPM1	positive for CD33, CD13, CD117, and myeloperoxidase; negative for CD34 and HLA-DR				Standard Chemotherapy	1.6	No	71.0	Alive	5	Yes	Acute Myeloid Leukaemia (AML) and Related Precursor Neoplasms	Acute Myeloid Leukaemia (AML) and Related Precursor Neoplasms	White	No	False	No	No	False	28.55	0:LIVING	No	No	No	No	2	Female	Standard Chemotherapy|Targeted Therapy - Other
aml_ohsu_2018	aml_ohsu_2018_1604	aml_ohsu_2018_14-00359	58		Leukemia	AML with inv(16)(p13.1q22) or t(16;16)(p13.1;q22);CBFB-MYH11	No			3	7+3 (Cytarabine, Idarubicin)|HiDAC|ODSH (2 O, 3-O Desulfated Heparin)	2	Consolidation | Induction	1	Standard Chemotherapy	HiDAC	Consolidation	8q22 (RUNX1T1): gain present  16q22 (CBFB): rearrangement present  21q22 (RUNX1): gain or rearrangement present		Yes	5	Favorable	Favorable	Yes	Yes		Negative	CBFB-MYH11	Initial Acute Leukemia Diagnosis					Complete Response		48,XY,+8,inv(16)(p13.1q22),+22[18]/49,sl,+21[2]	-2	Negative				210	Standard Chemotherapy	19	Negative		AMLCBFBMYH11													WES + RNA-seq	Yes	Yes	Peripheral Blood	Denovo	Matched	AML with inv(16)(p13.1q22) or t(16;16)(p13.1;q22); CBFB-MYH11	AML with inv(16)(p13.1q22) or t(16;16)(p13.1;q22); CBFB-MYH11		1.066666667			Standard Chemotherapy		Yes	58.0	Alive	3	Yes	Acute Myeloid Leukaemia (AML) and Related Precursor Neoplasms	Acute Myeloid Leukaemia (AML) and Related Precursor Neoplasms	White	No	False	No	No	False	25.03	0:LIVING	No	No	No	No	2	Male	Standard Chemotherapy
aml_ohsu_2018	aml_ohsu_2018_211	aml_ohsu_2018_11-00090	65	70	Leukemia	AML with Mutated NPM1	No	Negative		5	Fludarabine, Melphalan|7+3 (Cytarabine, Idarubicin)|MiDAC|Quizartinib|Methotrexate	5	Consolidation | Induction | Experimental | CNS | Allogeneic - Matched Unrelated Donor	4	Standard Chemotherapy | Bone Marrow Transplant | Intrathecal | Targeted Therapy - Kinase Inhibitor(s)	Fludarabine, Melphalan	Allogeneic - Matched Unrelated Donor	Normal		No	5	Intermediate-I	Intermediate	Yes	Yes	NOS	Positive	None	Initial Acute Leukemia Diagnosis	25.9	9.1			Complete Response	Negative	46,XX[20]	0	Negative			94.3	-1	Bone Marrow Transplant	5	Positive		AMLNPM1				0	75	0		6	3	8		123	WES	No	No	Peripheral Blood	After or at the time transformation from another heme malignancy	Unmatched	AML with mutated NPM1	AML with mutated NPM1	CD7, CD11b, CD13, CD33, variable CD34, dim CD64, CD117, CD123, HLA-DR and MPO positive	0.233333333			Standard Chemotherapy	51.8	Yes	65.0	Dead-Unknown	1	Yes	Acute Myeloid Leukaemia (AML) and Related Precursor Neoplasms	Acute Myeloid Leukaemia (AML) and Related Precursor Neoplasms	White	Yes	False	No	No	False	12.73	1:DECEASED	Yes	No	No	No	2	Female	Standard Chemotherapy|Bone Marrow Transplant|Intrathecal|Targeted Therapy - Kinase Inhibitor(s)
aml_ohsu_2018	aml_ohsu_2018_2188	aml_ohsu_2018_15-00514	81	50	Leukemia	Therapy-Related Myeloid Neoplasms	No	Negative		2	Azacitidine|Venetoclax (ABT-199)	2	Hypomethylating/Low Dose Cytarabine | Experimental	2	Standard Chemotherapy | Targeted Therapy - Other	Venetoclax (ABT-199)	Experimental	44% loss chromosome 7, 28% trisomy 8, 28% tetrasomy 8,		No		Adverse	Adverse	No	Yes		Negative	None	Initial Acute Leukemia Diagnosis			p.R132C; MAF 16.3%	Negative		Negative	46,XX,-7,+8[7]/47,sl,+8[6]/46,XX[6]	1	Negative				-1	Targeted Therapy - Other	28	Negative		TMN					11							104	WES	No	No	Bone Marrow Aspirate		Matched	Therapy-related myeloid neoplasms	Therapy-related myeloid neoplasms	positive for CD34, CD38, dim CD45, CD117, HLA-DR and MPO	1.666666667				1	Yes	81.0	Alive	5	Yes	Acute Myeloid Leukaemia (AML) and Related Precursor Neoplasms	Acute Myeloid Leukaemia (AML) and Related Precursor Neoplasms	White	No	False	No	No	False	21.41	0:LIVING	No	No	No	No	1	Female	Standard Chemotherapy|Targeted Therapy - Other
aml_ohsu_2018	aml_ohsu_2018_2018	aml_ohsu_2018_15-00208	65	35	Leukemia	AML with Myelodysplasia-Related Changes	No	Negative		3	7+3 (Cytarabine, Idarubicin)|Azacitidine|Clofarabine, Cytarabine	3	Hypomethylating/Low Dose Cytarabine | Induction | Re-induction	1	Standard Chemotherapy	Clofarabine, Cytarabine	Re-induction	FISH assays were positive for loss of 5q31 sequences in 91.5% of cells, and positive for trisomy for 7 centromere with disomy for 7q31 in 54.2% of cells.		No	-1	Adverse	Adverse	No	Yes		Negative	None	Post-Chemotherapy|Residual Relapse			p.G105G; MAF 52.8%	Negative	Complete Response	Negative	46,XX,add(2)(q13),-3,-5,add(6)(q21),del(7)(q22),+11,dic(11;17)(p11.2;p11.2),inv(11)(q13q23),add(12)(p12),add(14)(q22),-17,add(19)(p12),-22,+3mar[1]/45-48,sl,+add(1)(q12),del(7)(q22),+3-5mar[cp8]/47-48,sdl1,+8[cp4]/46,XX[3]	0	Negative				-1	Standard Chemotherapy	10	Negative		AMLMRC					44							51	WES	No	No	Bone Marrow Aspirate		Matched	AML with myelodysplasia-related changes	AML with myelodysplasia-related changes	The myeloblasts were positive for CD34, CD117, CD13, CD33, and HLA-DR. A subset of the myeloblasts showed aberrant expression of CD56.	0.566666667		loss exons 10-11	Standard Chemotherapy	4.7	Yes	65.0	Dead-Disease	5	Yes	Acute Myeloid Leukaemia (AML) and Related Precursor Neoplasms	Acute Myeloid Leukaemia (AML) and Related Precursor Neoplasms	White	No	False	No	No	False	7.83	1:DECEASED	No	No	No	No	1	Female	Standard Chemotherapy
aml_ohsu_2018	aml_ohsu_2018_1533	aml_ohsu_2018_14-00528	58		Leukemia	Therapy-Related Myeloid Neoplasms	No			4	7+3 (Cytarabine, Idarubicin)|HiDAC|Cytarabine|Decitabine, Hydroxyurea	4	Consolidation | Induction | Re-induction | Supportive/Palliative Care	2	Standard Chemotherapy | Supportive/Palliative Care	Decitabine, Hydroxyurea	Supportive/Palliative Care	nuc ish(D5S721,D5S23,EGR1)x2[200],(D7Z1,D7S522)x2[200],(D8Z2,D20S108)x2[200], (5'MLL,3'MLL)x2(5'MLL con 3'MLLx2)[199],(RUNX1T1x3,RUNX1x2)[69/200]/(RUNX1T1x2,RUNX1x3)[7/200],(PML,RARA)x2 [200],(5'CBFB,3'CBFB)x2(5'CBFB con 3'CBFBx2)[200]		Yes	5	Not Enough Information	Adverse	Yes	No		Negative	Complex	Post-Chemotherapy|Relapse	21.4	7.7			Refractory		46~47,XX,t(1;11)(p34;p15),der(8)del(8)(p11.2p23)t(1;8)(q21;q24.3),add(9)(q34),del(9)(q13q22),add(16)(p13.3),+1~2mar[cp11] /47~48,idem,+13[cp2]/47~48,idem,-13,der(21)t(8;21)(q13;p12),+2~3mar[cp6]/46,XX[1]	-111					-1	Supportive/Palliative Care		Negative		TMN	3.7	24	116	0	58	0		14	3	19		10	RNA-seq	Yes	Yes	Peripheral Blood	Relapse	Matched	Therapy-related myeloid neoplasms	Therapy-related myeloid neoplasms	CD2(-), CD4(+), CD7(-), CD11b(partial +), CD13(partial +), CD14(partial +),CD15(variably +), CD16(-), CD33(variably +), CD34(-), CD36(+), CD38(variably +), CD45(variably +), CD56 (variable +), CD64(partial +), CD117(-), HLA-DR(+).		6		Standard Chemotherapy	11.2	No	57.0	Dead-Unknown	2	Yes	Acute Myeloid Leukaemia (AML) and Related Precursor Neoplasms	Acute Myeloid Leukaemia (AML) and Related Precursor Neoplasms	White	No	False	No	No	False	4.54	1:DECEASED	No	No	No	No	2	Female	Standard Chemotherapy|Supportive/Palliative Care
aml_ohsu_2018	aml_ohsu_2018_1666	aml_ohsu_2018_14-00473	62	22	Leukemia	AML with Myelodysplasia-Related Changes	No	Negative	0.78	3	7+3 (Cytarabine, Idarubicin)|HAM (Cytarabine, Mitoxantrone)|MEC (Cytarabine, Etoposide, Mitoxantrone)	2	Salvage | Induction	1	Standard Chemotherapy	HAM (Cytarabine, Mitoxantrone)	Salvage	Trisomy 9	Negative	No	6	Adverse	Adverse	No	Yes		Negative	None	Initial Acute Leukemia Diagnosis	29.5	9.5	Negative	Negative	Complete Response	Negative	59~62,XX,+X,+1,+2,del(5)(q13q34),+6,+8,+8,+9,+11,+11,i(11)(q10),+12,+14,+16,+19,+22,+mar[cp19]/46,XX[1]	0	Negative	Negative	444	101.4	7	Standard Chemotherapy	17	Negative	p.G12D; MAF:11%	AMLMRC	3.2	13	11	6.1	17.4	5.2	16.5	31.3	1.7	21.8	0.2	34	WES + RNA-seq	Yes	Yes	Peripheral Blood	Denovo	Matched	AML with myelodysplasia-related changes	AML with myelodysplasia-related changes	CD13, CD34, CD58 and CD117	1.033333333	7	p.R280T;  MAF 36%	Standard Chemotherapy	10.75	Yes	62.0	Dead-Other	1	Yes	Acute Myeloid Leukaemia (AML) and Related Precursor Neoplasms	Acute Myeloid Leukaemia (AML) and Related Precursor Neoplasms	White	No	False	No	No	False	5.49	1:DECEASED	No	No	No	No	1	Female	Standard Chemotherapy
aml_ohsu_2018	aml_ohsu_2018_1233	aml_ohsu_2018_13-00557	62	17	Leukemia	AML with Myelodysplasia-Related Changes	No		0.3	4	5+2 (Cytarabine, Idarubicin)|7+3 (Cytarabine, Idarubicin)|MEC (Cytarabine, Etoposide, Mitoxantrone)|Decitabine	3	Salvage | Induction | Re-induction	1	Standard Chemotherapy	Decitabine	Salvage	Monosomy 21		Yes	6	Intermediate-II	Adverse	Yes	Yes		Negative	None	Residual Disease	32.4	10.4			Refractory		46~49,XY,-21,+1~4mar[cp20]	0				87.2	126	Standard Chemotherapy	18	Negative		AMLMRC	3.7	34	15		2			32.2		34.2		21	WES + RNA-seq	Yes	Yes	Bone Marrow Aspirate		Matched	AML with myelodysplasia-related changes	AML with myelodysplasia-related changes	CD11b, CD13, CD33, CD34, CD38, CD58, partial CD64, CD117, HLA-DR and partial TdT positive; aberrant monocytic population: CD11b, CD13, CD14, bright CD33, dim CD56, CD64, and HLA-DR positive.	0.966666667	7		Standard Chemotherapy	7.2	Yes	61.0	Dead-Disease	1	Yes	Acute Myeloid Leukaemia (AML) and Related Precursor Neoplasms	Acute Myeloid Leukaemia (AML) and Related Precursor Neoplasms	White	No	False	No	No	False	12.17	1:DECEASED	No	No	No	No	2	Male	Standard Chemotherapy
aml_ohsu_2018	aml_ohsu_2018_1689	aml_ohsu_2018_14-00499	68	42	Leukemia	Acute Undifferentiated Leukemia	No	Negative	1.27	4	HyperCVAD Course B (Cytarabine, Methotrexate)|EWALL Protocol|Bu/Cy/TBI|HyperCVAD Course A (Cyclophosphamide, Dexamethasone, Doxorubicin, Vincristine)	3	Consolidation | Induction | Allogeneic - Matched Unrelated Donor	3	Standard Chemotherapy | Bone Marrow Transplant | Intrathecal	Bu/Cy/TBI	Allogeneic - Matched Unrelated Donor	c/w karyotype	Negative	No	3	Intermediate-I	Adverse	No	Yes		Negative	None	Initial Acute Leukemia Diagnosis	32.5	11.2	Negative	Negative	Complete Response	Negative	46,XY[20]	0	Negative	Negative	170	100.9	-1	Bone Marrow Transplant	20	Negative	p.G12S; MAF: 15%	AUL	3.5	23	20	1	43.8	0.9	0	26.7	5.7	20.9	0	57	WES	No	No	Bone Marrow Aspirate	Denovo	Matched	Acute undifferentiated leukaemia	Acute undifferentiated leukaemia	partial CD7, partial CD10, dimCD13, CD34, partial CD117, dim TdT positive	1.233333333	6.3	Negative	Standard Chemotherapy	2.22	Yes	68.0	Dead-Other	1	Yes	Acute Leukaemias of Ambiguous Lineage	Acute Leukaemias of Ambiguous Lineage	White	No	False	No	No	False	12.66	1:DECEASED	No	No	No	No	1	Male	Standard Chemotherapy|Bone Marrow Transplant|Intrathecal
aml_ohsu_2018	aml_ohsu_2018_1184	aml_ohsu_2018_13-00393	52	21	Leukemia	AML with Myelodysplasia-Related Changes	No		0.89	5	7+3 (Cytarabine, Idarubicin)|HiDAC|AG-221|HAM (Mitoxantrone, Cytarabine) plus Crenolanib|Fludarabine, Melphalan, ATG	5	Consolidation | Salvage | Induction | Experimental | Allogeneic - Matched Unrelated Donor	3	Standard Chemotherapy | Bone Marrow Transplant | Targeted Therapy - Other	Fludarabine, Melphalan, ATG	Allogeneic - Matched Unrelated Donor	nuc ish(RUNX1T1x4,RUNX1x3)[33/200],(5'MLL,3'MLL)x4(5'MLL con 3'MLLx4)[41/200],(PMLx4,RARAx3~4)[31/200],(5'CBFB,3'CBFB)x4(5'CBFB con 3'CBFBx4)[27/200]		Yes	15	Adverse	Adverse	Yes	Yes		Negative	None	Initial Acute Leukemia Diagnosis	28.3	8.5			Refractory		89<4n>,XXY,-Y,-7,-12,+13,+13,-17,-21[2]/46,XY[18]	0			183		-1	Bone Marrow Transplant	17	Negative		AMLMRC	3.6	17	23		5			68	4	23		22	WES + RNA-seq	Yes	Yes	Bone Marrow Aspirate	Denovo	Matched	AML with myelodysplasia-related changes	AML with myelodysplasia-related changes	partialCD4, partialCD15, dimCD33, CD34, CD38, dimCD45, CD117, HLA-DR, TdT, MPO	0.9	7.5		Standard Chemotherapy	3.42	Yes	52.0	Dead-Disease	2	Yes	Acute Myeloid Leukaemia (AML) and Related Precursor Neoplasms	Acute Myeloid Leukaemia (AML) and Related Precursor Neoplasms	HispNative	No	False	No	No	False	40.69	1:DECEASED	No	No	No	No	2	Male	Standard Chemotherapy|Bone Marrow Transplant|Targeted Therapy - Other
aml_ohsu_2018	aml_ohsu_2018_1814	aml_ohsu_2018_14-00815	32	2	Leukemia	AML, NOS	No			3	Bu/Cy/ATG|7+3 (Cytarabine, Idarubicin)|MEC (Cytarabine, Etoposide, Mitoxantrone)	3	Induction | Re-induction | Allogeneic - Matched Unrelated Donor	2	Standard Chemotherapy | Bone Marrow Transplant	Bu/Cy/ATG	Allogeneic - Matched Unrelated Donor	nuc ish(D8Z2x3,D20S108x2)[27/200]		Yes	6	Intermediate-II	Intermediate	Yes	No		Negative	None	Post-Chemotherapy	23.2	7.7			Refractory		47,XX,+8[3]/46,XX[17].	-7			130	89.9	-1	Bone Marrow Transplant		Negative		AMLNOS				0	0	0			44	56		113	RNA-seq	Yes	Yes	Bone Marrow Aspirate		Matched	Acute myeloid leukaemia, NOS	Acute myeloid leukaemia, NOS					Standard Chemotherapy	0.9	No	32.0	Alive	2	Yes	Acute Myeloid Leukaemia (AML) and Related Precursor Neoplasms	Acute Myeloid Leukaemia (AML) and Related Precursor Neoplasms	White	No	False	No	No	False	27.4	0:LIVING	No	No	No	No	2	Female	Standard Chemotherapy|Bone Marrow Transplant
aml_ohsu_2018	aml_ohsu_2018_2214	aml_ohsu_2018_15-00578	62	95	Leukemia	AML with Myelodysplasia-Related Changes	No	Negative	0.78	4	3+7 (Cytarabine, Daunorubicin)|MiDAC|Hydroxyurea|Fludarabine, Melphalan, TBI, ATG	4	Hypomethylating/Low Dose Cytarabine | Consolidation | Induction | Allogeneic - Child	3	Standard Chemotherapy | Bone Marrow Transplant | Other	Fludarabine, Melphalan, TBI, ATG	Allogeneic - Child	MLL: 85%  The t(1;11) with these breakpoints in not common, but has been associated with monoblastic leukemia	Negative	Yes	7	Adverse	Adverse	Yes	Yes	M5	Negative	None	Initial Acute Leukemia Diagnosis	27.4	9.1	Negative	Negative	Complete Response	Negative	46,XX,t(1;11)(p36.1;q23),add(9)(p22)[13]/46,sl,del(2)(p21p23),del(20)(q11.2-13.1)[4]/46,sl,add(12)(p11.2)[2]	0	Negative	Negative	861	93.2	-1	Bone Marrow Transplant	4	Negative	p.G12S; MAF 19%	AMLMRC	3.3	54	57	0	67.25	0	0	9.5	23.3	0	0.1	26	WES + RNA-seq	Yes	Yes	Bone Marrow Aspirate	Denovo	Unmatched	AML with myelodysplasia-related changes	AML with myelodysplasia-related changes	CD4, partial CD11b, CD15, CD33, CD38, moderate CD45, partial CD56, CD64, CD123, partial CD117, and HLA-DR	0.233333333	6.8	Negative	Standard Chemotherapy	87.72	Yes	62.0	Alive	1	Yes	Acute Myeloid Leukaemia (AML) and Related Precursor Neoplasms	Acute Myeloid Leukaemia (AML) and Related Precursor Neoplasms	White	No	False	No	No	False	0.89	0:LIVING	No	No	No	No	1	Female	Standard Chemotherapy|Bone Marrow Transplant|Other
aml_ohsu_2018	aml_ohsu_2018_1527	aml_ohsu_2018_14-00212	47	10	Myelodysplastic/Myeloproliferative Neoplasms	Atypical Chronic Myeloid Leukemia, BCR-ABL1-	No	Negative		0		0		0		NONE	NONE	Missing MLL signal		Yes			Intermediate	Yes	Yes		Negative	None	Residual Disease						Negative	47,XX,+8,del(11)(q23)[18]	0	Negative		283			NONE	12	Negative		ACML					17								WES	No	No	Peripheral Blood		Matched	Atypical chronic myeloid leukaemia, BCR-ABL1 negative	Atypical chronic myeloid leukaemia, BCR-ABL1 negative	CD13, CD33, CD34, CD38, CD58, CD117, CD123, and partial HLA-DR	0.766666667				31.85	Yes	47.0	Alive	1	No	Myelodysplastic/Myeloproliferative Neoplasms	Myelodysplastic/Myeloproliferative Neoplasms	HispNative	No	True	No	No	False		0:LIVING	No	Yes	No	No	1	Female	
aml_ohsu_2018	aml_ohsu_2018_1727	aml_ohsu_2018_14-00803	46		Leukemia	AML with Myelodysplasia-Related Changes	No	Negative	0.57	5	GCLAM (G-CSF, Cladribine, Cytarabine, and Mitoxantrone) |7+3 (Cytarabine, Idarubicin)|Azacitidine|MEC (Cytarabine, Etoposide, Mitoxantrone)|Decitabine	4	Hypomethylating/Low Dose Cytarabine | Salvage | Induction | Maintenance	2	Standard Chemotherapy | Supportive/Palliative Care	GCLAM (G-CSF, Cladribine, Cytarabine, and Mitoxantrone)	Salvage		Negative	Yes	6	Intermediate-II	Adverse	Yes	Yes		Negative	None	Post-Chemotherapy|Residual Disease	25.1	8.5	Negative	Negative	Refractory	Negative	47,XY,der(7)t(1;7)(q10;p10)+8[20]	-2	Negative	Negative	295	93	4	Standard Chemotherapy	19	Negative	Negative	AMLMRC	3.4	25	12	0		0	0	7.9	76.3	11.4	0	27	WES	No	No	Peripheral Blood	After or at the time transformation from another heme malignancy	Matched	AML with myelodysplasia-related changes	AML with myelodysplasia-related changes		1	6.5	Negative	Standard Chemotherapy	12.25	Yes	45.0	Dead-Disease	1	Yes	Acute Myeloid Leukaemia (AML) and Related Precursor Neoplasms	Acute Myeloid Leukaemia (AML) and Related Precursor Neoplasms	HispNative	Yes	False	No	No	False	8.52	1:DECEASED	Yes	No	No	No	3	Male	Standard Chemotherapy|Supportive/Palliative Care
aml_ohsu_2018	aml_ohsu_2018_2087	aml_ohsu_2018_15-00279	48	86	Leukemia	AML with Mutated NPM1	No	Negative		4	7+3 (Cytarabine, Idarubicin)|HiDAC|Cytarabine|TBI, VP-16	4	Consolidation | Induction | CNS | Allogeneic - Matched Unrelated Donor	3	Standard Chemotherapy | Bone Marrow Transplant | Intrathecal	TBI, VP-16	Allogeneic - Matched Unrelated Donor		p.Arg882Cys; MAF 47.1%	Yes	-1	Intermediate-I	Intermediate	Yes	Yes	M5b	Positive	None	Initial Acute Leukemia Diagnosis			Negative	Negative	Complete Response	Negative	46,XX	0	Negative	Negative			-1	Bone Marrow Transplant	3	Positive	Negative	AMLNPM1					77								WES + RNA-seq	Yes	Yes	Peripheral Blood	Denovo	Unmatched	AML with mutated NPM1	AML with mutated NPM1	Large population of atypical monocytic cells (weaker than  normal CD33, partial loss of CD13) including  promonocytes/monoblasts representing approximately 50% of  the leukocytes suggestive of acute monoblastic or monocytic  leukemia.	0.133333333		Negative	Standard Chemotherapy	81	Yes	48.0	Alive	3	Yes	Acute Myeloid Leukaemia (AML) and Related Precursor Neoplasms	Acute Myeloid Leukaemia (AML) and Related Precursor Neoplasms	White	No	False	No	No	False	14.31	0:LIVING	No	No	No	No	1	Female	Standard Chemotherapy|Bone Marrow Transplant|Intrathecal
aml_ohsu_2018	aml_ohsu_2018_1665	aml_ohsu_2018_14-00454	66	96	Leukemia	AML, NOS	No	Negative		8	HiDAC|AG-221|Gilteritinib (ASP2215)|3+7 (Cytarabine, Daunorubicin)|MEC (Cytarabine, Etoposide, Mitoxantrone)|Decitabine|MEC, Lenalidomide|Clofarabine, Cytarabine	5	Hypomethylating/Low Dose Cytarabine | Consolidation | Induction | Experimental | Re-induction	3	Standard Chemotherapy | Targeted Therapy - Kinase Inhibitor(s) | Targeted Therapy - Other	AG-221	Experimental			No	-1	Not Enough Information	Adverse	No	Yes		Negative	None	Post-Chemotherapy|Residual Relapse			Negative		Complete Response		46,XY,t(4;15)(q31;q22),add(12)(p11~12)[cp7]/46~51,XY,del(7)(q11.2q36),add(12)(p11~12),add(20)(q11.2)[cp5]/46,XY,?inv(8)(p21q22)[cp7]/46,XY[cp2]	0	Negative	Negative			-1	Targeted Therapy - Other	13	Negative	Negative	AMLNOS					85				5				WES + RNA-seq	Yes	Yes	Peripheral Blood		Matched	Acute myeloid leukaemia, NOS	Acute myeloid leukaemia, NOS	CD38, CD33; WITH PARTIAL CD34, CD56, CD13, CD11C, CD2 AND CD15/CD117	0.733333333		Negative	Standard Chemotherapy	0.1	Yes	65.0	Dead-Disease	4	Yes	Acute Myeloid Leukaemia (AML) and Related Precursor Neoplasms	Acute Myeloid Leukaemia (AML) and Related Precursor Neoplasms	White	No	False	No	No	False	12.99	1:DECEASED	No	No	No	No	1	Male	Standard Chemotherapy|Targeted Therapy - Kinase Inhibitor(s)|Targeted Therapy - Other
aml_ohsu_2018	aml_ohsu_2018_2024	aml_ohsu_2018_15-00229	25		Leukemia	APL with PML-RARA	No	Negative	0.9	1	APML4 Protocol (ATRA, Arsenic Trioxide, Idarubicin)	1	Induction	1	Standard Chemotherapy	APML4 Protocol (ATRA, Arsenic Trioxide, Idarubicin)	Induction	FISH c/w PML/RARA fusion	Negative	No	28	Adverse	Favorable	No	No	M3	Positive	PML-RARA	Initial Acute Leukemia Diagnosis	21.3	7.7	Negative	Negative	Complete Response	Negative	46,XY,t(4;15;17)(q21;q22;q21),add(12)(p12)[1]/46,idem,t(5;22)(q11.2;q11.2)[18]/46,XY[1]	0	Negative	Negative	921	92.2	28	Standard Chemotherapy		Negative	Negative	APLPMLRARA	3.2	25	50	0		0	0	22.3	0	0.9	0.7	16	RNA-seq	Yes	Yes	Bone Marrow Aspirate	Denovo	Matched	Acute promyelocytic leukaemia with t(15;17)(q22;q12); PML-RARA	Acute promyelocytic leukaemia with t(15;17)(q22;q12); PML-RARA			6.8	Negative	Standard Chemotherapy	18.25	No	25.0	Alive	1	Yes	Acute Myeloid Leukaemia (AML) and Related Precursor Neoplasms	Acute Myeloid Leukaemia (AML) and Related Precursor Neoplasms	White	No	False	No	No	False	0.92	0:LIVING	No	No	No	No	1	Male	Standard Chemotherapy
aml_ohsu_2018	aml_ohsu_2018_2320	aml_ohsu_2018_15-00782	61	45	Leukemia	AML, NOS	No			2	7+3 (Cytarabine, Idarubicin)|MEC (Cytarabine, Etoposide, Mitoxantrone)	2	Induction | Re-induction	1	Standard Chemotherapy	MEC (Cytarabine, Etoposide, Mitoxantrone)	Re-induction	nuc ish(D5S2064,D5S630,EGR1)x2[200],(D7Z1,D7S522)x2[200],(D8Z2,D20S108)x2[200],(RUNX1T1, RUNX1)x2[200],(5'MLL,3'MLL)x2(5'MLL con 3'MLLx2)[200],(PML,RARA)x2[200],(5'CBFB,3'CBFB)x2(5'CBFB con 3'CBFBx2)[199]		No	-1	Not Enough Information	Adverse	No	Yes		Negative	None	Initial Acute Leukemia Diagnosis	22.7	7.6	R132C; MAF 42%	Negative	Complete Response		46,XY[19]	0					-1	Standard Chemotherapy	25	Negative		AMLNOS	3.8	12	15	0	48	2		69	4	2		27	WES + RNA-seq	Yes	Yes	Bone Marrow Aspirate	Denovo	Matched	Acute myeloid leukaemia, NOS	Acute myeloid leukaemia, NOS	CD2(-), CD4(-), CD7(subset +), CD11b(-), CD13(+), CD14(-), CD15(partial dim +), CD16(-), CD33(-), CD34(+), CD36(-), CD38(variably +), CD45(moderately +), CD56(-), CD64(-), CD117(+), HLA-DR(+).	1.2	6.8		Standard Chemotherapy	1.39	Yes	61.0		2	Yes	Acute Myeloid Leukaemia (AML) and Related Precursor Neoplasms	Acute Myeloid Leukaemia (AML) and Related Precursor Neoplasms	White	No	False	No	No	False			No	No	No	No	1	Male	Standard Chemotherapy
aml_ohsu_2018	aml_ohsu_2018_967	aml_ohsu_2018_13-00160	73		Leukemia	AML with Myelodysplasia-Related Changes	No			2	7+3 (Cytarabine, Idarubicin)|Azacitidine	2	Induction | Maintenance	1	Standard Chemotherapy	Azacitidine	Maintenance	Normal		Yes	6	Intermediate-I	Intermediate	Yes	Yes		Negative	None	Post-Chemotherapy					Complete Response		46,XY[19]	-93					-1	Standard Chemotherapy	3	Negative		AMLMRC													WES + RNA-seq	Yes	Yes	Bone Marrow Aspirate	After or at the time transformation from another heme malignancy	Unmatched	AML with myelodysplasia-related changes	AML with myelodysplasia-related changes		0.166666667			Standard Chemotherapy		Yes	70.0	Dead-Unknown	1	Yes	Acute Myeloid Leukaemia (AML) and Related Precursor Neoplasms	Acute Myeloid Leukaemia (AML) and Related Precursor Neoplasms	White	Yes	False	No	No	False	38.32	1:DECEASED	Yes	No	No	No	1	Male	Standard Chemotherapy
aml_ohsu_2018	aml_ohsu_2018_2061	aml_ohsu_2018_15-00281	60	15	Leukemia	AML, NOS	No	Negative	0.56	1	Decitabine	1	Induction	1	Standard Chemotherapy	Decitabine	Induction	Normal		No	8	Intermediate-I	Adverse	No	Yes		Negative	None	Initial Acute Leukemia Diagnosis	22.6	7.1	p.R132C; MAF 34%		Unknown	Negative	46,XY[20]	0		Negative	293	89.3	8	Standard Chemotherapy	14	Negative	Negative	AMLNOS	1.8	46	35	0	3.5	3.5	0	92.2	0	0.8	0	417	WES	No	No	Bone Marrow Aspirate	After or at the time transformation from another heme malignancy	Matched	Acute myeloid leukaemia, NOS	Acute myeloid leukaemia, NOS	partial dim CD7, CD13, dim CD33, CD34, CD38, CD58, CD117,  HLA-Dr and variable MPO	0.733333333	6.5		Standard Chemotherapy	0.94	Yes	60.0	Dead-Unknown	1	Yes	Acute Myeloid Leukaemia (AML) and Related Precursor Neoplasms	Acute Myeloid Leukaemia (AML) and Related Precursor Neoplasms	White	No	False	No	No	False	2.04	1:DECEASED	Yes	No	No	No	1	Male	Standard Chemotherapy
aml_ohsu_2018	aml_ohsu_2018_1855	aml_ohsu_2018_14-00801	61	3	Leukemia	Myeloid Sarcoma	No	Negative	0.94	5	Donor Lymphocyte Infusion|FLAG-IDA (Cytarabine, Filgrastim, Fludarabine, Idarubicin)|Azacitidine|MEC (Cytarabine, Etoposide, Mitoxantrone)|Busulfan, Cyclophosphamide	5	Hypomethylating/Low Dose Cytarabine | Consolidation | Induction | Re-induction | Allogeneic - Matched Unrelated Donor	3	DLI | Standard Chemotherapy | Bone Marrow Transplant	Azacitidine	Hypomethylating/Low Dose Cytarabine	Normal	Negative	Yes	5	Intermediate-I	Intermediate	Yes	Yes		Negative	None	Post-Chemotherapy|Residual Disease|Post-Transplant	42.5	14			Complete Response		46,XY[23]	1	Negative	Negative	753	87.6	269	Standard Chemotherapy		Negative	Negative	MS	3.3	51	76	0.6	0	7.2	0.4	31.8	13	47	0	188	WES	No	Yes	Bone Marrow Aspirate	After or at the time transformation from another heme malignancy	Matched	Myeloid sarcoma	Myeloid sarcoma	maturing myeloid population. Myeloid blasts are about 2%. Monocytes are 6/7% and without antigen aberrancy.Lymphocytes are 10-11%. Mostly T cells and these have a 1:1 CD4:CD8 ratio.There are approximately 20% of lymphocytes as B cells and these are polycl	0	6.9	Negative	Standard Chemotherapy	5.16	Yes	61.0	Alive	1	Yes	Acute Myeloid Leukaemia (AML) and Related Precursor Neoplasms	Acute Myeloid Leukaemia (AML) and Related Precursor Neoplasms	White	Yes	False	Yes	No	False	19.61	0:LIVING	Yes	Yes	No	No	1	Male	DLI|Standard Chemotherapy|Bone Marrow Transplant
aml_ohsu_2018	aml_ohsu_2018_1852	aml_ohsu_2018_14-00798	36	74	Leukemia	AML with inv(16)(p13.1q22) or t(16;16)(p13.1;q22);CBFB-MYH11	No	Negative	0.68	1	7+3 (Cytarabine, Idarubicin)	1	Induction	1	Standard Chemotherapy	7+3 (Cytarabine, Idarubicin)	Induction	CBFB; 76/100 cells (76%) had the abnormal 1 red/ 1 green/1 yellow signal pattern, reflecting CBFB rearrangement.	Negative	Yes	6	Favorable	Favorable	Yes	Yes	M4	Negative	CBFB-MYH11	Initial Acute Leukemia Diagnosis	20.4	7.1	Negative	Negative	Unknown	Negative	46,XX,inv(16)(p13.1q22)[20]	0	Negative	p.G12D; MAF 9%		87.6	6	Standard Chemotherapy	6	Negative	p.G12D; MAF 10%	AMLCBFBMYH11	2.7	45	36	0	82	1.7	1.7	6.7	82.3	3.4	0	12	WES + RNA-seq	Yes	Yes	Bone Marrow Aspirate	Denovo	Matched	AML with inv(16)(p13.1q22) or t(16;16)(p13.1;q22); CBFB-MYH11	AML with inv(16)(p13.1q22) or t(16;16)(p13.1;q22); CBFB-MYH11		0.2	5.8	Negative	Standard Chemotherapy	117.53	Yes	36.0	Dead-Other	1	Yes	Acute Myeloid Leukaemia (AML) and Related Precursor Neoplasms	Acute Myeloid Leukaemia (AML) and Related Precursor Neoplasms	White	No	False	No	No	False	0.49	1:DECEASED	No	No	No	No	1	Female	Standard Chemotherapy
aml_ohsu_2018	aml_ohsu_2018_1374	aml_ohsu_2018_13-00614	67	20	Leukemia	Pure Erythroid Leukemia	No	Negative		3	7+3 (Cytarabine, Idarubicin)|Azacitidine|MiDAC	3	Hypomethylating/Low Dose Cytarabine | Consolidation | Induction	1	Standard Chemotherapy	Azacitidine	Hypomethylating/Low Dose Cytarabine	Normal		No	-1	Not Enough Information	Intermediate	No	Yes		Negative	None	Initial Acute Leukemia Diagnosis					Complete Response		46,XY[20]	0					-1	Standard Chemotherapy	3	Negative		PERL													WES	No	No	Peripheral Blood	Denovo	Matched	Acute erythroid leukaemia	Acute erythroid leukaemia	Atypical myeloblasts (partial CD7+) representing approximately 35% of the total leukocytes. 31% of the leukocytes are lymphocytes, 1% are monocytes, 33% are myeloid cells, and 35% are atypical cells with dim CD45.	0.1			Standard Chemotherapy		Yes	67.0	Dead-Disease	3	Yes	Acute Myeloid Leukaemia (AML) and Related Precursor Neoplasms	Acute Myeloid Leukaemia (AML) and Related Precursor Neoplasms	White	No	False	No	No	False	24.77	1:DECEASED	No	No	No	No	1	Male	Standard Chemotherapy
aml_ohsu_2018	aml_ohsu_2018_2314	aml_ohsu_2018_15-00939	68		Leukemia	AML with Myelodysplasia-Related Changes	No		0.9	1	3+7 (Cytarabine, Daunorubicin)	1	Induction	1	Standard Chemotherapy	3+7 (Cytarabine, Daunorubicin)	Induction	Normal		Yes	7	Not Enough Information	Intermediate	Yes	Yes		Negative	None	Residual Disease|Post-Chemotherapy	20.6	6.4			Refractory		46,XY[19]	-39				90.4	7	Standard Chemotherapy	5	Negative		AMLMRC	2.5	12	14	0.8		0.9	0	9.3	0	0	0.5	60	WES + RNA-seq	Yes	Yes	Peripheral Blood	After or at the time transformation from another heme malignancy	Unmatched	AML with myelodysplasia-related changes	AML with myelodysplasia-related changes		0.233333333	6.3		Standard Chemotherapy	6.21	Yes	68.0	Dead-Unknown	1	Yes	Acute Myeloid Leukaemia (AML) and Related Precursor Neoplasms	Acute Myeloid Leukaemia (AML) and Related Precursor Neoplasms	White	Yes	False	No	No	False	4.01	1:DECEASED	Yes	No	No	No	2	Male	Standard Chemotherapy
aml_ohsu_2018	aml_ohsu_2018_2135	aml_ohsu_2018_15-00417	44	62	Leukemia	AML with Myelodysplasia-Related Changes	No		0.73	0		0		0		NONE	NONE	nuc ish(RUNX1T1x2,RUNX1x3)[140/200],(5'MLL,3'MLL)x2(5'MLL con 3'MLLx2)[200],(PML, RARA)x2[200],(5'CBFB,3'CBFB)x2(5'CBFB con 3'CBFBx2)[200]		Yes		Intermediate-II	Adverse	Yes	Yes		Positive	None	Initial Acute Leukemia Diagnosis	22.4	7.2					47,XY,+21[19]/46,XY[1]	0						NONE	9	Negative		AMLMRC	1.8	24	90	0	19	1		18	35	25		18	WES + RNA-seq	Yes	Yes	Bone Marrow Aspirate	After or at the time transformation from another heme malignancy	Matched	AML with myelodysplasia-related changes	AML with myelodysplasia-related changes	CD2(-), CD7(dim + to -), CD11b(-), CD13(+), CD14(-), CD15 (partial +), CD33(bright +), CD34(partial +), CD36(-), CD38(variably +), CD45(+), CD56(-), CD64(partial +), CD117(+), HLA-DR(variably +)	0.466666667	7.1			8	Yes	44.0		2	No	Acute Myeloid Leukaemia (AML) and Related Precursor Neoplasms	Acute Myeloid Leukaemia (AML) and Related Precursor Neoplasms	White	Yes	False	No	No	False			Yes	No	No	No	1	Male	
aml_ohsu_2018	aml_ohsu_2018_1540	aml_ohsu_2018_14-00240	78		Leukemia	AML with Myelodysplasia-Related Changes	No	Negative	1.09	1	Azacitidine	1	Supportive/Palliative Care	1	Other	Azacitidine	Supportive/Palliative Care	nuc ish(D5S721x2,D5S23x2,EGR1x1)[57/200]/(D5S721x4,D5S23x4,EGR1x1)[29/200],(D7Z1,D7S522)x2[200],(D8Z2,D20S108)x2[200],(RUNX1T1,RUNX1)x2[200],(5'MLL,3'MLL)x2(5'MLL con 3'MLLx2)[199],(PML,RARA)x2[200],(5'CBFB,3'CBFB)x1(5'CBFB con 3'CBFBx1)[83/200]		Yes		Adverse	Adverse	Yes	Yes		Negative	None	Initial Acute Leukemia Diagnosis	26.1	8.3					45,XX,+i(5)(p10),psudic(12;5)(p13;q11.2),-16,del(17)(p11.2p13)[5]/44,idem,-i(5)[3]/46,XX[12]	-17			342		-1	Other	4	Negative		AMLMRC	2.9	9	15		1			6	49	35		50	WES	No	Yes	Peripheral Blood	Denovo	Unmatched	AML with myelodysplasia-related changes	AML with myelodysplasia-related changes		0.2	6.7			51.64	Yes	78.0	Dead-Disease	2	No	Acute Myeloid Leukaemia (AML) and Related Precursor Neoplasms	Acute Myeloid Leukaemia (AML) and Related Precursor Neoplasms	Black	No	False	No	No	False	1.22	1:DECEASED	No	No	No	No	1	Female	Other
aml_ohsu_2018	aml_ohsu_2018_1157	aml_ohsu_2018_13-00338	60	82	Leukemia	AML with inv(16)(p13.1q22) or t(16;16)(p13.1;q22);CBFB-MYH11	No	Negative		5	7+3 (Cytarabine, Idarubicin)|3+7 (Cytarabine, Daunorubicin)|Azacitidine, Gemtuzumab|MEC (Cytarabine, Etoposide, Mitoxantrone)|Etoposide, Cytarabine	2	Induction | Re-induction	1	Standard Chemotherapy	Azacitidine, Gemtuzumab	Re-induction	Positive	Negative	No	-1	Favorable	Favorable	No	Yes	M4eo	Negative	CBFB-MYH11	Post-Chemotherapy|Relapse			Negative	Negative	Refractory		47,XX,t(16;16)(p13;q22),+22[20]	0	Negative	Negative			-1	Standard Chemotherapy	2	Negative	Negative	AMLCBFBMYH11					25				19				WES + RNA-seq	Yes	Yes	Peripheral Blood	Relapse	Unmatched	AML with inv(16)(p13.1q22) or t(16;16)(p13.1;q22); CBFB-MYH11	AML with inv(16)(p13.1q22) or t(16;16)(p13.1;q22); CBFB-MYH11		0.1		Negative	Standard Chemotherapy	4.3	Yes	53.0	Alive	4	Yes	Acute Myeloid Leukaemia (AML) and Related Precursor Neoplasms	Acute Myeloid Leukaemia (AML) and Related Precursor Neoplasms	White	No	False	No	No	False	82.96	0:LIVING	No	No	No	No	1	Female	Standard Chemotherapy
aml_ohsu_2018	aml_ohsu_2018_2339	aml_ohsu_2018_15-00813	53	45	Leukemia	AML, NOS	No		0.88	2	FLAG-IDA (Cytarabine, Filgrastim, Fludarabine, Idarubicin)|MEC (Cytarabine, Etoposide, Mitoxantrone)	2	Induction | Re-induction	1	Standard Chemotherapy	MEC (Cytarabine, Etoposide, Mitoxantrone)	Re-induction	Normal	p.R882H; MAF 45%	Yes	4	Not Enough Information	Intermediate	Yes	Yes		Negative	None	Initial Acute Leukemia Diagnosis	29.4	9.6			Refractory		46,XX[20]	1			2008	109.3	7	Standard Chemotherapy	2	Negative	p.G13D; MAF 35%	AMLNOS	3.3	73	83	0	50	0	19.4	6.4	1.6	11.3	0	33	WES + RNA-seq	Yes	Yes	Bone Marrow Aspirate	Denovo	Unmatched	Acute myeloid leukaemia, NOS	Acute myeloid leukaemia, NOS	partial CD7, CD13, CD33, CD34, variable CD38, CD117, CD123, partial HLA-DR and dim MPO	0.133333333	6.8		Standard Chemotherapy	137.54	Yes	53.0	Alive	1	Yes	Acute Myeloid Leukaemia (AML) and Related Precursor Neoplasms	Acute Myeloid Leukaemia (AML) and Related Precursor Neoplasms	White	No	False	No	No	False	3.91	0:LIVING	No	No	No	No	1	Female	Standard Chemotherapy
aml_ohsu_2018	aml_ohsu_2018_1488	aml_ohsu_2018_14-00141	85		Leukemia	Acute Myeloid Leukemia	No	Negative		1	Decitabine, Midostaurin	1	Induction	1	Standard Chemotherapy	Decitabine, Midostaurin	Induction		Negative	Yes	-1	Not Enough Information	Intermediate	Yes	Yes		Negative	None	Initial Acute Leukemia Diagnosis			Negative	Negative	Complete Response		46,XY[14]	-15	Negative	Negative			-1	Standard Chemotherapy	10	Negative	Negative	AML													WES + RNA-seq	Yes	Yes	Peripheral Blood	Denovo	Matched	Acute myelomonocytic leukaemia	Acute myelomonocytic leukaemia		0.566666667		Negative	Standard Chemotherapy		Yes	85.0	Dead-Disease	4	Yes	Acute Myeloid Leukaemia (AML) and Related Precursor Neoplasms	Acute Myeloid Leukaemia (AML) and Related Precursor Neoplasms	Asian	No	False	No	No	False	11.74	1:DECEASED	No	No	No	No	1	Male	Standard Chemotherapy
aml_ohsu_2018	aml_ohsu_2018_2422	aml_ohsu_2018_15-00898	44	18	Leukemia	AML with Mutated NPM1	No		0.84	2	7+3 (Cytarabine, Idarubicin)|HiDAC	2	Consolidation | Induction	1	Standard Chemotherapy	HiDAC	Consolidation	nuc ish(D5S2064,D5S630,EGR1)x2[200],(D7Z1,D7S522)x2[200],(D8Z2,D20S108)x2[199],(RUNX1T1, RUNX1)x2[200],(5'MLL,3'MLL)x2(5'MLL con 3'MLLx2)[199],(PML,RARA)x2[198],(5'CBFB,3'CBFB)x2(5'CBFB con 3'CBFBx2)[200]		No	-1	Favorable	Favorable	No	Yes		Negative	None	Initial Acute Leukemia Diagnosis	31.5	10.6	Negative	Negative	Complete Response		46,XX[20]	0			252		4	Standard Chemotherapy	15	Positive		AMLNPM1	4.2	13	13	0	2	1		29	2	66		36	WES	No	No	Bone Marrow Aspirate	Denovo	Matched	AML with mutated NPM1	AML with mutated NPM1	CD2 (-), CD4(partial +), CD7(-), CD11b(-), CD13(bright +), CD14(-), CD15(partial +), CD16(-), CD33(bright +), CD34 (-), CD36(-), CD38(bright +/variable), CD45(+), CD56(-), CD64(-), CD117(+) and HLA-DR(partial +).	0.9	7.2		Standard Chemotherapy	3.63	Yes	44.0	Alive	2	Yes	Acute Myeloid Leukaemia (AML) and Related Precursor Neoplasms	Acute Myeloid Leukaemia (AML) and Related Precursor Neoplasms	White	No	False	No	No	False	19.28	0:LIVING	No	No	No	No	1	Female	Standard Chemotherapy
aml_ohsu_2018	aml_ohsu_2018_2367	aml_ohsu_2018_15-00872	65	74	Leukemia	AML with Mutated NPM1	No	p.K298Q; MAF 25%	0.78	4	Fludarabine, Melphalan|7+3 (Cytarabine, Idarubicin)|MiDAC|Hydroxyurea	4	Consolidation | Unknown | Induction | Allogeneic - Matched Unrelated Donor	3	Standard Chemotherapy | Bone Marrow Transplant | Other	Fludarabine, Melphalan	Allogeneic - Matched Unrelated Donor	Normal	p.R882C; MAF 44%	Yes	6	Intermediate-I	Favorable or Intermediate	Yes	Yes		Positive	None	Initial Acute Leukemia Diagnosis	21.6	7.2			Complete Response		46,XX[20]	0			905	100.5	-1	Bone Marrow Transplant	6	Positive		AMLNPM1	2.6	23	32	0	60	1.9	15.1	21.7	50	11.3	0	150	WES + RNA-seq	Yes	Yes	Bone Marrow Aspirate	Denovo	Unmatched	AML with mutated NPM1	AML with mutated NPM1	partial variable CD7, subset CD11b (75%), CD13, CD33, partial CD14 (30%), partial CD64 (70%), CD38, CD58, partial CD117 (30%), CD123, HLA-DR, and partial (50%) MPO positive	0.266666667	6.7		Standard Chemotherapy	84.69	Yes	65.0	Alive	1	Yes	Acute Myeloid Leukaemia (AML) and Related Precursor Neoplasms	Acute Myeloid Leukaemia (AML) and Related Precursor Neoplasms	White	No	False	No	No	False	5.95	0:LIVING	No	No	No	No	1	Female	Standard Chemotherapy|Bone Marrow Transplant|Other
aml_ohsu_2018	aml_ohsu_2018_211	aml_ohsu_2018_11-00319	66	72	Leukemia	AML with Mutated NPM1	No		0.74	5	Fludarabine, Melphalan|7+3 (Cytarabine, Idarubicin)|MiDAC|Quizartinib|Methotrexate	5	Consolidation | Induction | Experimental | CNS | Allogeneic - Matched Unrelated Donor	4	Standard Chemotherapy | Bone Marrow Transplant | Intrathecal | Targeted Therapy - Kinase Inhibitor(s)	Fludarabine, Melphalan	Allogeneic - Matched Unrelated Donor	Normal		No	5	Intermediate-II	Intermediate	Yes	Yes	NOS	Positive	None	Post-Chemotherapy|Residual Disease	33.1	11.7			Complete Response		46,XX,t(1;15)(p32;q15)[19]/46,XX[1]	0			443	95	-1	Bone Marrow Transplant	6	Positive		AMLNPM1	4.1	61	44	0	45	0		19	5	30		93	WES	No	No	Bone Marrow Aspirate	After or at the time transformation from another heme malignancy	Unmatched	AML with mutated NPM1	AML with mutated NPM1	CD7, CD13, CD33, partial CD34, CD38, dim CD45, CD58, CD71, CD117, CD123, and HLA-DR-positive	0.333333333	6.6		Standard Chemotherapy	18.4	Yes	65.0	Dead-Unknown	1	Yes	Acute Myeloid Leukaemia (AML) and Related Precursor Neoplasms	Acute Myeloid Leukaemia (AML) and Related Precursor Neoplasms	White	Yes	False	No	No	False	12.73	1:DECEASED	Yes	No	No	No	2	Female	Standard Chemotherapy|Bone Marrow Transplant|Intrathecal|Targeted Therapy - Kinase Inhibitor(s)
aml_ohsu_2018	aml_ohsu_2018_2443	aml_ohsu_2018_16-00118	64		Leukemia	AML with Myelodysplasia-Related Changes	No		1.57	6	7+3 (Cytarabine, Idarubicin)|Cytarabine|Azacitidine|Sorafenib|Decitabine|Hydroxyurea	6	Hypomethylating/Low Dose Cytarabine | Consolidation | Induction | Experimental | Maintenance | Supportive/Palliative Care	3	Standard Chemotherapy | Supportive/Palliative Care | Targeted Therapy - Other	Hydroxyurea	Supportive/Palliative Care	RUNX1/RUNX1T1/CEP8: 81% of cells had three signals for all probes, consistent with +8 and +21, as seen on metaphase analysis.  MLL: 68% of cells had a split signal pattern consistent with MLL (11q23) rearrangement. Disruption of MLL was not apparent on ba		Yes	-1	Intermediate-II	Intermediate	Yes	Yes		Negative	None	Residual Relapse	20.9	7			Complete Response		48,XX,+8,+21[16]/46,XX[4]	-58			887	89.7	29	Supportive/Palliative Care	31	Negative		AMLMRC	3.1	16	36	0		0	0	12.6	0	0	0.2	21	WES + RNA-seq	Yes	Yes	Peripheral Blood		Matched	AML with myelodysplasia-related changes	AML with myelodysplasia-related changes		1.866666667	7.3		Standard Chemotherapy	49.93	Yes	63.0	Dead-Disease	1	Yes	Acute Myeloid Leukaemia (AML) and Related Precursor Neoplasms	Acute Myeloid Leukaemia (AML) and Related Precursor Neoplasms	White	No	False	No	No	False	11.45	1:DECEASED	No	No	No	No	2	Female	Standard Chemotherapy|Supportive/Palliative Care|Targeted Therapy - Other
aml_ohsu_2018	aml_ohsu_2018_1889	aml_ohsu_2018_15-00018	58	70	Leukemia	AML, NOS	No	Negative		3	7+3 (Cytarabine, Idarubicin)|HiDAC|Binimetinib (MEK162)	3	Consolidation | Induction | Experimental	2	Standard Chemotherapy | Targeted Therapy - Other	Binimetinib (MEK162)	Experimental		Negative	No	-1	Not Enough Information	Intermediate	No	Yes		Negative	None	Post-Chemotherapy|Residual Disease			Negative	Negative	Refractory		46,XY[14]	0	Negative	Negative			-1	Targeted Therapy - Other	9	Negative	Negative	AMLNOS					8				10				WES + RNA-seq	Yes	Yes	Peripheral Blood		Matched	Acute myeloid leukaemia, NOS	Acute myeloid leukaemia, NOS		0.366666667		Negative	Standard Chemotherapy	7.1	Yes	57.0	Dead-Disease	4	Yes	Acute Myeloid Leukaemia (AML) and Related Precursor Neoplasms	Acute Myeloid Leukaemia (AML) and Related Precursor Neoplasms	White	No	False	No	No	False	3.65	1:DECEASED	No	No	No	No	1	Male	Standard Chemotherapy|Targeted Therapy - Other
aml_ohsu_2018	aml_ohsu_2018_1843	aml_ohsu_2018_14-00774	84	85	Leukemia	AML with Minimal Differentiation	No	Negative		1	Decitabine, Midostaurin	1	Induction	1	Standard Chemotherapy	Decitabine, Midostaurin	Induction		Negative	Yes	-1	Intermediate-I	Adverse	Yes	Yes	M0	Positive	None	Initial Acute Leukemia Diagnosis			Negative	Negative	Refractory		46,XY[20]	0	Negative	Negative			-1	Standard Chemotherapy	15	Negative	Negative	AMLMD					88								WES + RNA-seq	Yes	Yes	Bone Marrow Aspirate	Denovo	Matched	AML with minimal differentiation	AML with minimal differentiation	CD34, CD38, CD117, CD13, CD4, HLA-DR, AND TDT	0.666666667		Negative	Standard Chemotherapy	30	Yes	84.0	Dead-Disease	4	Yes	Acute Myeloid Leukaemia (AML) and Related Precursor Neoplasms	Acute Myeloid Leukaemia (AML) and Related Precursor Neoplasms	White	No	False	No	No	False	2.2	1:DECEASED	No	No	No	No	1	Male	Standard Chemotherapy
aml_ohsu_2018	aml_ohsu_2018_2205	aml_ohsu_2018_15-00559	42	50	Leukemia	Acute Myeloid Leukemia	No	Negative		3	7+3 (Cytarabine, Idarubicin)|AG-221|FLAG-IDA (Cytarabine, Filgrastim, Fludarabine, Idarubicin)	3	Salvage | Induction | Experimental	2	Standard Chemotherapy | Targeted Therapy - Other	AG-221	Experimental	Normal	p.S307fs; MAF 45.6%	Yes	-1	Not Enough Information	Adverse	Yes	Yes		Negative	None	Post-Chemotherapy|Residual Disease			c.C315T; p.G105G; MAF 46.6%		Refractory	Negative	46,XX[20]	0	Negative				-1	Targeted Therapy - Other	15	Negative		AML					51							256	WES + RNA-seq	Yes	Yes	Peripheral Blood		Matched	Acute myelomonocytic leukaemia	Acute myelomonocytic leukaemia	positive for CD13, CD34, CD38, dim CD45, CD117, HLA-DR, and MPO	0.766666667			Standard Chemotherapy	10.7	Yes	42.0	Dead-Unknown	5	Yes	Acute Myeloid Leukaemia (AML) and Related Precursor Neoplasms	Acute Myeloid Leukaemia (AML) and Related Precursor Neoplasms	HispNative	No	False	No	No	False	14.74	1:DECEASED	No	No	No	No	1	Female	Standard Chemotherapy|Targeted Therapy - Other
aml_ohsu_2018	aml_ohsu_2018_1814	aml_ohsu_2018_14-00725	32	24	Leukemia	AML, NOS	No		0.49	3	Bu/Cy/ATG|7+3 (Cytarabine, Idarubicin)|MEC (Cytarabine, Etoposide, Mitoxantrone)	3	Induction | Re-induction | Allogeneic - Matched Unrelated Donor	2	Standard Chemotherapy | Bone Marrow Transplant	Bu/Cy/ATG	Allogeneic - Matched Unrelated Donor	nuc ish(D5S2064,D5S630,EGR1)x2[199],(D7Z1,D7S522)x2[197],(D8Z2x3,D20S108x2)[101/200], (RUNX1T1x3,RUNX1x2)[91/200],(ABL1,BCR)x2[200],(5'MLL,3'MLL)x2(5'MLL con 3'MLLx2)[200],(PML,RARA)x2[188], (5'CBFB,3'CBFB)x2(5'CBFB con 3'CBFBx2)[199]		No	6	Intermediate-II	Intermediate	No	Yes		Negative	None	Initial Acute Leukemia Diagnosis	25.9	9	Negative	Negative	Refractory		47,XX,+8[13]/46,XX[7].	0			125	97.1	-1	Bone Marrow Transplant	9	Negative		AMLNOS	4.4	10	22	0	2	2		54	0	44		67	WES + RNA-seq	Yes	Yes	Bone Marrow Aspirate	Denovo	Matched	Acute myeloid leukaemia, NOS	Acute myeloid leukaemia, NOS	CD2(-), CD4(dim +), CD7(partial +), CD11b(-), CD13(variably +), CD14(-), CD15(partial dim +), CD16(-), CD25(-), CD33(bright +), CD34(-), CD36(-), CD38(+), CD41(-), CD45(+), CD56(-), CD64(-), CD71(+), CD117(+), CD123(+), GLy-A(-), HLA-DR(partial + and vari	0.433333333	7.1		Standard Chemotherapy	1.4	Yes	32.0	Alive	2	Yes	Acute Myeloid Leukaemia (AML) and Related Precursor Neoplasms	Acute Myeloid Leukaemia (AML) and Related Precursor Neoplasms	White	No	False	No	No	False	27.4	0:LIVING	No	No	No	No	2	Female	Standard Chemotherapy|Bone Marrow Transplant
aml_ohsu_2018	aml_ohsu_2018_1438	aml_ohsu_2018_14-00053	71		Leukemia	AML with Recurrent Genetic Abnormalities	No	Negative		3	CPX-351 (Liposomal Cytarabine + Daunorubicin)|Lenalidomide|MEC (Cytarabine, Etoposide, Mitoxantrone)	2	Induction | Re-induction	1	Standard Chemotherapy	MEC (Cytarabine, Etoposide, Mitoxantrone)	Re-induction		Negative	No	23	Adverse	Adverse	No	No		Negative	GATA2-MECOM	Initial Acute Leukemia Diagnosis			Negative	Negative	Refractory		45,XY,inv(3)(q21q26),-7[20]	-14	Negative	Negative			4	Standard Chemotherapy		Negative	Negative	AMLRGA													RNA-seq	Yes	Yes	Peripheral Blood	Denovo	Matched	AML with inv(3)(q21q26.2) or t(3;3)(q21;q26.2); RPN1-EVI1	AML with inv(3)(q21q26.2) or t(3;3)(q21;q26.2); RPN1-EVI1				Negative	Standard Chemotherapy		No	71.0	Dead-Unknown	4	Yes	Acute Myeloid Leukaemia (AML) and Related Precursor Neoplasms	Acute Myeloid Leukaemia (AML) and Related Precursor Neoplasms	White	No	False	No	No	False	8.62	1:DECEASED	No	No	No	No	2	Male	Standard Chemotherapy
aml_ohsu_2018	aml_ohsu_2018_1495	aml_ohsu_2018_14-00152	75	64	Leukemia	Acute Myeloid Leukemia	No			5	7+3 (Cytarabine, Idarubicin)|CLAG (Cladribine, Cytarabine, Filgrastim)|MiDAC|ODSH (2 O, 3-O Desulfated Heparin) |SGN-CD33A	2	Consolidation | Induction	1	Standard Chemotherapy	CLAG (Cladribine, Cytarabine, Filgrastim)	Consolidation	Normal		No	21	Intermediate-II	Intermediate	No	Yes	M4	Negative	None	Initial Acute Leukemia Diagnosis					Complete Response		46,XY,add(8)(p21),t(8;19)(p11.2;q13.3)[18]/46,XY[2]	-1					-1	Standard Chemotherapy	2	Negative		AML					7								WES + RNA-seq	Yes	Yes	Bone Marrow Aspirate	Denovo	Unmatched	Acute myelomonocytic leukaemia	Acute myelomonocytic leukaemia	Large population of atypical myelomonocytic cells (CD4+, bright CD64+, MPO positive, partial CD14), representing 85% of the total leukocytes	0.066666667			Standard Chemotherapy	4.67	Yes	75.0	Dead-Disease	3	Yes	Acute Myeloid Leukaemia (AML) and Related Precursor Neoplasms	Acute Myeloid Leukaemia (AML) and Related Precursor Neoplasms	White	No	False	No	No	False	11.02	1:DECEASED	No	No	No	No	3	Male	Standard Chemotherapy
aml_ohsu_2018	aml_ohsu_2018_1247	aml_ohsu_2018_13-00497	33	72	Leukemia	AML with inv(16)(p13.1q22) or t(16;16)(p13.1;q22);CBFB-MYH11	No	Negative		2	7+3 (Cytarabine, Idarubicin)|HiDAC	2	Consolidation | Induction	1	Standard Chemotherapy	HiDAC	Consolidation	nuc ish(D5S721,D5S23,EGR1)x2[200],(D7Z1,D7S522)x2[200],(D8Z2x3, D20S108x2)[7/200],(RUNX1T1,RUNX1)x2[197],(5'MLL,3'MLL)x2(5'MLL con 3'MLLx2)[200],(PML,RARA)x2[198], (CBFBx2)(5CBFB sep 3CBFBx1)[140/200]		Yes	-1	Favorable	Favorable	Yes	Yes		Negative	CBFB-MYH11	Initial Acute Leukemia Diagnosis	25.9	9			Complete Response		47,XX,inv(16)(p13.1q22),+22	0	Negative				103	Standard Chemotherapy	7	Negative		AMLCBFBMYH11	3.4	85	30	0	18	0		38	26	3		18	WES	No	No	Bone Marrow Aspirate	Denovo	Matched	AML with inv(16)(p13.1q22) or t(16;16)(p13.1;q22); CBFB-MYH11	AML with inv(16)(p13.1q22) or t(16;16)(p13.1;q22); CBFB-MYH11	CD2(-), CD7(-), CD11b(-), CD13(variably +), CD14(-), CD15(variably +), CD16(-), CD33(+), CD34(variably +), CD36(-), CD38(+), CD45(+), CD56(-), CD64(partial +), CD117(+), HLA-DR(+)	0.233333333	6.1		Standard Chemotherapy	26.3	Yes	33.0	Alive	2	Yes	Acute Myeloid Leukaemia (AML) and Related Precursor Neoplasms	Acute Myeloid Leukaemia (AML) and Related Precursor Neoplasms	White	No	False	No	No	False	48.68	0:LIVING	No	No	No	No	2	Female	Standard Chemotherapy
aml_ohsu_2018	aml_ohsu_2018_2226	aml_ohsu_2018_15-00595	55	91	Leukemia	AML without Maturation	No	Negative	0.74	1	7+3 (Cytarabine, Idarubicin)	1	Induction	1	Standard Chemotherapy	7+3 (Cytarabine, Idarubicin)	Induction	nuc ish(D5S2064,D5S630,EGR1)x3~4[193/200],(D7Z1,D7S522)x3~4[194/200],(D8Z2, D20S108)x3~4[195/200],(RUNX1T1,RUNX1)x3~4[191/200],(ABL1,BCR)x3~4[191/200],(5'MLL,3'MLL)x3~4(5'MLL con 3'MLLx3~4)[193/200],(PML,RARA)x3~4[191/200],(5'CBFB,3'CBFB)x3~4(5CBFB con 3C		No	8	Adverse	Intermediate	No	Yes	M1	Positive	None	Initial Acute Leukemia Diagnosis	22.8	7.1	p.R132C; MAF unlisted	Negative	Unknown		92<4n>,XXYY[13]/46,XY[7]	0					8	Standard Chemotherapy	18	Negative		AWM	2.8	391	343	0	61	0		46.1	1.7	9.4		34	WES + RNA-seq	Yes	Yes	Bone Marrow Aspirate	Denovo	Matched	AML without maturation	AML without maturation	CD2(-), CD4(partial dim +), CD7(-), CD11b (variably +), CD13(variably +), CD14(predominantly -), CD15(predominantly -/few scattered +), CD16(-), CD20(small subset +), CD33(partial +), CD34(variably +), CD36(small subset +), CD38(variably +), CD45(variably	1	5.8		Standard Chemotherapy	9.4	Yes	55.0		2	Yes	Acute Myeloid Leukaemia (AML) and Related Precursor Neoplasms	Acute Myeloid Leukaemia (AML) and Related Precursor Neoplasms	White	No	False	No	No	False			No	No	No	No	1	Male	Standard Chemotherapy
aml_ohsu_2018	aml_ohsu_2018_1339	aml_ohsu_2018_13-00554	64	30	Leukemia	AML with Myelodysplasia-Related Changes	No	Negative	0.77	0		0		0		NONE	NONE	Loss of ERG1 signal	Negative	No		Intermediate-I	Adverse	No	Yes		Negative	None	Residual Disease	28.1	9.1	Negative			Negative	46,XY[21]	0	Negative	Negative	180	117.1		NONE	4	Negative	Negative	AMLMRC	3.6	21	17	0.8		1.5	0	71.5	1.5	24.7	0	47	WES	No	No	Bone Marrow Aspirate		Matched	AML with myelodysplasia-related changes	AML with myelodysplasia-related changes	CD13, CD33, CD34, dim CD38, CD117, and HLA-DR positive (10/31/13).	0.2	7.1	C238R; MAF 5% (not confirmed by Sanger seq)		1.3	Yes	64.0	Dead-Disease	1	No	Acute Myeloid Leukaemia (AML) and Related Precursor Neoplasms	Acute Myeloid Leukaemia (AML) and Related Precursor Neoplasms	White	No	False	No	No	False	19.21	1:DECEASED	No	No	No	No	1	Male	
aml_ohsu_2018	aml_ohsu_2018_1246	aml_ohsu_2018_13-00493	63	81	Leukemia	AML with Mutated NPM1	No			6	7+3 (Cytarabine, Idarubicin)|HiDAC|FLAG-IDA (Cytarabine, Filgrastim, Fludarabine, Idarubicin)|Crenolanib|Clofarabine, Cytarabine|Busulfan, Cyclophosphamide	5	Consolidation | Induction | Experimental | Re-induction | Allogeneic - Matched Unrelated Donor	3	Standard Chemotherapy | Bone Marrow Transplant | Targeted Therapy - Kinase Inhibitor(s)	Crenolanib	Experimental		Foundation, R882H; MAF 9%	No	24	Not Enough Information	Intermediate	Yes	Yes		Positive	None	Post-Chemotherapy|Residual Relapse	30.2	10.7			Complete Response		46,XY	0					141	Targeted Therapy - Kinase Inhibitor(s)	18	Positive		AMLNPM1	4	34	15	0	59	0		0	0	10		17	WES + RNA-seq	Yes	Yes	Peripheral Blood		Matched	AML with mutated NPM1	AML with mutated NPM1	CD2(-), CD4(dim +), CD10(-), CD11b(-), CD13(+), CD14(-), CD15(variably +), CD16(-), CD33(bright +), CD34(-), CD36(-), CD38(+), CD45(moderately +), CD56(-), CD64 (partial +), CD117(variably +), HLA-DR(-), MPO(+), TdT(-).	1	6		Standard Chemotherapy	1.8	Yes	62.0	Dead-Unknown	2	Yes	Acute Myeloid Leukaemia (AML) and Related Precursor Neoplasms	Acute Myeloid Leukaemia (AML) and Related Precursor Neoplasms	White	No	False	No	No	False	18.68	1:DECEASED	No	No	No	No	2	Male	Standard Chemotherapy|Bone Marrow Transplant|Targeted Therapy - Kinase Inhibitor(s)
aml_ohsu_2018	aml_ohsu_2018_1998	aml_ohsu_2018_15-00167	42	50	Leukemia	AML with Mutated NPM1	No	Negative	0.91	1	SWOG S1203 (7+3 +/- Vorinostat)	1	Induction	1	Standard Chemotherapy	SWOG S1203 (7+3 +/- Vorinostat)	Induction	Normal	Negative	Yes	3	Favorable	Favorable	Yes	Yes		Negative	None	Initial Acute Leukemia Diagnosis	23.2	7.3	Negative		Complete Response	Negative	46,XY[20]	0	Negative	Negative		90.6	3	Standard Chemotherapy	2	Positive	Negative	AMLNPM1	2.1	22	30	1.7	55	0.9	4.4	13.2	23.7	14	0	176	WES	No	No	Bone Marrow Aspirate	Denovo	Matched	AML with mutated NPM1	AML with mutated NPM1	CD13, CD33, CD38, CD58, dim CD64, CD117, CD123, dim HLA-DR and partial MPO+	0.066666667	6.3	Negative	Standard Chemotherapy	93.94	Yes	42.0	Dead-Other	1	Yes	Acute Myeloid Leukaemia (AML) and Related Precursor Neoplasms	Acute Myeloid Leukaemia (AML) and Related Precursor Neoplasms	White	No	False	No	No	False	1.15	1:DECEASED	No	No	No	No	1	Male	Standard Chemotherapy
aml_ohsu_2018	aml_ohsu_2018_1082	aml_ohsu_2018_13-00201	56	90	Leukemia	AML with Mutated NPM1	No	Negative	0.97	3	7+3 (Cytarabine, Idarubicin)|HiDAC|Busulfan, Cyclophosphamide	3	Consolidation | Induction | Allogeneic - Matched Unrelated Donor	2	Standard Chemotherapy | Bone Marrow Transplant	Busulfan, Cyclophosphamide	Allogeneic - Matched Unrelated Donor	Normal	p.N879D; MAF 50%	No	7	Intermediate-I	Favorable or Intermediate	No	Yes	NOS	Positive	None	Initial Acute Leukemia Diagnosis	32.2	10.7	Negative	Negative	Complete Response	Negative	46,XY[20]	0	Negative	Negative	683	87	-1	Bone Marrow Transplant	19	Positive	Negative	AMLNPM1	4.2	70	53	0	64	2		12	17	2		38	WES	No	No	Bone Marrow Aspirate	Denovo	Matched	AML with mutated NPM1	AML with mutated NPM1	CD11b, CD13, CD33, CD38, CD58, CD64, dim CD117, CD123, MPO+	1.033333333	7.9	Negative	Standard Chemotherapy	61.2	Yes	56.0	Dead-Treatment	1	Yes	Acute Myeloid Leukaemia (AML) and Related Precursor Neoplasms	Acute Myeloid Leukaemia (AML) and Related Precursor Neoplasms	White	No	False	No	No	False	8.13	1:DECEASED	No	No	No	No	1	Male	Standard Chemotherapy|Bone Marrow Transplant
aml_ohsu_2018	aml_ohsu_2018_2501	aml_ohsu_2018_16-00094	37	95	Leukemia	AML, NOS	No		0.46	4	HiDAC|3+7 (Cytarabine, Daunorubicin)|Azacitidine|Hydroxyurea	4	Hypomethylating/Low Dose Cytarabine | Consolidation | Induction | Re-induction	1	Standard Chemotherapy	Azacitidine	Consolidation	Normal		Yes	8	Not Enough Information	Adverse	Yes	Yes		Negative	None	Initial Acute Leukemia Diagnosis	27.9	9.2			Refractory		46,XX[20]	0		p.K117N; MAF 48%		89.4	-1	Standard Chemotherapy	5	Negative		AMLNOS	3.1	23	14	1.7	74	2.5	0.8	13.6	14.4	10.2	0.4	49	WES + RNA-seq	Yes	Yes	Bone Marrow Aspirate	Denovo	Matched	Acute myeloid leukaemia, NOS	Acute myeloid leukaemia, NOS	variable CD11b, CD13, dim CD19, dim CD33, CD34, variable CD64, CD117, CD123, and HLA-DR	0.3	7		Standard Chemotherapy	26.57	Yes	37.0	Alive	1	Yes	Acute Myeloid Leukaemia (AML) and Related Precursor Neoplasms	Acute Myeloid Leukaemia (AML) and Related Precursor Neoplasms	White	No	False	No	No	False	0.56	0:LIVING	No	No	No	No	1	Female	Standard Chemotherapy
aml_ohsu_2018	aml_ohsu_2018_2091	aml_ohsu_2018_15-00331	60	33	Leukemia	AML with inv(16)(p13.1q22) or t(16;16)(p13.1;q22);CBFB-MYH11	No	Negative		3	HiDAC|7+3 (Cytarabine, Idarubicin) plus Sorafenib|Fludarabine, Cyclophosphamide, Thiotepa, TBI	3	Consolidation | Induction | Double Umbilical Cord Blood Transplant (DUCBT)	2	Standard Chemotherapy | Bone Marrow Transplant	Fludarabine, Cyclophosphamide, Thiotepa, TBI	Double Umbilical Cord Blood Transplant (DUCBT)	FISH positive for CBFB rearrangement in 49% of cells		No	-1	Favorable	Favorable	No	Yes		Negative	CBFB-MYH11	Initial Acute Leukemia Diagnosis			Negative	Negative	Complete Response	Negative	46,XY,inv(16)(p13.1q22)[18]/47,sl,+22[2]	0	Negative				-1	Bone Marrow Transplant	23	Negative	p.Q61K; MAF 24.1%	AMLCBFBMYH11					23							42	WES + RNA-seq	Yes	Yes	Bone Marrow Aspirate	Denovo	Matched	AML with inv(16)(p13.1q22) or t(16;16)(p13.1;q22); CBFB-MYH11	AML with inv(16)(p13.1q22) or t(16;16)(p13.1;q22); CBFB-MYH11	Flow cytometry shows the large majority of analyzed cells fall within the monocyte gate, which are predominantly mature as evidenced by coexpression of CD14 and CD64. A smaller subset of cells within the monocyte gate consists of immature monocytes with d	0.833333333			Standard Chemotherapy	29	Yes	60.0	Dead-Disease	5	Yes	Acute Myeloid Leukaemia (AML) and Related Precursor Neoplasms	Acute Myeloid Leukaemia (AML) and Related Precursor Neoplasms	White	No	False	No	No	False	19.11	1:DECEASED	No	No	No	No	1	Male	Standard Chemotherapy|Bone Marrow Transplant
aml_ohsu_2018	aml_ohsu_2018_2222	aml_ohsu_2018_15-00581	74	4	Myelodysplastic Syndromes	MDS with Isolated Del(5q)	No		0.68	2	Lenalidomide|Azacitidine	2	Hypomethylating/Low Dose Cytarabine | Maintenance	2	Standard Chemotherapy | Supportive/Palliative Care	Azacitidine	Hypomethylating/Low Dose Cytarabine	nuc ish(D5S2064x2,D5S630x2,EGR1x1) [91/200],(D7Z1x3,D7S522x2)[11/200],(D8Z2,D20S108)x2[196],(RUNX1T1,RUNX1)x2[200],(5'MLL,3'MLL)x2(5'MLL con 3'MLLx2)[196],(PMLx3,RARAx2)[28/200],(5'CBFB,3'CBFB)x1(5'CBFB con 3'CBFBx1)[101/200]		No			Adverse	No	Yes		Negative	None	Residual Disease|Post-Chemotherapy	22.4	7.4	Negative	Negative			42~44,XX,-3,del(4)(q25q33),der(5)t(3;5)(q21;q22),del(7)(p15p22),-9,-9,-13,-16,add(17)(p11.2),add(19)(p13.3), +mar1,+mar2[cp4]/41~43,idem,-del(7),+der(7)t(7;15)(p12;q15)add(7)(q11.2),+der(7;9)(q11.2;q13)del(7)(q11.2q22), -15,-21,+mar3[cp5]/42~44,idem,-del(	0					6	Supportive/Palliative Care	19	Negative		MDSID5Q	3.6	42	42		2	1		37	7	50		18	WES	No	No	Bone Marrow Aspirate		Matched	Myelodysplastic syndrome associated with isolated del(5q)	Myelodysplastic syndrome associated with isolated del(5q)	CD2(-), CD7(partial dim +), 11b(-), CD13(+), CD14 (-), CD15(-), CD33(variably +), CD34(bright +), CD36(+), CD38(slightly variably +), CD45(+), CD117(variably +), HLA-DR(-).	1.066666667	6.6	Foundation; R337L		2.5	Yes	74.0	Dead-Unknown	2	Yes	Myelodysplastic Syndromes	Myelodysplastic Syndromes	White	No	True	No	No	False	6.15	1:DECEASED	Yes	No	No	No	1	Female	Standard Chemotherapy|Supportive/Palliative Care
aml_ohsu_2018	aml_ohsu_2018_1137	aml_ohsu_2018_13-00286	53		Leukemia	AML with Mutated NPM1	No	Negative		3	HiDAC|7+3 (Cytarabine, Idarubicin)|Busulfan, Cyclophosphamide	3	Consolidation | Induction | Allogeneic - Matched Unrelated Donor	1	Standard Chemotherapy	Busulfan, Cyclophosphamide	Allogeneic - Matched Unrelated Donor		Negative	No	7	Intermediate-I	Favorable or Intermediate	No	Yes		Positive	None	Initial Acute Leukemia Diagnosis			Negative	Negative	Complete Response		46,XY[7]	2	Negative	Negative			-1	Standard Chemotherapy	7	Positive	Negative	AMLNPM1													WES	No	No	Bone Marrow Aspirate	Denovo	Matched	AML with mutated NPM1	AML with mutated NPM1		0.366666667		Negative	Standard Chemotherapy		Yes	53.0	Alive	4	Yes	Acute Myeloid Leukaemia (AML) and Related Precursor Neoplasms	Acute Myeloid Leukaemia (AML) and Related Precursor Neoplasms	White	No	False	No	No	False	37.83	0:LIVING	No	No	No	No	1	Male	Standard Chemotherapy
aml_ohsu_2018	aml_ohsu_2018_163	aml_ohsu_2018_10-00792	74	95	Leukemia	AML with Mutated NPM1	No		1.04	3	7+3 (Cytarabine, Idarubicin)|MiDAC|AC220 (Ambit)	3	Consolidation | Induction | Experimental	2	Standard Chemotherapy | Targeted Therapy - Kinase Inhibitor(s)	AC220 (Ambit)	Experimental	Normal		No	5	Intermediate-I	Intermediate	Yes	Yes	M1	Positive	None	Relapse|Post-Chemotherapy	27.8	9.9			Complete Response		46,XY[20]	0			195	101.8	30	Targeted Therapy - Kinase Inhibitor(s)	5	Positive		AMLNPM1	3.8	21	26	0	84	0		3	3	3		20	WES	No	No	Bone Marrow Aspirate	Relapse	Unmatched	AML with mutated NPM1	AML with mutated NPM1	CD11b, CD13, CD33, dim CD56, CD64, CD117, and dim MPO positive; Negative for expression of CD34 and HLA-DR	0.166666667	5.8		Standard Chemotherapy	53.5	Yes	73.0	Dead-Disease	1	Yes	Acute Myeloid Leukaemia (AML) and Related Precursor Neoplasms	Acute Myeloid Leukaemia (AML) and Related Precursor Neoplasms	White	No	False	No	No	False	13.98	1:DECEASED	No	No	No	No	2	Male	Standard Chemotherapy|Targeted Therapy - Kinase Inhibitor(s)
aml_ohsu_2018	aml_ohsu_2018_1612	aml_ohsu_2018_14-00369	72	78	Leukemia	AML with Myelodysplasia-Related Changes	No	Negative		1	CPX-351 (Liposomal Cytarabine + Daunorubicin)	1	Induction	1	Standard Chemotherapy	CPX-351 (Liposomal Cytarabine + Daunorubicin)	Induction			No	-1	Intermediate-II	Intermediate	No	Yes		Negative	None	Residual Disease|Post-Chemotherapy			Positive	Negative	Refractory		47,XY,+8[17]/46,XY[3]	0	Negative	Negative			-1	Standard Chemotherapy	21	Negative	Negative	AMLMRC					1				1.8				WES	No	No	Bone Marrow Aspirate	After or at the time transformation from another heme malignancy	Matched	AML with myelodysplasia-related changes	AML with myelodysplasia-related changes	CD38, CD13, HLA-DR, CD33 (DIM PARTIAL), CD4 (DIM), MPO (DIM PARTIAL), AND TDT	1.066666667		Negative	Standard Chemotherapy	2.2	Yes	72.0	Dead-Disease	4	Yes	Acute Myeloid Leukaemia (AML) and Related Precursor Neoplasms	Acute Myeloid Leukaemia (AML) and Related Precursor Neoplasms	White	Yes	False	No	No	False	1.28	1:DECEASED	Yes	No	No	No	1	Male	Standard Chemotherapy
aml_ohsu_2018	aml_ohsu_2018_2482	aml_ohsu_2018_16-00046	62	40	Leukemia	AML, NOS	No		0.87	3	5+2 (Cytarabine, Idarubicin)|7+3 (Cytarabine, Idarubicin)|Azacitidine	2	Induction | Re-induction	1	Standard Chemotherapy	Azacitidine	Re-induction	Normal		No	7	Adverse	Adverse	No	Yes		Negative	None	Initial Acute Leukemia Diagnosis	25.4	8.2			Refractory		46,XY,t(8;17)(p21;q11.2),del(17)(q2?4)[5]/46,XY[15]	0				100.8	-1	Standard Chemotherapy	18	Negative		AMLNOS	3.8	15	9	0	8	0	1	80	3	8	15.4	35	WES	No	No	Bone Marrow Aspirate		Matched	Acute myeloid leukaemia, NOS	Acute myeloid leukaemia, NOS	dim/partial cCD3, variable CD7, CD13, dimCD33, CD34,  CD38, CD117, dim CD123, dim HLA-DR, partial TdT, and partial MPO positive Monoclonal B cell population identified	1	7.1		Standard Chemotherapy	1.04	Yes	62.0	Dead-Unknown	1	Yes	Acute Myeloid Leukaemia (AML) and Related Precursor Neoplasms	Acute Myeloid Leukaemia (AML) and Related Precursor Neoplasms	White	No	False	No	No	False	19.11	1:DECEASED	No	No	No	No	1	Male	Standard Chemotherapy
aml_ohsu_2018	aml_ohsu_2018_958	aml_ohsu_2018_13-00034	61	50	Leukemia	Therapy-Related Myeloid Neoplasms	No		0.84	0		0		0		NONE	NONE			Yes		Not Enough Information	Intermediate	Yes	No		Negative	Unknown	Initial Acute Leukemia Diagnosis	25.3	8.4						0				102.8		NONE		Negative		TMN	2.5	61		1	89	1		0	0	0		24	RNA-seq	Yes	Yes	Peripheral Blood		Matched	Therapy-related myeloid neoplasms	Therapy-related myeloid neoplasms	CD2(-), CD4(dim +), CD7(-), CD11b(partial +), CD13(partial +), CD14(partial +), CD15(variably and slightly bright +), CD16 (-), CD33(variably bright +), CD34(-), CD36(partial +), CD38(variably +), CD45(variably +), CD56(+), CD64(partial +), CD117(-), HLA-		4.5			53	No	61.0	Dead-Disease	2	Yes	Acute Myeloid Leukaemia (AML) and Related Precursor Neoplasms	Acute Myeloid Leukaemia (AML) and Related Precursor Neoplasms	White	No	False	No	No	False	0.53	1:DECEASED	No	No	No	No	1	Female	
aml_ohsu_2018	aml_ohsu_2018_1453	aml_ohsu_2018_14-00081	71	46	Leukemia	AML with Myelodysplasia-Related Changes	No	Negative	0.73	3	7+3 (Cytarabine, Idarubicin)|Azacitidine, Lenalidomide|Decitabine	3	Consolidation | Induction | Re-induction	1	Standard Chemotherapy	Azacitidine, Lenalidomide	Re-induction	5q deletion	Negative	No	6	Adverse	Adverse	No	Yes	M2	Negative	None	Initial Acute Leukemia Diagnosis	20.7	6.4	Negative	Negative	Complete Response	Negative	42~45,XX,add(5)(q13),der(17)add(17)(p11.2)add(17)(q11.2),-18,-22[cp6]/43~44,sl,add(13)(q32),add(14)(q11.2),+mar[cp12]/43~44,sl,add(14)(q11.2),-21,	0	Negative	Negative	685	79	28	Standard Chemotherapy	10	Negative	Negative	AMLMRC	3.3	32	39	0	49.1	0		20.5	8	17	0.9	11	WES + RNA-seq	Yes	Yes	Bone Marrow Aspirate	Denovo	Matched	AML with myelodysplasia-related changes	AML with myelodysplasia-related changes	partial CD7, CD13, partial CD33, CD34, partial CD38, CD58, CD117, dim/partial CD123, partial TdT, HLA-DR positive.	0.666666667	6.6	V173M; MAF 80%	Standard Chemotherapy	12.87	Yes	71.0		1	Yes	Acute Myeloid Leukaemia (AML) and Related Precursor Neoplasms	Acute Myeloid Leukaemia (AML) and Related Precursor Neoplasms	White	No	False	No	No	False			No	No	No	No	1	Female	Standard Chemotherapy
aml_ohsu_2018	aml_ohsu_2018_1058	aml_ohsu_2018_13-00163	24	50	Leukemia	AML with inv(16)(p13.1q22) or t(16;16)(p13.1;q22);CBFB-MYH11	No	Negative		4	7+3 (Cytarabine, Idarubicin)|HiDAC|Cytarabine, Methotrexate|Busulfan, Cyclophosphamide	4	Allogeneic - Sibling | Consolidation | Unknown | Induction	3	Standard Chemotherapy | Bone Marrow Transplant | Intrathecal	Busulfan, Cyclophosphamide	Allogeneic - Sibling	inv(16)	Negative	Yes	6	Favorable	Favorable	Yes	Yes	M4	Negative	CBFB-MYH11	Initial Acute Leukemia Diagnosis	26.3	9.2	Negative	Negative	Complete Response	Negative	47,XY,inv(16)(p13q22),+22[20]	0		Negative		91.5	-1	Bone Marrow Transplant	1	Negative	Negative	AMLCBFBMYH11				0	6	0		19	52	16		53	WES + RNA-seq	Yes	Yes	Bone Marrow Aspirate	Denovo	Unmatched	AML with inv(16)(p13.1q22) or t(16;16)(p13.1;q22); CBFB-MYH11	AML with inv(16)(p13.1q22) or t(16;16)(p13.1;q22); CBFB-MYH11	- 14% Myeloid blasts: CD13, CD34, CD38, CD58, partial CD64,     CD117, CD123,          HLA-DR, and MPO positive     - 30% Monoblasts/promonocytes: CD11b, CD13, CD14, CD38, CD58, bright CD64,     HLA-DR, and MPO	0.066666667		Negative	Standard Chemotherapy	13.8	Yes	24.0	Alive	1	Yes	Acute Myeloid Leukaemia (AML) and Related Precursor Neoplasms	Acute Myeloid Leukaemia (AML) and Related Precursor Neoplasms	HispNative	No	False	No	No	False	13.16	0:LIVING	No	No	No	No	1	Male	Standard Chemotherapy|Bone Marrow Transplant|Intrathecal
aml_ohsu_2018	aml_ohsu_2018_1700	aml_ohsu_2018_14-00521	60	56	Leukemia	AML without Maturation	No	Negative		1	SWOG S1203 (7+3 +/- Vorinostat)	1	Induction	1	Standard Chemotherapy	SWOG S1203 (7+3 +/- Vorinostat)	Induction			No	7	Not Enough Information	Intermediate	No	Yes	M1	Negative	None	Initial Acute Leukemia Diagnosis			Negative	Negative	Complete Response		46,XX[21]	0	Negative	Negative			7	Standard Chemotherapy	1	Negative	Negative	AWM					1				1.4				WES	No	No	Peripheral Blood	Denovo	Matched	AML without maturation	AML without maturation	CD34+ BLAST POPULATION, 51%, EXPRESSING HLA-DR, CD38, CD7, DIM PARTIAL CD13, PARTIAL CD33, CD117, PARTIAL MPO, AND PARTIAL TDT	0.033333333		Negative	Standard Chemotherapy	1	Yes	60.0	Alive	4	Yes	Acute Myeloid Leukaemia (AML) and Related Precursor Neoplasms	Acute Myeloid Leukaemia (AML) and Related Precursor Neoplasms	White	No	False	No	No	False	1.15	0:LIVING	No	No	No	No	1	Female	Standard Chemotherapy
aml_ohsu_2018	aml_ohsu_2018_1708	aml_ohsu_2018_14-00537	17		Leukemia	AML, NOS	No			4	Bu/Cy/ATG|ADE (Cytarabine, Daunorubicin & Etoposide)|HiDAC + Midostaurin|Etoposide, Cytarabine	3	Consolidation | Induction | Allogeneic - Matched Unrelated Donor	2	Standard Chemotherapy | Bone Marrow Transplant	Bu/Cy/ATG	Allogeneic - Matched Unrelated Donor			Yes	-1	Intermediate-II	Intermediate	Yes	Yes		Negative	None	Initial Acute Leukemia Diagnosis					Unknown		46,XY,t(11;19)(q23;p13.1)[19]/46,XY[1]	-3					-1	Bone Marrow Transplant	1	Negative		AMLNOS													WES	No	Yes	Peripheral Blood	Denovo	Unmatched	Acute myeloid leukaemia, NOS	Acute myeloid leukaemia, NOS		0.066666667			Standard Chemotherapy		Yes	17.0	Alive	2	Yes	Acute Myeloid Leukaemia (AML) and Related Precursor Neoplasms	Acute Myeloid Leukaemia (AML) and Related Precursor Neoplasms	HispNative	No	False	No	No	False	2.43	0:LIVING	No	No	No	No	1	Male	Standard Chemotherapy|Bone Marrow Transplant
aml_ohsu_2018	aml_ohsu_2018_1118	aml_ohsu_2018_13-00262	65	81	Leukemia	AML with Mutated NPM1	No		0.53	5	Crenolanib|MEC, plexifor, GCSF|Sorafenib|7+3 (Cytarabine, Idarubicin) plus LBH|Clofarabine, Cytarabine	4	Salvage | Induction | Experimental | Re-induction	2	Standard Chemotherapy | Targeted Therapy - Kinase Inhibitor(s)	Crenolanib	Experimental	nuc ish(RUNX1T1,RUNX1)x2[199],(5'MLL,3'MLL)x2 (5'MLL con 3'MLLx2)[198],(PML,RARA)x2[199],(5'CBFB,3'CBFB)x2(5'CBFB con 3'CBFBx2)[200]		Yes	21	Adverse	Adverse	Yes	Yes		Positive	None	Post-Chemotherapy|Residual Disease	27.2	9.7			Refractory		46,XX,t(3;11)(q21;p11.2),t(15;15)(q15;q22)[19]/46,XX,t(2;14)(q21;q11.2)[2]	-1			743		124	Targeted Therapy - Kinase Inhibitor(s)	4	Positive		AMLNPM1	2.8	87	47		94			6				11	WES + RNA-seq	Yes	Yes	Peripheral Blood		Unmatched	AML with mutated NPM1	AML with mutated NPM1	CD7(partial +), CD15(partial +), CD33(bright +), CD34(partial +), CD45(+), and CD117(variably +).	0.166666667	5.2		Standard Chemotherapy	26	Yes	64.0	Dead-Disease	2	Yes	Acute Myeloid Leukaemia (AML) and Related Precursor Neoplasms	Acute Myeloid Leukaemia (AML) and Related Precursor Neoplasms	White	No	False	No	No	False	14.97	1:DECEASED	No	No	No	No	1	Female	Standard Chemotherapy|Targeted Therapy - Kinase Inhibitor(s)
aml_ohsu_2018	aml_ohsu_2018_1373	aml_ohsu_2018_13-00619	47		Leukemia	AML with Mutated NPM1	No		0.56	2	Crenolanib|MEC (Cytarabine, Etoposide, Mitoxantrone)	2	Salvage | Experimental	2	Standard Chemotherapy | Targeted Therapy - Kinase Inhibitor(s)	MEC (Cytarabine, Etoposide, Mitoxantrone)	Salvage			No		Not Enough Information	Favorable	No	Yes		Negative	Unknown	Residual Disease|Post-Chemotherapy	14.5	5.3						0			291		4	Standard Chemotherapy	16	Positive		AMLNPM1	2.8	10	17	0	72	0		28	0	0		10	WES + RNA-seq	Yes	Yes	Peripheral Blood		Matched	AML with mutated NPM1	AML with mutated NPM1		0.866666667	5.1			1.2	Yes	47.0	Dead-Unknown	2	Yes	Acute Myeloid Leukaemia (AML) and Related Precursor Neoplasms	Acute Myeloid Leukaemia (AML) and Related Precursor Neoplasms	White	No	False	No	No	False	30.72	1:DECEASED	No	No	No	No	1	Female	Standard Chemotherapy|Targeted Therapy - Kinase Inhibitor(s)
aml_ohsu_2018	aml_ohsu_2018_1655	aml_ohsu_2018_14-00447	48		Leukemia	AML with Recurrent Genetic Abnormalities	No	Negative	0.85	2	Fludarabine, Melphalan|Idarubicin and Cytarabine	3	Consolidation | Induction | Allogeneic - Matched Unrelated Donor	2	Standard Chemotherapy | Bone Marrow Transplant	Fludarabine, Melphalan	Allogeneic - Matched Unrelated Donor	MLL rearrangement	Negative	Yes	5	Intermediate-II	Intermediate	Yes	No	M5	Negative	MLLT3-KMT2A	Initial Acute Leukemia Diagnosis	30.4	9.7	Negative	Negative	Complete Response	Negative	47,XX,+8,t(9;11)(p22;q23)[20]	0	Negative	Negative	4484	80.4	-1	Bone Marrow Transplant		Negative	Negative	AMLRGA	3.1	51	152	0		0		9.5	0	6	0	87	RNA-seq	Yes	Yes	Peripheral Blood	Denovo	Matched	AML with t(9;11)(p22;q23); MLLT3-MLL	AML with t(9;11)(p22;q23); MLLT3-MLL			6	Negative	Standard Chemotherapy	49.29	No	48.0	Alive	1	Yes	Acute Myeloid Leukaemia (AML) and Related Precursor Neoplasms	Acute Myeloid Leukaemia (AML) and Related Precursor Neoplasms	HispNative	No	False	No	No	False	15.07	0:LIVING	No	No	No	No	1	Female	Standard Chemotherapy|Bone Marrow Transplant
aml_ohsu_2018	aml_ohsu_2018_2213	aml_ohsu_2018_15-00571	61	84	Leukemia	AML with Maturation	No			1	7+3 (Cytarabine, Idarubicin)	1	Induction	1	Standard Chemotherapy	7+3 (Cytarabine, Idarubicin)	Induction	Normal		Yes	-1	Not Enough Information	Adverse	Yes	Yes	M2	Positive	None	Initial Acute Leukemia Diagnosis					Refractory		46,XY[20]	0					-1	Standard Chemotherapy	28	Negative		AM					91								WES	No	No	Peripheral Blood	Denovo	Matched	AML with maturation	AML with maturation	partial  weak CD4 (20% positive), CD13, partial weak CD11b (60%  positive), partial weak CD15 (20% positive), CD34, CD117,  myeloperoxidase, and partial HLA-DR (60% positive)	1.6			Standard Chemotherapy	25	Yes	61.0	Alive	3	Yes	Acute Myeloid Leukaemia (AML) and Related Precursor Neoplasms	Acute Myeloid Leukaemia (AML) and Related Precursor Neoplasms	White	No	False	No	No	False	1.18	0:LIVING	No	No	No	No	2	Male	Standard Chemotherapy
aml_ohsu_2018	aml_ohsu_2018_1656	aml_ohsu_2018_14-00449	78	78	Leukemia	Therapy-Related Myeloid Neoplasms	No	Negative		1	Azacitidine, MLN4924	1	Induction	1	Standard Chemotherapy	Azacitidine, MLN4924	Induction			No	111	Intermediate-I	Intermediate	No	Yes		Negative	None	Initial Acute Leukemia Diagnosis			Positive	Negative	Refractory		46,XX[20]	0	Negative	Negative			111	Standard Chemotherapy	16	Negative	Negative	TMN					77				1				WES	No	No	Bone Marrow Aspirate		Matched	Therapy-related myeloid neoplasms	Therapy-related myeloid neoplasms	CD34 and MPO, with partial CD38, CD33, CD13, CD11c, CD117 and HLADR	0.9		Negative	Standard Chemotherapy	5.6	Yes	78.0	Dead-Disease	4	Yes	Acute Myeloid Leukaemia (AML) and Related Precursor Neoplasms	Acute Myeloid Leukaemia (AML) and Related Precursor Neoplasms	White	No	False	No	No	False	5.3	1:DECEASED	No	No	No	No	2	Female	Standard Chemotherapy
aml_ohsu_2018	aml_ohsu_2018_2490	aml_ohsu_2018_16-00056	51	95	Leukemia	AML with Mutated NPM1	No		0.93	3	HiDAC|Hydroxyurea|7+3 (Cytarabine, Idarubicin) plus Sorafenib	2	Consolidation | Induction	1	Standard Chemotherapy	HiDAC	Consolidation	Normal		Yes	2	Favorable	Favorable	Yes	Yes		Negative	None	Initial Acute Leukemia Diagnosis	20.6	6.6			Complete Response		46,XX[20]	0			189	112.6	-1	Standard Chemotherapy	22	Positive		AMLNPM1	2.9	22	12	0	95	0	0	7.8	0	3.1	0.1	57	WES + RNA-seq	Yes	Yes	Bone Marrow Aspirate	Denovo	Matched	AML with mutated NPM1	AML with mutated NPM1	Immunophenotype: CD7, CD13, CD33, CD38, CD117, CD123 and MPO positive	1.166666667	6.5		Standard Chemotherapy	25.02	Yes	51.0	Alive	1	Yes	Acute Myeloid Leukaemia (AML) and Related Precursor Neoplasms	Acute Myeloid Leukaemia (AML) and Related Precursor Neoplasms	White	No	False	No	No	False	6.61	0:LIVING	No	No	No	No	1	Female	Standard Chemotherapy
aml_ohsu_2018	aml_ohsu_2018_2314	aml_ohsu_2018_15-00777	68		Leukemia	AML with Myelodysplasia-Related Changes	No		2.67	1	3+7 (Cytarabine, Daunorubicin)	1	Induction	1	Standard Chemotherapy	3+7 (Cytarabine, Daunorubicin)	Induction	Normal		Yes	7	Not Enough Information	Adverse	Yes	Yes	M5	Negative	None	Initial Acute Leukemia Diagnosis|Post-Chemotherapy	35.5	11.4	p.R132L; MAF 47%		Refractory		46,XY[20]	-1		p.G12A; MAF 36%	3615	92.4	7	Standard Chemotherapy	5	Negative		AMLMRC	3.3	29	137	0	83	0	0.8	8.1	9.8	1.6	0.7	104	WES + RNA-seq	Yes	Yes	Leukapheresis	After or at the time transformation from another heme malignancy	Unmatched	AML with myelodysplasia-related changes	AML with myelodysplasia-related changes	CD11b, partial CD13, partial CD14, CD33, partial CD56, CD58, CD64, subset HLA-DR (20%) and partial MPO positive	0.266666667	6.4		Standard Chemotherapy	140.18	Yes	68.0	Dead-Unknown	1	Yes	Acute Myeloid Leukaemia (AML) and Related Precursor Neoplasms	Acute Myeloid Leukaemia (AML) and Related Precursor Neoplasms	White	Yes	False	No	No	False	4.01	1:DECEASED	Yes	No	No	No	2	Male	Standard Chemotherapy
aml_ohsu_2018	aml_ohsu_2018_2272	aml_ohsu_2018_15-00680	68	86	Leukemia	AML with Mutated NPM1	No		1.49	3	HiDAC|3+7 (Cytarabine, Daunorubicin)|Bu/Flu/TBI (Busulfan, Fludarabine, Total Body Irradiation)	3	Consolidation | Induction | Allogeneic - Matched Unrelated Donor	2	Standard Chemotherapy | Bone Marrow Transplant	Bu/Flu/TBI (Busulfan, Fludarabine, Total Body Irradiation)	Allogeneic - Matched Unrelated Donor	Normal		Yes	23	Intermediate-I	Favorable or Intermediate	Yes	Yes	M5	Positive	None	Initial Acute Leukemia Diagnosis	33	10.8			Complete Response		46,XY[20]	0			1211	95.9	-1	Bone Marrow Transplant	10	Positive		AMLNPM1	2.9	20	28	0.9	74.8	0	0	2.6	20.8	0.9	0.2	83	WES + RNA-seq	Yes	Yes	Bone Marrow Aspirate	Denovo	Matched	AML with mutated NPM1	AML with mutated NPM1	Variable CD13, variable CD14, CD33, variable CD64, CD117, CD123, and partial HLA-DR positive	0.433333333	7.2		Standard Chemotherapy	134.36	Yes	68.0	Alive	1	Yes	Acute Myeloid Leukaemia (AML) and Related Precursor Neoplasms	Acute Myeloid Leukaemia (AML) and Related Precursor Neoplasms	White	No	False	No	No	False	14.7	0:LIVING	No	No	No	No	1	Male	Standard Chemotherapy|Bone Marrow Transplant
aml_ohsu_2018	aml_ohsu_2018_1754	aml_ohsu_2018_14-00618	78	73	Leukemia	AML with Biallelic Mutations of CEBPA	No	L81fs*72; MAF 92%	0.82	5	7+3 (Cytarabine, Idarubicin)|Cytarabine|Bortezomib|Decitabine|Fludarabine, Cytarabine	4	Hypomethylating/Low Dose Cytarabine | Unknown | Induction | Experimental	2	Standard Chemotherapy | Targeted Therapy - Other	Decitabine	Hypomethylating/Low Dose Cytarabine			Yes	6	Favorable	Intermediate	Yes	Yes		Negative	None	Post-Chemotherapy|Residual Disease			Negative	Negative	Refractory		46,XY[20]	0			165		-1	Standard Chemotherapy	5	Negative		AMLCEBPA	4.2	9	13		84			10		6			WES + RNA-seq	Yes	Yes	Bone Marrow Aspirate		Unmatched	AML with mutated CEBPA	AML with mutated CEBPA		0.233333333	6.5		Standard Chemotherapy	13.8	Yes	77.0		2	Yes	Acute Myeloid Leukaemia (AML) and Related Precursor Neoplasms	Acute Myeloid Leukaemia (AML) and Related Precursor Neoplasms	White	No	False	No	No	False			No	No	No	No	1	Male	Standard Chemotherapy|Targeted Therapy - Other
aml_ohsu_2018	aml_ohsu_2018_127	aml_ohsu_2018_11-00261	77		Leukemia	Acute Myeloid Leukemia	No		1.48	3	Decitabine|Quizartinib|Mitoxantrone	3	Induction | Experimental | Supportive/Palliative Care	3	Standard Chemotherapy | Supportive/Palliative Care | Targeted Therapy - Kinase Inhibitor(s)	Mitoxantrone	Supportive/Palliative Care	Normal		Yes	1025	Not Enough Information	Intermediate	Yes	Yes	M4	Positive	None	Post-Chemotherapy|Residual Disease		8.7			Refractory		46,XY[20]	-20			696		18	Supportive/Palliative Care	3	Negative		AML	3	13	24	0	96	0		2	1	0		15	WES	No	No	Peripheral Blood		Unmatched	Acute myelomonocytic leukaemia	Acute myelomonocytic leukaemia	CD2, dim CD4, partial CD7, partial/dim CD64, CD13, partial CD22, dim CD33, partial CD34, CD117, CD123, HLA-DR, partial cCD79, partial TdT,  partial PAX/5 and partial MPO positive	0.166666667	5.4		Standard Chemotherapy	459.6	Yes	74.0	Dead-Unknown	1	Yes	Acute Myeloid Leukaemia (AML) and Related Precursor Neoplasms	Acute Myeloid Leukaemia (AML) and Related Precursor Neoplasms	White	No	False	No	No	False	41.58	1:DECEASED	No	No	No	No	2	Male	Standard Chemotherapy|Supportive/Palliative Care|Targeted Therapy - Kinase Inhibitor(s)
aml_ohsu_2018	aml_ohsu_2018_1117	aml_ohsu_2018_13-00260	14	62	Leukemia	AML with t(8;21)(q22;q22.1);RUNX1-RUNX1T1	No	Negative	0.58	1	COG-AAML0531 (Cytarabine, Daunorubicin, Etoposide, L-Asparaginase, Mitoxantrone +/- Gemtuzumab)	1	Induction	1	Standard Chemotherapy	COG-AAML0531 (Cytarabine, Daunorubicin, Etoposide, L-Asparaginase, Mitoxantrone +/- Gemtuzumab)	Induction	RUNX1T1/ RUNX1 fusion and t(8;21),	Negative	Yes	133	Adverse	Favorable	Yes	No	M2	Negative	RUNX1-RUNX1T1	Initial Acute Leukemia Diagnosis	18.5	6.3	Negative		Complete Response	Negative	45,X,-Y,t(8;21)(q22;q22)[4]/45,idem,del(9)(q12q22)[13]/46,XY[3]	0	Negative	Negative	486	105.8	133	Standard Chemotherapy		Negative	Negative	AMLRUNX1RUNX1T1	4.1	15	9	0	64	0		28	1	7		63	RNA-seq	Yes	Yes	Peripheral Blood	Denovo	Matched	AML with t(8;21)(q22;q22); RUNX1-RUNX1T1	AML with t(8;21)(q22;q22); RUNX1-RUNX1T1	CD13, CD33, CD34, dim CD45, partial CD56, CD58, dim CD117, HLA-DR, MPO, and partial TdT-positive		7.9	p.S366A; MAF 50%	Standard Chemotherapy	13.3	No	14.0	Alive	1	Yes	Acute Myeloid Leukaemia (AML) and Related Precursor Neoplasms	Acute Myeloid Leukaemia (AML) and Related Precursor Neoplasms	White	No	False	No	No	False	33.26	0:LIVING	No	No	No	No	1	Male	Standard Chemotherapy
aml_ohsu_2018	aml_ohsu_2018_2347	aml_ohsu_2018_15-00839	48	13	Leukemia	AML with Mutated NPM1	No		0.95	1	ADE (Cytarabine, Daunorubicin & Etoposide)	1	Induction	1	Standard Chemotherapy	ADE (Cytarabine, Daunorubicin & Etoposide)	Induction	Normal		No	7	Intermediate-I	Favorable or Intermediate	No	Yes		Positive	None	Initial Acute Leukemia Diagnosis	42.1	14			Unknown		46,XY[20]	0			231	89.2	7	Standard Chemotherapy	6	Positive		AMLNPM1	3.9	84	28	0.2		0	0.5	10.2	4.4	84.7	0	330	WES + RNA-seq	Yes	Yes	Bone Marrow Aspirate	Denovo	Matched	AML with mutated NPM1	AML with mutated NPM1	CD33, CD117 positive, negative for CD34 and HLA-DR	0.266666667	8.2		Standard Chemotherapy	6.3	Yes	48.0	Dead-Disease	1	Yes	Acute Myeloid Leukaemia (AML) and Related Precursor Neoplasms	Acute Myeloid Leukaemia (AML) and Related Precursor Neoplasms	White	No	False	No	No	False	1.09	1:DECEASED	No	No	No	No	1	Male	Standard Chemotherapy
aml_ohsu_2018	aml_ohsu_2018_17	aml_ohsu_2018_14-00395	31		Leukemia	AML with Mutated NPM1	No		0.66	6	7+3 (Cytarabine, Idarubicin)|HiDAC|Fludarabine, TBI|Sorafenib|Hydroxyurea|Decitabine	5	Consolidation | Induction | Experimental | Re-induction | Allogeneic - Matched Unrelated Donor	3	Standard Chemotherapy | Bone Marrow Transplant | Targeted Therapy - Kinase Inhibitor(s)	Sorafenib	Experimental	Missing 6q21 signal while having two copies each of the 6 centromere signal and the MYB (6q23) signal		No	2	Intermediate-II	Intermediate	No	Yes		Positive	None	Post-Transplant|Residual Disease	21.6	7.5			Unknown		46,XX,del(6)(q13q23)[18]/46,XY[2]	-15			512	91.5	105	Targeted Therapy - Kinase Inhibitor(s)	4	Positive		AMLNPM1	3.6	13	22	0		0.8	0.4	75.6	18.9	4.3	5.1	28	WES	No	No	Peripheral Blood		Unmatched	AML with mutated NPM1	AML with mutated NPM1		0.133333333	6.9		Standard Chemotherapy	2.54	Yes	27.0	Dead-Disease	1	Yes	Acute Myeloid Leukaemia (AML) and Related Precursor Neoplasms	Acute Myeloid Leukaemia (AML) and Related Precursor Neoplasms	White	No	False	No	No	False	48.13	1:DECEASED	No	No	No	No	5	Female	Standard Chemotherapy|Bone Marrow Transplant|Targeted Therapy - Kinase Inhibitor(s)
aml_ohsu_2018	aml_ohsu_2018_652	aml_ohsu_2018_13-00004	72	65	Leukemia	AML, NOS	No		0.91	5	5+2 (Cytarabine, Idarubicin)|Dasatinib|7+3 (Cytarabine, Idarubicin)|Azacitidine|Hydroxyurea	5	Consolidation | Induction | Experimental | Re-induction | Supportive/Palliative Care	3	Standard Chemotherapy | Supportive/Palliative Care | Targeted Therapy - Kinase Inhibitor(s)	Hydroxyurea	Supportive/Palliative Care	Normal		No	6	Not Enough Information	Adverse	Yes	Yes	NOS	Positive	None	Post-Chemotherapy|Residual Disease	23.3	7.7			Refractory		46,XY[20]	-71			888	91	9	Supportive/Palliative Care	5	Negative		AMLNOS	2.3	47	54	11	13	11		52	3	10		49	WES	No	No	Bone Marrow Aspirate		Unmatched	Acute myeloid leukaemia, NOS	Acute myeloid leukaemia, NOS	dim/partial CD7, CD13, CD33, CD34, variable CD38, CD58,variable CD117, CD123, and HLA-DR positive	0.3	5.8		Standard Chemotherapy	6.8	Yes	71.0	Dead-Disease	1	Yes	Acute Myeloid Leukaemia (AML) and Related Precursor Neoplasms	Acute Myeloid Leukaemia (AML) and Related Precursor Neoplasms	HispNative	No	False	No	No	False	10.16	1:DECEASED	No	No	No	No	3	Male	Standard Chemotherapy|Supportive/Palliative Care|Targeted Therapy - Kinase Inhibitor(s)
aml_ohsu_2018	aml_ohsu_2018_2273	aml_ohsu_2018_15-00682	83	45	Leukemia	AML with Myelodysplasia-Related Changes	No	Negative		1	AG-221	1	Experimental	1	Targeted Therapy - Other	AG-221	Experimental	FISH assays were positive for findings consistent with trisomy 8 in 79% to 90% of assayed cells, and positive for loss of 16q22 sequences in 91.5% of assayed cells.		No		Not Enough Information	Adverse	No	Yes		Negative	None	Initial Acute Leukemia Diagnosis			p.G105G; MAF 50%			Negative	46,XX,+8,-16,der(17)t(16;17)(p11.2;p11.1),del(19)(p13.3)[20]	0					-1	Targeted Therapy - Other	13	Negative		AMLMRC												133	WES	No	No	Peripheral Blood		Matched	AML with myelodysplasia-related changes	AML with myelodysplasia-related changes	positive for CD34, CD117, HLA-DR, and CD13, with aberrant loss of CD33, and with a subset of the blasts showing aberrant co-expression of CD34 and myeloperoxidase	0.566666667				2.2	Yes	83.0		5	No	Acute Myeloid Leukaemia (AML) and Related Precursor Neoplasms	Acute Myeloid Leukaemia (AML) and Related Precursor Neoplasms	White	No	False	No	No	False			No	No	No	No	2	Female	Targeted Therapy - Other
aml_ohsu_2018	aml_ohsu_2018_2475	aml_ohsu_2018_16-00035	54		Leukemia	AML with Mutated NPM1	No	Negative	0.51	2	HiDAC|7+3 (Cytarabine, Idarubicin) plus Crenolanib	2	Consolidation | Induction	1	Standard Chemotherapy	HiDAC	Consolidation	nuc ish(D5S2064,D5S630,EGR1)x2[200],(D7Z1,D7S522)x2[200],(D8Z2,D20S108)x2[196],(5'MLL,3'MLL)x2(5'MLL con 3'MLLx2)[198]		Yes	-1	Favorable	Favorable	Yes	Yes		Negative	Unknown	Initial Acute Leukemia Diagnosis	19.4	6.6	Negative		Complete Response			0			1259		88	Standard Chemotherapy	17	Positive		AMLNPM1	2.7	135	113	0	97	0		1	0	2		28	WES	No	No	Peripheral Blood	Denovo	Matched	AML with mutated NPM1	AML with mutated NPM1	CD2(-), CD4(dim +), CD7(-), CD11b(-), CD13(-), CD14(-), CD15(-), CD16(-), CD33(variably +), CD34(-), CD36(-), CD38(variably +), CD45(+), CD56(partial +), CD64 (partial +), CD117(variably +), HLA-DR(-).	0.833333333	5.3		Standard Chemotherapy	175.91	Yes	54.0	Alive	2	Yes	Acute Myeloid Leukaemia (AML) and Related Precursor Neoplasms	Acute Myeloid Leukaemia (AML) and Related Precursor Neoplasms	White	No	False	No	No	False	18.62	0:LIVING	No	No	No	No	1	Female	Standard Chemotherapy
aml_ohsu_2018	aml_ohsu_2018_923	aml_ohsu_2018_12-00423	61	46	Leukemia	AML with Maturation	No		1.05	1	3+7 (Cytarabine, Daunorubicin)	1	Induction	1	Standard Chemotherapy	3+7 (Cytarabine, Daunorubicin)	Induction	Normal		Yes	7	Not Enough Information	Intermediate	Yes	No	M2	Negative	None	Initial Acute Leukemia Diagnosis	26.4	8.8			Refractory		46,XY[20]	0			551	89.1	7	Standard Chemotherapy		Negative		AM	3.2	18	34	0	66	1		24	5	4		72	RNA-seq	Yes	Yes	Bone Marrow Aspirate	Denovo	Matched	AML with maturation	AML with maturation	CD13, CD33, CD34, CD117, dim CD123, HLA-DR,partial MPO (+)		7		Standard Chemotherapy	16.5	No	61.0		1	Yes	Acute Myeloid Leukaemia (AML) and Related Precursor Neoplasms	Acute Myeloid Leukaemia (AML) and Related Precursor Neoplasms	White	No	False	No	No	False			No	No	No	No	1	Male	Standard Chemotherapy
aml_ohsu_2018	aml_ohsu_2018_1448	aml_ohsu_2018_14-00067	62	12	Myelodysplastic Syndromes	MDS, Unclassifiable	No	Negative		3	Fludarabine, Melphalan|Lenalidomide|Decitabine	3	Hypomethylating/Low Dose Cytarabine | Induction | Allogeneic - Mismatched Unrelated Donor	2	Standard Chemotherapy | Bone Marrow Transplant	Fludarabine, Melphalan	Allogeneic - Mismatched Unrelated Donor	nuc ish(D5S721x2,D5S23x2,EGR1x1)[149/200],(D7Z1,D7S522)x1[155/200],(D8Z2,D20S108)x2[200], (RUNX1T1,RUNX1)x2[199],(5'MLL,3'MLL)x2(5'MLL con 3'MLLx2)[200],(PML,RARA)x2[199],(5'CBFB,3'CBFB)x2(5'CBFB con 3'CBFBx2)[200]		No	61		Adverse	No	Yes		Negative	None	Post-Chemotherapy|Residual Disease	24.7	8.3			Refractory		44~45,XX,add(4)(p16),der(5)t(5;12)(q13;q14),-7,-12,del(17)(p11.2p13),+1~3mar[cp14]/45,idem,dup(11)(q23q14)[1]/44,idem,add (1)(p36.3)[cp3]/46,XX[2]	0					-1	Bone Marrow Transplant	15	Negative		MDSU	4.3	80	54		1							91	WES	No	No	Bone Marrow Aspirate		Matched	Myelodysplastic syndrome, unclassifiable	Myelodysplastic syndrome, unclassifiable	CD2(-), CD4(variably +), CD7(-), CD11b(-), CD13(+), CD14(-), CD15(-), CD16(-), CD33(+), CD34(+), CD36(-), CD38(partial +), CD45(+), CD56(-), CD64(-), CD117(+), HLA-DR(+), TdT(-), MPO(-)	0.833333333	7.9		Standard Chemotherapy	5.9	Yes	62.0	Dead-Unknown	2	Yes	Myelodysplastic Syndromes	Myelodysplastic Syndromes	White	No	True	No	No	False	22.66	1:DECEASED	Yes	No	No	No	1	Female	Standard Chemotherapy|Bone Marrow Transplant
aml_ohsu_2018	aml_ohsu_2018_1111	aml_ohsu_2018_13-00250	78		Leukemia	AML with Myelodysplasia-Related Changes	No			2	Azacitidine|Decitabine	2	Hypomethylating/Low Dose Cytarabine | Induction	1	Standard Chemotherapy	Decitabine	Hypomethylating/Low Dose Cytarabine			No	-1	Not Enough Information	Intermediate	No	Yes		Negative	Unknown	Post-Chemotherapy|Residual Disease					Unknown			0					-1	Standard Chemotherapy	4	Negative		AMLMRC													WES + RNA-seq	Yes	Yes	Peripheral Blood	After or at the time transformation from another heme malignancy	Unmatched	AML with myelodysplasia-related changes	AML with myelodysplasia-related changes		0.233333333			Standard Chemotherapy		Yes	78.0	Dead-Disease	1	Yes	Acute Myeloid Leukaemia (AML) and Related Precursor Neoplasms	Acute Myeloid Leukaemia (AML) and Related Precursor Neoplasms	White	Yes	False	No	No	False	11.71	1:DECEASED	Yes	No	No	No	1	Male	Standard Chemotherapy
aml_ohsu_2018	aml_ohsu_2018_2307	aml_ohsu_2018_15-00763	23		Leukemia	AML with t(8;21)(q22;q22.1);RUNX1-RUNX1T1	No			2	7+3 (Cytarabine, Idarubicin)|Busulfan, Fludarabine, Cyclophosphamide, Thymoglobulin (Bu/Flu/Cy/ATG)	2	Induction | Allogeneic - Matched Unrelated Donor	2	Standard Chemotherapy | Bone Marrow Transplant	Busulfan, Fludarabine, Cyclophosphamide, Thymoglobulin (Bu/Flu/Cy/ATG)	Allogeneic - Matched Unrelated Donor	62% t(8;21) (RUNX1T1;RUNX1) translocation present		Yes	-1	Adverse	Adverse	Yes	Yes		Negative	RUNX1-RUNX1T1	Initial Acute Leukemia Diagnosis					Complete Response		46,XY,add(6)(q23),del(7)(q33),t(8;21)(q22;q22)[2]/46,sl,add(17)(p11.1)[5]/46,sdl1,add(16)(p11.2)[2]/46,sdl2,add(3)(q21)[8]/46,sdl3,add(20)(q11.2)[3]	-4					-1	Bone Marrow Transplant	2	Negative		AMLRUNX1RUNX1T1													WES + RNA-seq	Yes	Yes	Peripheral Blood	Denovo	Unmatched	AML with t(8;21)(q22;q22); RUNX1-RUNX1T1	AML with t(8;21)(q22;q22); RUNX1-RUNX1T1		0.066666667			Standard Chemotherapy		Yes	23.0	Alive	3	Yes	Acute Myeloid Leukaemia (AML) and Related Precursor Neoplasms	Acute Myeloid Leukaemia (AML) and Related Precursor Neoplasms	White	No	False	No	No	False	15.33	0:LIVING	No	No	No	No	1	Male	Standard Chemotherapy|Bone Marrow Transplant
aml_ohsu_2018	aml_ohsu_2018_1868	aml_ohsu_2018_14-00832	65		Leukemia	AML with Myelodysplasia-Related Changes	No	Negative	0.78	3	Fludarabine, Melphalan|7+3 (Cytarabine, Idarubicin)|MiDAC	3	Consolidation | Induction | Allogeneic - Mismatched Unrelated Donor	2	Standard Chemotherapy | Bone Marrow Transplant	Fludarabine, Melphalan	Allogeneic - Mismatched Unrelated Donor		Negative	Yes	6	Intermediate-II	Intermediate or Adverse	Yes	Yes		Positive	Unknown	Initial Acute Leukemia Diagnosis	22.4	7.4	Negative	Negative	Complete Response	Negative		0	Negative	Negative	561	107.2	0	Bone Marrow Transplant	15	Negative	Negative	AMLMRC	3	23	29	0.8	30	0	12.5	24.2	28.3	18.4	0	60	WES + RNA-seq	Yes	Yes	Bone Marrow Aspirate	Denovo	Matched	AML with myelodysplasia-related changes	AML with myelodysplasia-related changes	CD7, minor subset CD11b, CD13, minor subset CD14,      dim CD33, CD34, CD38, CD58, minor subset CD64, CD117, CD123, HLA-DR, subset      myeloperoxidase positive	0.8	6.6		Standard Chemotherapy	31.66	Yes	65.0	Alive	1	Yes	Acute Myeloid Leukaemia (AML) and Related Precursor Neoplasms	Acute Myeloid Leukaemia (AML) and Related Precursor Neoplasms	White	No	False	No	No	False	14.8	0:LIVING	No	No	No	No	1	Female	Standard Chemotherapy|Bone Marrow Transplant
aml_ohsu_2018	aml_ohsu_2018_1811	aml_ohsu_2018_14-00715	55	72	Leukemia	AML with Myelodysplasia-Related Changes	No	Negative		5	7+3 (Cytarabine, Idarubicin)|HiDAC|Azacitidine|Decitabine|MEC, Lenalidomide	4	Hypomethylating/Low Dose Cytarabine | Consolidation | Induction | Re-induction	2	Standard Chemotherapy | Supportive/Palliative Care	Decitabine	Hypomethylating/Low Dose Cytarabine		Negative	No	6	Adverse	Adverse	No	Yes		Negative	None	Residual Disease|Post-Chemotherapy			Negative	Negative	Complete Response		50,XX,del(1)(q32),+8,+9,t(15;16)(q15~21;q12~22),+19,+21[cp20]	0	Negative	Negative			-1	Supportive/Palliative Care	30	Negative	Negative	AMLMRC					81								WES	No	No	Bone Marrow Aspirate		Matched	AML with myelodysplasia-related changes	AML with myelodysplasia-related changes	ABNORMAL CD34+ BLAST POPULATION, 72%, EXPRESSING DIM PARTIAL CD4, DIM PARTIAL CD7, DIM PARTIAL CD8, CD33, CD38, PARTIAL CD64, CD117, PARTIAL HLA-DR, AND DIM PARTIAL TdT	1.8		Negative	Standard Chemotherapy	3.8	Yes	50.0	Dead-Disease	4	Yes	Acute Myeloid Leukaemia (AML) and Related Precursor Neoplasms	Acute Myeloid Leukaemia (AML) and Related Precursor Neoplasms	White	No	False	No	No	False	63.75	1:DECEASED	No	No	No	No	2	Female	Standard Chemotherapy|Supportive/Palliative Care
aml_ohsu_2018	aml_ohsu_2018_2364	aml_ohsu_2018_15-00870	71	20	Leukemia	AML with Myelodysplasia-Related Changes	No		1.57	3	Vidaza|Rituximab|Decitabine	2	Consolidation | Maintenance	1	Standard Chemotherapy	Decitabine	Maintenance			Yes		Not Enough Information	Adverse	Yes	Yes		Negative	None	Initial Acute Leukemia Diagnosis|Post-Chemotherapy	26	8.1					46,XY[20]	0		p.G12V; MAF 49%		91.9	86	Standard Chemotherapy	6	Negative		AMLMRC	3.7	6	33		10	1		22	48	16		13	WES + RNA-seq	Yes	Yes	Peripheral Blood	After or at the time transformation from another heme malignancy	Unmatched	AML with myelodysplasia-related changes	AML with myelodysplasia-related changes	Positive for CD34, CD117, HLADR, CD33, CD13 but negative for CD14, CD64, CD11b, CD19, and CD3	0.333333333	7			44.8	Yes	71.0	Dead-Disease	6	Yes	Acute Myeloid Leukaemia (AML) and Related Precursor Neoplasms	Acute Myeloid Leukaemia (AML) and Related Precursor Neoplasms	White	Yes	False	No	No	False	1.68	1:DECEASED	Yes	No	No	No	1	Male	Standard Chemotherapy
aml_ohsu_2018	aml_ohsu_2018_1761	aml_ohsu_2018_14-00632	64	90	Leukemia	Acute Myeloid Leukemia	No	Negative	0.52	6	5+2 (Cytarabine, Idarubicin)|7+3 (Cytarabine, Idarubicin)|R-CEOP (Cyclophosphamide, Etoposide, Prednisolone, Rituximab, Vincristine)|MiDAC|FATE Trial RIC (Fludarabine, Melphalan, Rabbit ATG) |R-CHOP (Cyclophosphamide, Doxorubicin, Prednisolone, Rituximab,	4	Consolidation | Induction | Re-induction | Allogeneic - Matched Unrelated Donor	2	Standard Chemotherapy | Bone Marrow Transplant	R-CEOP (Cyclophosphamide, Etoposide, Prednisolone, Rituximab, Vincristine)	Induction		Negative	No	6	Intermediate-II	Adverse	No	Yes	M4	Negative	None	Initial Acute Leukemia Diagnosis	23.5	7.7	Negative	Negative	Refractory	Negative	46,XX,del(17)(q25)[3]/46,sl,del(3)(q12q21)[cp17]	0	Negative	p.G12V; MAF 30%	452	94.4	3	Standard Chemotherapy	18	Negative	p.G12D; MAF 7%	AML	1.8	37	31	0	30	0	0	37.5	27.7	0	2.6	56	WES + RNA-seq	Yes	Yes	Bone Marrow Aspirate	Denovo	Matched	Acute myelomonocytic leukaemia	Acute myelomonocytic leukaemia	dim CD4, partial variable CD7, CD13, CD33, partial CD34, CD38, partial CD58, CD117, CD123, HLA-DR, TDT and partial MPO positive.	0.866666667	6.2	Negative	Standard Chemotherapy	6.44	Yes	64.0	Alive	1	Yes	Acute Myeloid Leukaemia (AML) and Related Precursor Neoplasms	Acute Myeloid Leukaemia (AML) and Related Precursor Neoplasms	White	No	False	No	No	False	18.72	0:LIVING	No	No	No	No	1	Female	Standard Chemotherapy|Bone Marrow Transplant
aml_ohsu_2018	aml_ohsu_2018_1989	aml_ohsu_2018_15-00150	47		Leukemia	AML with Mutated NPM1	No	Negative	0.82	5	HiDAC|GCLAC (GCSF, Clofarabine & Cytarabine)|SWOG S1203 (7+3 +/- Vorinostat)|MEC, Lenalidomide|Etoposide, Cytarabine	4	Consolidation | Salvage | Induction | Re-induction	1	Standard Chemotherapy	GCLAC (GCSF, Clofarabine & Cytarabine)	Salvage	Normal	p.R882C; MAF 47%	Yes	6	Intermediate-I	Favorable or Intermediate	Yes	Yes		Positive	None	Residual Disease|Post-Chemotherapy	24.5	8.2	p.R132C; MAF 47%	Negative	Complete Response	Negative	46,XY[20]	0	Negative	Negative		87.5	-1	Standard Chemotherapy	25	Positive	p.G13D; MAF 17%	AMLNPM1	2.9	38	22	0		0	0	7.2	0	8.9	1.5	18	WES	No	No	Bone Marrow Aspirate		Matched	AML with mutated NPM1	AML with mutated NPM1		1.3	5.4	Negative	Standard Chemotherapy	5.98	Yes	46.0		4	Yes	Acute Myeloid Leukaemia (AML) and Related Precursor Neoplasms	Acute Myeloid Leukaemia (AML) and Related Precursor Neoplasms	White	No	False	No	No	False			No	No	No	No	2	Male	Standard Chemotherapy
aml_ohsu_2018	aml_ohsu_2018_2225	aml_ohsu_2018_15-00593	71	82	Leukemia	Therapy-Related Myeloid Neoplasms	No			5	7+3 (Cytarabine, Idarubicin)|Azacitidine|CLAG-M (Cladribine, Cytarabine, Mitoxantrone, Filgrastim)|Hydroxyurea|Mitoxantrone	4	Hypomethylating/Low Dose Cytarabine | Induction | Re-induction | Supportive/Palliative Care	2	Standard Chemotherapy | Supportive/Palliative Care	Hydroxyurea	Supportive/Palliative Care	ABNORMAL FISH RESULT 7cen (D7Z1), 7q31 (D7S486): deletion present		Yes	-1	Intermediate-II	Intermediate	Yes	Yes		Negative	None	Initial Acute Leukemia Diagnosis					Refractory		46,XX,del(7)(q22q36)[20]	-1					-1	Supportive/Palliative Care	25	Negative		TMN					66								WES + RNA-seq	Yes	Yes	Peripheral Blood		Matched	Therapy-related myeloid neoplasms	Therapy-related myeloid neoplasms	CD7, CD13, weak CD33, CD34, CD117, and HLA-DR	1.4			Standard Chemotherapy	133.7	Yes	71.0	Dead-Disease	3	Yes	Acute Myeloid Leukaemia (AML) and Related Precursor Neoplasms	Acute Myeloid Leukaemia (AML) and Related Precursor Neoplasms	White	No	False	No	No	False	9.21	1:DECEASED	No	No	No	No	2	Female	Standard Chemotherapy|Supportive/Palliative Care
aml_ohsu_2018	aml_ohsu_2018_2337	aml_ohsu_2018_15-00936	54		Leukemia	AML with Mutated NPM1	No		1	4	HAM (Cytarabine, Mitoxantrone)|3+7 (Cytarabine, Daunorubicin)|Sorafenib|Hydroxyurea	4	Induction | Experimental | Re-induction | Maintenance	2	Standard Chemotherapy | Targeted Therapy - Kinase Inhibitor(s)	Sorafenib	Experimental	Normal	p.R882C; MAF 45%	Yes	6	Not Enough Information	Adverse	Yes	Yes		Positive	None	Post-Chemotherapy|Residual Disease	20.9	6.9			Unknown		46,XY,t(7;17)(q22;q21)[3]/46,XY,t(2;4)(q33;q25),del(9)(q2?1;q3?2),add(17)(q21)[cp3]/46,XY,t(1;2)(q31;p25),inv(9)(q3?1q34)[2]/46,XY,t(13;14)(q14;q32)[cp2]/46,XY,add(3)(p24)[1]/46,XY[3]	2				96.3	-1	Targeted Therapy - Kinase Inhibitor(s)	20	Positive		AMLNPM1	3.6	29	41	1.8		3.6	6.2	23.2	18.7	17	1.3	21	WES + RNA-seq	Yes	Yes	Peripheral Blood		Matched	AML with mutated NPM1	AML with mutated NPM1		1.133333333	6.8		Standard Chemotherapy	20.77	Yes	53.0	Dead-Disease	1	Yes	Acute Myeloid Leukaemia (AML) and Related Precursor Neoplasms	Acute Myeloid Leukaemia (AML) and Related Precursor Neoplasms	White	No	False	No	No	False	5.53	1:DECEASED	No	No	No	No	4	Male	Standard Chemotherapy|Targeted Therapy - Kinase Inhibitor(s)
aml_ohsu_2018	aml_ohsu_2018_1554	aml_ohsu_2018_14-00273	34	87	Leukemia	AML with Biallelic Mutations of CEBPA	No	Double positive: p.Ser17Profs*99 and p.Lys313dup		2	7+3 (Cytarabine, Idarubicin)|HiDAC	2	Consolidation | Induction	1	Standard Chemotherapy	HiDAC	Consolidation			No	24	Not Enough Information	Intermediate	No	Yes		Negative	None	Initial Acute Leukemia Diagnosis			Negative	Negative	Complete Response		46,XX[20]	-1	Negative	Positive			105	Standard Chemotherapy	12	Negative	Negative	AMLCEBPA					87				0				WES	No	Yes	Peripheral Blood	Denovo	Matched	AML with mutated CEBPA	AML with mutated CEBPA	CD34, CD117,partial CD13, CD33, CD38, partial CD64, dim CD7, variable CD15, HLA-DR and bright MPO	0.6		Negative	Standard Chemotherapy	99.3	Yes	34.0	Alive	4	Yes	Acute Myeloid Leukaemia (AML) and Related Precursor Neoplasms	Acute Myeloid Leukaemia (AML) and Related Precursor Neoplasms	HispNative	No	False	No	No	False	27.4	0:LIVING	No	No	No	No	2	Female	Standard Chemotherapy
aml_ohsu_2018	aml_ohsu_2018_1999	aml_ohsu_2018_15-00175	50	76	Leukemia	AML with Myelodysplasia-Related Changes	No	Negative	0.44	2	7+3 (Cytarabine, Idarubicin)|MEC (Cytarabine, Etoposide, Mitoxantrone)	2	Salvage | Induction	1	Standard Chemotherapy	MEC (Cytarabine, Etoposide, Mitoxantrone)	Salvage	deleted 5q and three short arm signals;  monosomy 7 and the metaphase karyotype;  no evidence for MLL deletion or rearrangement	Negative	Yes	6	Adverse	Adverse	Yes	Yes		Negative	None	Initial Acute Leukemia Diagnosis	18.8	6.3	Negative	Negative	Refractory	Negative	43~47,XY,del(1)(q42),r(2)(p2?3q37),t(3;5)(q27;q31),del(4)(q31),+del(5)(q31),add(5)(q11.2),-7,del(11)(q23),add(12)(p13),-22,+mar[cp11]/43~46,idem,add(14)(q24)[cp8]	0		Negative		85.8	4	Standard Chemotherapy	12	Negative	p.Q61K; MAF 37%	AMLMRC	2.2	7	10	0	93	0	0	6.1	1.7	1.8	0	14	WES + RNA-seq	Yes	Yes	Peripheral Blood	After or at the time transformation from another heme malignancy	Matched	AML with myelodysplasia-related changes	AML with myelodysplasia-related changes		0.5	5.9	p.R273H; MAF 44%	Standard Chemotherapy	50.74	Yes	50.0	Dead-Disease	1	Yes	Acute Myeloid Leukaemia (AML) and Related Precursor Neoplasms	Acute Myeloid Leukaemia (AML) and Related Precursor Neoplasms	HispNative	Yes	False	No	No	False	3.26	1:DECEASED	Yes	No	No	No	1	Male	Standard Chemotherapy
aml_ohsu_2018	aml_ohsu_2018_2511	aml_ohsu_2018_16-00109	76	96	Leukemia	AML with Mutated NPM1	No		0.46	1	Hydroxyurea	1	Supportive/Palliative Care	1	Supportive/Palliative Care	Hydroxyurea	Supportive/Palliative Care	Normal		Yes		Intermediate-I	Favorable	Yes	Yes		Positive	None	Initial Acute Leukemia Diagnosis	31	10.4					46,XY[20]	-1			839	93.9	7	Supportive/Palliative Care	5	Positive		AMLNPM1	2.3	23	43	0	93.3	0	0.7	4.7	0	1.3	0.6	17	WES + RNA-seq	Yes	Yes	Leukapheresis	After or at the time transformation from another heme malignancy	Unmatched	AML with mutated NPM1	AML with mutated NPM1	CD13, CD33, CD38, variable CD56, CD58, CD117 and MPO positive	0.2	5.1			230.05	Yes	76.0	Dead-Unknown	1	No	Acute Myeloid Leukaemia (AML) and Related Precursor Neoplasms	Acute Myeloid Leukaemia (AML) and Related Precursor Neoplasms	White	No	False	Yes	No	False	0.26	1:DECEASED	No	Yes	No	No	1	Male	Supportive/Palliative Care
aml_ohsu_2018	aml_ohsu_2018_1438	aml_ohsu_2018_14-00052	71		Leukemia	AML with Recurrent Genetic Abnormalities	No	Negative		3	CPX-351 (Liposomal Cytarabine + Daunorubicin)|Lenalidomide|MEC (Cytarabine, Etoposide, Mitoxantrone)	2	Induction | Re-induction	1	Standard Chemotherapy	MEC (Cytarabine, Etoposide, Mitoxantrone)	Re-induction		Negative	Yes	23	Adverse	Adverse	Yes	Yes		Negative	GATA2-MECOM	Initial Acute Leukemia Diagnosis			Negative	Negative	Refractory		45,XY,inv(3)(q21q26),-7[20]	-14	Negative	Negative			4	Standard Chemotherapy	22	Negative	Negative	AMLRGA													WES	No	No	Bone Marrow Aspirate	Denovo	Matched	AML with inv(3)(q21q26.2) or t(3;3)(q21;q26.2); RPN1-EVI1	AML with inv(3)(q21q26.2) or t(3;3)(q21;q26.2); RPN1-EVI1		1.133333333		Negative	Standard Chemotherapy		Yes	71.0	Dead-Unknown	4	Yes	Acute Myeloid Leukaemia (AML) and Related Precursor Neoplasms	Acute Myeloid Leukaemia (AML) and Related Precursor Neoplasms	White	No	False	No	No	False	8.62	1:DECEASED	No	No	No	No	2	Male	Standard Chemotherapy
aml_ohsu_2018	aml_ohsu_2018_2343	aml_ohsu_2018_15-00821	66	0	Leukemia	AML with Myelodysplasia-Related Changes	No			3	Fludarabine, Melphalan|7+3 (Cytarabine, Idarubicin)|MiDAC	3	Consolidation | Induction | Allogeneic - Matched Unrelated Donor	2	Standard Chemotherapy | Bone Marrow Transplant	Fludarabine, Melphalan	Allogeneic - Matched Unrelated Donor	Normal		No	6	Not Enough Information	Intermediate	No	Yes		Negative	None	Post-Chemotherapy	32.1	10.2			Refractory		46,XY[20]	-20				94.7	-1	Bone Marrow Transplant	7	Negative		AMLMRC				0.8	0	0	2	18.6	9.3	69.3	0	345	WES + RNA-seq	Yes	Yes	Bone Marrow Aspirate		Matched	AML with myelodysplasia-related changes	AML with myelodysplasia-related changes	The analysis was performed by flow cytometry on the bone marrow aspiratespecimen. The analysis shows CD34+ blasts account for 1% of CD45+ events. Maturing myeloid precursors and monocytic cells demonstrate a normal pattern of myelomonocytic antigen expres	0.233333333			Standard Chemotherapy	8.94	Yes	66.0	Dead-Disease	1	Yes	Acute Myeloid Leukaemia (AML) and Related Precursor Neoplasms	Acute Myeloid Leukaemia (AML) and Related Precursor Neoplasms	White	No	False	No	No	False	7.6	1:DECEASED	No	No	No	No	1	Male	Standard Chemotherapy|Bone Marrow Transplant
aml_ohsu_2018	aml_ohsu_2018_163	aml_ohsu_2018_09-00705	73	94	Leukemia	AML with Mutated NPM1	No		0.79	3	7+3 (Cytarabine, Idarubicin)|MiDAC|AC220 (Ambit)	3	Consolidation | Induction | Experimental	2	Standard Chemotherapy | Targeted Therapy - Kinase Inhibitor(s)	AC220 (Ambit)	Experimental	Normal		No	5	Intermediate-I	Favorable or Intermediate	Yes	Yes	M1	Positive	None	Initial Acute Leukemia Diagnosis	19.3	6.8			Complete Response	Negative	46,XY[20]	0	Negative		441	100.5	30	Targeted Therapy - Kinase Inhibitor(s)	3	Positive		AMLNPM1	4.1	19	28	0	97	0		2	1	0		89	WES	No	No	Bone Marrow Aspirate	Denovo	Unmatched	AML with mutated NPM1	AML with mutated NPM1	CD11b, CD13, CD33, dim CD56, CD64, CD117, and dim MPO positive, CD34 negative, HLA-DR negative	0.1	7.6		Standard Chemotherapy	94	Yes	73.0	Dead-Disease	1	Yes	Acute Myeloid Leukaemia (AML) and Related Precursor Neoplasms	Acute Myeloid Leukaemia (AML) and Related Precursor Neoplasms	White	No	False	No	No	False	13.98	1:DECEASED	No	No	No	No	2	Male	Standard Chemotherapy|Targeted Therapy - Kinase Inhibitor(s)
aml_ohsu_2018	aml_ohsu_2018_1602	aml_ohsu_2018_14-00355	78		Leukemia	Acute Monoblastic/Monocytic Leukemia	No	Negative		3	Azacitidine|Sorafenib|Decitabine, Midostaurin	3	Induction | Experimental | Re-induction	2	Standard Chemotherapy | Targeted Therapy - Kinase Inhibitor(s)	Sorafenib	Experimental		Negative	No	317	Not Enough Information	Adverse	No	Yes		Positive	None	Initial Acute Leukemia Diagnosis			Negative	Negative	Refractory		46,XY[25]	-14	Negative	Negative			8	Targeted Therapy - Kinase Inhibitor(s)	2	Negative	Negative	AMOL													WES + RNA-seq	Yes	Yes	Peripheral Blood	Denovo	Matched	Acute monoblastic and monocytic leukaemia	Acute monoblastic and monocytic leukaemia		0.133333333		Negative	Standard Chemotherapy		Yes	78.0	Dead-Disease	4	Yes	Acute Myeloid Leukaemia (AML) and Related Precursor Neoplasms	Acute Myeloid Leukaemia (AML) and Related Precursor Neoplasms	White	No	False	No	No	False	23.19	1:DECEASED	No	No	No	No	1	Male	Standard Chemotherapy|Targeted Therapy - Kinase Inhibitor(s)
aml_ohsu_2018	aml_ohsu_2018_1727	aml_ohsu_2018_15-00231	46		Leukemia	AML with Myelodysplasia-Related Changes	No		0.52	5	GCLAM (G-CSF, Cladribine, Cytarabine, and Mitoxantrone) |7+3 (Cytarabine, Idarubicin)|Azacitidine|MEC (Cytarabine, Etoposide, Mitoxantrone)|Decitabine	4	Hypomethylating/Low Dose Cytarabine | Salvage | Induction | Maintenance	2	Standard Chemotherapy | Supportive/Palliative Care	GCLAM (G-CSF, Cladribine, Cytarabine, and Mitoxantrone)	Salvage			No	6	Intermediate-II	Intermediate	No	Yes		Negative	None	Post-Chemotherapy|Residual Disease	20.6	7			Refractory		47,XY,der(7)t(1;7)(q10;p10)+8[20]	-86				87.3	4	Standard Chemotherapy	21	Negative		AMLMRC	3	29	19	0		0	1.7	7.8	51.3	18.3	0	5	WES + RNA-seq	Yes	Yes	Peripheral Blood	After or at the time transformation from another heme malignancy	Matched	AML with myelodysplasia-related changes	AML with myelodysplasia-related changes		1.066666667	5.8		Standard Chemotherapy	11.13	Yes	45.0	Dead-Disease	1	Yes	Acute Myeloid Leukaemia (AML) and Related Precursor Neoplasms	Acute Myeloid Leukaemia (AML) and Related Precursor Neoplasms	HispNative	Yes	False	No	No	False	8.52	1:DECEASED	Yes	No	No	No	3	Male	Standard Chemotherapy|Supportive/Palliative Care
aml_ohsu_2018	aml_ohsu_2018_1683	aml_ohsu_2018_14-00496	55	37	Leukemia	AML with Mutated NPM1	No	Negative		3	7+3 (Cytarabine, Idarubicin)|HiDAC|ODSH (2 O, 3-O Desulfated Heparin)	2	Consolidation | Induction	1	Standard Chemotherapy	HiDAC	Consolidation	Normal		No	-1	Not Enough Information	Favorable	No	Yes		Negative	None	Initial Acute Leukemia Diagnosis					Complete Response		46,XY[20]	-1	Negative				129	Standard Chemotherapy	20	Positive		AMLNPM1					20							283	WES + RNA-seq	Yes	Yes	Peripheral Blood	Denovo	Matched	AML with mutated NPM1	AML with mutated NPM1	Increased atypical CD117 positive myeloid blasts (weak CD7  positive, HLA-DR negative), representing 18% of the total  leukocytes, consistent with a myeloid neoplasm	1.066666667			Standard Chemotherapy	16.11	Yes	55.0		3	Yes	Acute Myeloid Leukaemia (AML) and Related Precursor Neoplasms	Acute Myeloid Leukaemia (AML) and Related Precursor Neoplasms	White	No	False	No	No	False			No	No	No	No	1	Male	Standard Chemotherapy
aml_ohsu_2018	aml_ohsu_2018_2423	aml_ohsu_2018_15-00903	73		Leukemia	Therapy-Related Myeloid Neoplasms	No			1	Azacitidine	1	Hypomethylating/Low Dose Cytarabine	1	Standard Chemotherapy	Azacitidine	Hypomethylating/Low Dose Cytarabine	Normal		Yes		Intermediate-II	Adverse	Yes	Yes		Negative	None	Residual Disease							45,X,-Y[20]	-24					7	Standard Chemotherapy	1	Negative		TMN					79								WES + RNA-seq	Yes	Yes	Peripheral Blood		Unmatched	Therapy-related myeloid neoplasms	Therapy-related myeloid neoplasms		0.066666667				19.64	Yes	73.0	Dead-Disease	3	Yes	Acute Myeloid Leukaemia (AML) and Related Precursor Neoplasms	Acute Myeloid Leukaemia (AML) and Related Precursor Neoplasms	White	No	False	No	No	False	1.18	1:DECEASED	No	No	No	No	1	Male	Standard Chemotherapy
aml_ohsu_2018	aml_ohsu_2018_1969	aml_ohsu_2018_15-00123	42	81	Leukemia	AML with Mutated NPM1	No	Negative	0.94	3	Bu/Cy/ATG|7+3 (Cytarabine, Idarubicin)|HiDAC	3	Consolidation | Induction | Allogeneic - Matched Unrelated Donor	2	Standard Chemotherapy | Bone Marrow Transplant	Bu/Cy/ATG	Allogeneic - Matched Unrelated Donor			Yes	5	Intermediate-I	Intermediate	Yes	Yes		Positive	Unknown	Initial Acute Leukemia Diagnosis	27.8	9.5			Complete Response			0			945	95.5	-1	Bone Marrow Transplant	6	Positive		AMLNPM1	3	89	50		85			4	7	4		39	WES + RNA-seq	Yes	Yes	Peripheral Blood	Denovo	Matched	AML with mutated NPM1	AML with mutated NPM1	partialCD4, partial/dimCD7, partialCDllb, CD13, partialCD15, partialCD22, partialCD25, brightCD33, partialCD34, CD38, CD45, CD117, partialCD123, HLA-DR, partialMPO, partialTdT	0.2	5.7		Standard Chemotherapy	48.03	Yes	42.0	Alive	2	Yes	Acute Myeloid Leukaemia (AML) and Related Precursor Neoplasms	Acute Myeloid Leukaemia (AML) and Related Precursor Neoplasms	White	No	False	No	No	False	27.37	0:LIVING	No	No	No	No	1	Male	Standard Chemotherapy|Bone Marrow Transplant
aml_ohsu_2018	aml_ohsu_2018_2084	aml_ohsu_2018_15-00320	57	55	Leukemia	AML with Mutated NPM1	No			1	7+3 (Cytarabine, Idarubicin) plus Crenolanib	1	Induction	1	Standard Chemotherapy	7+3 (Cytarabine, Idarubicin) plus Crenolanib	Induction	Normal	F290fs*24; MAF 40%	No	-1	Intermediate-I	Favorable or Intermediate	No	Yes		Positive	None	Initial Acute Leukemia Diagnosis					Complete Response i		46,XX[20]	0					-1	Standard Chemotherapy	13	Positive		AMLNPM1					47								WES + RNA-seq	Yes	Yes	Bone Marrow Aspirate	Denovo	Matched	AML with mutated NPM1	AML with mutated NPM1	It reveals 0.23% CD34 (+) myeloid blasts with the following immunophenotype: CD2(-), CD7(-), CD13(+), CD15(-/few +), CD33 (bright +), CD36(few +), CD38(partial +), CD45(+), CD64(-), CD117(+), HLA-DR(-), MPO (partial +).	0.666666667			Standard Chemotherapy	26.5	Yes	57.0	Dead-Treatment	2	Yes	Acute Myeloid Leukaemia (AML) and Related Precursor Neoplasms	Acute Myeloid Leukaemia (AML) and Related Precursor Neoplasms	White	No	False	No	No	False	2.66	1:DECEASED	No	No	No	No	1	Female	Standard Chemotherapy
aml_ohsu_2018	aml_ohsu_2018_685	aml_ohsu_2018_13-00118	57	71	Leukemia	AML with Mutated NPM1	No		0.81	7	7+3 (Cytarabine, Idarubicin)|HiDAC|FLAG-IDA (Cytarabine, Filgrastim, Fludarabine, Idarubicin)|Azacitidine|GCLAC (GCSF, Clofarabine & Cytarabine)|MEC (Cytarabine, Etoposide, Mitoxantrone)|Decitabine	5	Consolidation | Salvage | Induction | Re-induction | Maintenance	1	Standard Chemotherapy	Decitabine	Re-induction	Trisomy 21		Yes	7	Intermediate-II	Favorable	Yes	Yes	M4	Negative	None	Relapse|Post-Chemotherapy	33.7	11.7			Complete Response		47,XY,+21[15]/46,XY[5]	-349			438	100.6	160	Standard Chemotherapy	4	Positive		AMLNPM1	3.9	35	31	3	83	2		5	10	4		119	WES + RNA-seq	Yes	Yes	Bone Marrow Aspirate	Relapse	Unmatched	AML with mutated NPM1	AML with mutated NPM1	CD13, CD33, CD38, CD58, dim CD64, CD117, and CD123	0.233333333	7.1		Standard Chemotherapy	33.8	Yes	54.0	Dead-Disease	1	Yes	Acute Myeloid Leukaemia (AML) and Related Precursor Neoplasms	Acute Myeloid Leukaemia (AML) and Related Precursor Neoplasms	White	No	False	No	No	False	45.33	1:DECEASED	No	No	No	No	1	Male	Standard Chemotherapy
aml_ohsu_2018	aml_ohsu_2018_2079	aml_ohsu_2018_15-00296	16	93	Leukemia	AML with Recurrent Genetic Abnormalities	No	Negative	0.72	1	COG-AAML1031 (IT/IV Cytarabine, Daunorubicin, Etoposide, Mitoxantrone +/- Bortezomib or Sorafenib)	1	Induction	1	Standard Chemotherapy	COG-AAML1031 (IT/IV Cytarabine, Daunorubicin, Etoposide, Mitoxantrone +/- Bortezomib or Sorafenib)	Induction	MLL:   14% of cells had a 1 red / 1 green / 1 fused split pattern consistent with the t(9;11) seen on metaphase analysis.  An addition 65% of cells had two red / 1 green / 1 fused signal pattern, consistent with the clone with the +der(9).	Negative	Yes	10	Adverse	Adverse	Yes	Yes	M5	Negative	MLLT3-KMT2A	Initial Acute Leukemia Diagnosis	18.2	6.1	Negative	Negative	Complete Response	Negative	46,XX,t(9;11)(p22;q23)[3]/50,sl,+6,+8,+der(9)t(9;11),+19[14]/51,sdl1,+5[3]	0	Negative	p.G13D; MAF 6%	934	100	10	Standard Chemotherapy	1	Negative	p.Q61H; MAF 19%	AMLRGA				0	0	0	0	33	67	0	0	39	WES + RNA-seq	Yes	Yes	Bone Marrow Aspirate	Denovo	Unmatched	AML with t(9;11)(p22;q23); MLLT3-MLL	AML with t(9;11)(p22;q23); MLLT3-MLL	CD11b, dim CD13, dim CD15, CD33, CD38, dim CD45, CD56,      CD58, bright CD64, dim CD117, CD123, HLA-DR, and variable MPO positive	0.066666667		Negative	Standard Chemotherapy	24.72	Yes	16.0	Alive	1	Yes	Acute Myeloid Leukaemia (AML) and Related Precursor Neoplasms	Acute Myeloid Leukaemia (AML) and Related Precursor Neoplasms	White	No	False	No	No	False	10.46	0:LIVING	No	No	No	No	1	Female	Standard Chemotherapy
aml_ohsu_2018	aml_ohsu_2018_1536	aml_ohsu_2018_14-00242	63	22	Myelodysplastic Syndromes	MDS with Excess Blasts	No		0.95	4	Azacitidine|Decitabine|Rigosertib|Clofarabine, Cytarabine	4	Hypomethylating/Low Dose Cytarabine | Consolidation | Induction | Experimental	3	Standard Chemotherapy | Supportive/Palliative Care | Targeted Therapy - Other	Decitabine	Hypomethylating/Low Dose Cytarabine	nuc ish(FGFR3,IGH)x2[200],(D5S721,D5S23,EGR1)x2[199],(D7Z1,D7S522)x2[200],(D8Z2,D20S108)x2 [199],(RUNX1T1,RUNX1)x2[200],(5'MLL,3'MLL)x2(5'MLL con 3'MLLx2)[200],(IGH,BCL2)x2[198],(PML,RARA)x2 [200],(5'CBFB,3'CBFB)x2(5'CBFB con 3'CBFBx2)[199]		No	-1	Not Enough Information	Intermediate	No	Yes		Negative	None	Residual Disease|Post-Chemotherapy	33.3	11.7			Refractory		46,XY[20]	0			195	104.3	-1	Supportive/Palliative Care	2	Negative		MDSEB	4.3	38	29		1	3		54	3	37		115	WES	No	No	Bone Marrow Aspirate		Matched	Refractory anaemia with excess blasts	Refractory anaemia with excess blasts	CD2(-), CD4(-), CD7(-), CD11b(-), CD13(+), CD14(-), CD15(few +), CD16(-), CD33(+), CD34(bright +), CD33(-), CD38(dim and variably +), CD45(+), CD56(-), CD64(-), CD117(+), HLA-DR(+)	0.066666667	7		Standard Chemotherapy	1.9	Yes	63.0	Dead-Disease	2	Yes	Myelodysplastic Syndromes	Myelodysplastic Syndromes	White	Yes	True	No	No	False	32.89	1:DECEASED	Yes	No	No	No	1	Male	Standard Chemotherapy|Supportive/Palliative Care|Targeted Therapy - Other
aml_ohsu_2018	aml_ohsu_2018_1670	aml_ohsu_2018_14-00476	47	70	Leukemia	Acute Monoblastic/Monocytic Leukemia	No			5	HiDAC|Cytarabine|SWOG S1203 (7+3 +/- Vorinostat)|Hydroxyurea|MEC, Lenalidomide	5	Consolidation | Induction | CNS | Re-induction | Supportive/Palliative Care	3	Standard Chemotherapy | Supportive/Palliative Care | Intrathecal	Hydroxyurea	Supportive/Palliative Care			No	7	Intermediate-II	Intermediate	No	Yes	M5	Positive	None	Initial Acute Leukemia Diagnosis					Complete Response		46,XY,t(11;19)(q23;p13.1)[20]	0					9	Supportive/Palliative Care	8	Negative		AMOL					79				2				WES + RNA-seq	Yes	Yes	Bone Marrow Aspirate	Denovo	Matched	Acute monoblastic and monocytic leukaemia	Acute monoblastic and monocytic leukaemia	CD34+ BLAST POPULATION, 40%, EXPRESSING CD117, CD15 (DIM PARTIAL), CD13 (DIM PARTIAL), CD33 (DIM PARTIAL), CD38, CD4 (DIM PARTIAL), CD11C (DIM PARTIAL), CD64 (DIM PARTIAL), MPO (BRIGHT), AND ABERRANT CD7 (MINOR SUBSET DIM), WITH POSSIBLE CD19	0.3			Standard Chemotherapy	261.2	Yes	47.0	Dead-Disease	4	Yes	Acute Myeloid Leukaemia (AML) and Related Precursor Neoplasms	Acute Myeloid Leukaemia (AML) and Related Precursor Neoplasms	HispNative	No	False	No	No	False	7.5	1:DECEASED	No	No	No	No	2	Male	Standard Chemotherapy|Supportive/Palliative Care|Intrathecal
aml_ohsu_2018	aml_ohsu_2018_1466	aml_ohsu_2018_14-00113	44		Leukemia	APL with PML-RARA	No			7	Busulfan, Fludarabine|Etoposide, TBI|PETHEMA Trial LPA05 (ATRA (Tretinoin), Idarubicin, Mitoxantrone, Cytarabine)|Idarubicin, Mitoxantrone|FLAG-IDA (Cytarabine, Filgrastim, Fludarabine, Idarubicin)|ATRA, Arsenic Trioxide|ATRA, 6-MP, Methotrexate	5	Allogeneic - Sibling | Consolidation | Induction | Maintenance | Re-induction	2	Standard Chemotherapy | Bone Marrow Transplant	Etoposide, TBI	Allogeneic - Sibling	48% PML/RARA translocation		No	-1	Not Enough Information	Favorable	No	Yes		Negative	PML-RARA	Post-Chemotherapy|Post-Transplant					Complete Response		46,XY[20]	-3					-1	Bone Marrow Transplant		Negative		APLPMLRARA													WES + RNA-seq	Yes	Yes	Peripheral Blood		Matched	Acute promyelocytic leukaemia with t(15;17)(q22;q12); PML-RARA	Acute promyelocytic leukaemia with t(15;17)(q22;q12); PML-RARA		0			Standard Chemotherapy		Yes	41.0	Alive	3	Yes	Acute Myeloid Leukaemia (AML) and Related Precursor Neoplasms	Acute Myeloid Leukaemia (AML) and Related Precursor Neoplasms	White	No	False	No	No	False	64.74	0:LIVING	No	No	No	No	1	Male	Standard Chemotherapy|Bone Marrow Transplant
aml_ohsu_2018	aml_ohsu_2018_1435	aml_ohsu_2018_14-00045	48	62	Leukemia	AML with Myelodysplasia-Related Changes	No	Negative		4	7+3 (Cytarabine, Idarubicin)|HiDAC|MEC (Cytarabine, Etoposide, Mitoxantrone)|Busulfan, Cyclophosphamide	4	Allogeneic - Sibling | Consolidation | Salvage | Induction	2	Standard Chemotherapy | Bone Marrow Transplant	MEC (Cytarabine, Etoposide, Mitoxantrone)	Salvage	nuc ish(D5S721,D5S23,EGR1)x2[200],(D7Z1,D7S522)x2[200],(D8Z2,D20S108)x2[200],(RUNX1T1, RUNX1)x2[200],(5'MLL,3'MLL)x2(5'MLL con 3'MLLx2)[198],(PML,RARA)x2[200],(5'CBFB,3'CBFB)x2(5'CBFB con 3'CBFBx2)[200]		Yes	-1	Intermediate-I	Adverse	Yes	Yes		Positive	None	Post-Chemotherapy|Post-Transplant|Relapse	35.5	12.1	Negative	Negative	Refractory		46,XX	0					-1	Standard Chemotherapy	1	Negative		AMLMRC	3.4	24	40	0	66	0		7	0	13		29	WES + RNA-seq	Yes	Yes	Peripheral Blood	Relapse	Unmatched	AML with myelodysplasia-related changes	AML with myelodysplasia-related changes	CD2(-), CD4(partial +), CD7(-), CD11b(partial +), CD13(+), CD14(-), CD15(partial +), CD16(-), CD33(bright +), CD34(partial +), CD36(-), CD38(variably +), CD45(variably +), CD56(partial +), CD64(-), CD117(partial +), HLA-DR(partial dim +)	0.033333333	5.8		Standard Chemotherapy	58.5	Yes	47.0	Dead-Unknown	2	Yes	Acute Myeloid Leukaemia (AML) and Related Precursor Neoplasms	Acute Myeloid Leukaemia (AML) and Related Precursor Neoplasms	HispNative	No	False	No	No	False	19.14	1:DECEASED	No	No	No	No	1	Female	Standard Chemotherapy|Bone Marrow Transplant
aml_ohsu_2018	aml_ohsu_2018_1786	aml_ohsu_2018_14-00672	77	15	Myeloproliferative Neoplasms	Essential Thrombocythemia	No			3	Ruxolitinib|Imatinib|Hydroxyurea	2	Induction | Re-induction	1	Standard Chemotherapy	Ruxolitinib	Re-induction	Nineteen of twenty metaphase cells examined had an extra derivative chromosome composed of a chromosome 1 long arm and a chromosome 9 short arm; two of these cells were in the tetraploid state with two copies of the derivative chromosome.		Yes	4626		Intermediate	Yes	Yes		Negative	None	Residual Disease|Post-Chemotherapy					Refractory		47,XY,+der(1;9)(q10;p10)[17]/94,idemx2[2]/46,XY[1]	0					-1	Standard Chemotherapy	3	Negative		ET													WES + RNA-seq	Yes	Yes	Bone Marrow Aspirate		Unmatched	Essential thrombocythaemia	Essential thrombocythaemia	dimCD7, CD13, dim CD33, CD34, CD71, and CD117 positive	0.166666667			Standard Chemotherapy		Yes	64.0	Alive	7	Yes	Myeloproliferative Neoplasms	Myeloproliferative Neoplasms	White	No	True	No	No	False	174.51	0:LIVING	No	No	Yes	No	1	Male	Standard Chemotherapy
aml_ohsu_2018	aml_ohsu_2018_2444	aml_ohsu_2018_15-00961	52		Leukemia	Acute Myeloid Leukemia	No		0.84	2	7+3 (Cytarabine, Idarubicin)|HiDAC	2	Consolidation | Induction	1	Standard Chemotherapy	HiDAC	Consolidation			Yes	8	Not Enough Information	Intermediate	Yes	Yes		Negative	Unknown	Initial Acute Leukemia Diagnosis	18.8	6.5			Complete Response			0				98.9	81	Standard Chemotherapy	1	Negative		AML	2.2	54	50	0		30	13	9	21	19	0.1	21	WES + RNA-seq	Yes	Yes	Peripheral Blood	Denovo	Unmatched	Acute myelomonocytic leukaemia	Acute myelomonocytic leukaemia		0.066666667	6.5		Standard Chemotherapy	65.58	Yes	52.0	Alive	1	Yes	Acute Myeloid Leukaemia (AML) and Related Precursor Neoplasms	Acute Myeloid Leukaemia (AML) and Related Precursor Neoplasms	White	No	False	No	No	False	5.95	0:LIVING	No	No	No	No	1	Female	Standard Chemotherapy
aml_ohsu_2018	aml_ohsu_2018_1854	aml_ohsu_2018_14-00800	69		Leukemia	Acute Myeloid Leukemia	No	Negative	1.07	2	CPX-351 (Liposomal Cytarabine + Daunorubicin)|FLAG-IDA (Cytarabine, Filgrastim, Fludarabine, Idarubicin)	3	Salvage | Induction | Re-induction	1	Standard Chemotherapy	FLAG-IDA (Cytarabine, Filgrastim, Fludarabine, Idarubicin)	Salvage		Negative	Yes	4	Intermediate-I	Intermediate	Yes	Yes		Negative	None	Residual Disease|Post-Chemotherapy	20.9	7.2	Negative	Negative	Refractory		46,XY[20]	-30	Negative	Negative	1004	90.1	4	Standard Chemotherapy	4	Negative	Negative	AML	3.1	26	65								3.6	17	WES	No	Yes	Peripheral Blood	After or at the time transformation from another heme malignancy	Unmatched	Acute myelomonocytic leukaemia	Acute myelomonocytic leukaemia		0.2	5.4	Negative	Standard Chemotherapy	53.76	Yes	68.0	Dead-Disease	1	Yes	Acute Myeloid Leukaemia (AML) and Related Precursor Neoplasms	Acute Myeloid Leukaemia (AML) and Related Precursor Neoplasms	White	No	False	Yes	No	False	3.75	1:DECEASED	No	Yes	No	No	1	Male	Standard Chemotherapy
aml_ohsu_2018	aml_ohsu_2018_1963	aml_ohsu_2018_15-00073	81		Leukemia	AML, NOS	No		0.76	2	AG-221|Hydroxyurea	2	Experimental | Supportive/Palliative Care	2	Supportive/Palliative Care | Targeted Therapy - Other	AG-221	Experimental	nuc ish(RUNX1T1,RUNX1)x2[199],(ABL1,BCR)x2[200],(CCND1,IGH)x2[199]		No		Not Enough Information	Adverse	No	Yes		Negative	None	Initial Acute Leukemia Diagnosis	30.3	10.5					46,XY[20]	-8			227	85.6	14	Targeted Therapy - Other	25	Negative		AMLNOS	3.3	30	41	0	12	0		69	5	12		117	WES + RNA-seq	Yes	Yes	Peripheral Blood	Denovo	Matched	Acute myeloid leukaemia, NOS	Acute myeloid leukaemia, NOS		1.366666667	8.8			33.1	Yes	81.0	Dead-Disease	2	No	Acute Myeloid Leukaemia (AML) and Related Precursor Neoplasms	Acute Myeloid Leukaemia (AML) and Related Precursor Neoplasms	White	No	False	No	No	False	2.37	1:DECEASED	No	No	No	No	1	Male	Supportive/Palliative Care|Targeted Therapy - Other
aml_ohsu_2018	aml_ohsu_2018_825	aml_ohsu_2018_12-00294	72	95	Leukemia	AML with Myelodysplasia-Related Changes	No	Negative	0.96	0		0		0		NONE	NONE	Normal		Yes		Intermediate-I	Adverse	Yes	No	M4	Positive	None	Initial Acute Leukemia Diagnosis	16.5	5.6	Negative			Negative	46,XY[20]	0	Negative		697	114		NONE		Negative	Negative	AMLMRC	2.7	47	58	0	96	0		3	0	1		51	RNA-seq	Yes	Yes	Leukapheresis	Denovo	Matched	AML with myelodysplasia-related changes	AML with myelodysplasia-related changes	Blasts: partial CD13, CD34, CD38, CD58, dim CD123, cTdT, HLA-DR, and partial/dim cMPO positive; Promonocyte/monoblast: CD11b, CD14, dim CD33, CD38, CD58, CD64, HLA-DR and dim cMPO positive		4.9			97	No	72.0	Dead-Other	1	No	Acute Myeloid Leukaemia (AML) and Related Precursor Neoplasms	Acute Myeloid Leukaemia (AML) and Related Precursor Neoplasms	White	No	False	No	No	False	0.1	1:DECEASED	No	No	No	No	1	Male	
aml_ohsu_2018	aml_ohsu_2018_2437	aml_ohsu_2018_15-00942	31	27	Leukemia	AML with Recurrent Genetic Abnormalities	No		1.01	2	7+3 (Cytarabine, Idarubicin)|HiDAC	2	Consolidation | Induction	1	Standard Chemotherapy	HiDAC	Consolidation	This test has detected t(4;15) and t(9;11) in 19 of 20 cells analyzed. Translocation t(9;11) was reported previously in this case as the primary abnormality. Translocation t(4;15) represents a secondary chromosome change, that was already reported on prev		Yes	27	Intermediate-II	Intermediate	Yes	Yes		Negative	MLLT3-KMT2A	Post-Chemotherapy|Residual Disease	26.1	8.5			Complete Response i		46,XX,t(4;15)(q31;q22),t(9;11)(p22;q23)[19]/46,XX[1]	0				90.6	93	Standard Chemotherapy	4	Negative		AMLRGA	4.6	35	62		43			12	40	5		5	WES	No	Yes	Peripheral Blood		Unmatched	AML with t(9;11)(p22;q23); MLLT3-MLL	AML with t(9;11)(p22;q23); MLLT3-MLL	There are increased abnormal cells in the monocyte gate that stain positive for CD38, CD11b, CD14, CD64, CD33, with partial MPO, HLADR, CD13 expression.	0.166666667	7.3		Standard Chemotherapy	5.3	Yes	30.0		6	Yes	Acute Myeloid Leukaemia (AML) and Related Precursor Neoplasms	Acute Myeloid Leukaemia (AML) and Related Precursor Neoplasms	Black	No	False	No	No	False			No	No	No	No	2	Female	Standard Chemotherapy
aml_ohsu_2018	aml_ohsu_2018_2102	aml_ohsu_2018_15-00351	56	62	Leukemia	AML, NOS	No		0.8	7	7+3 (Cytarabine, Idarubicin)|HiDAC|Donor Lymphocyte Infusion|FLAG-IDA (Cytarabine, Filgrastim, Fludarabine, Idarubicin)|MEC (Cytarabine, Etoposide, Mitoxantrone)|Cytarabine, Mitoxantrone|Busulfan, Cyclophosphamide	5	Allogeneic - Sibling | Consolidation | Unknown | Induction | Re-induction	3	DLI | Standard Chemotherapy | Bone Marrow Transplant	MEC (Cytarabine, Etoposide, Mitoxantrone)	Re-induction	All probe results were within normal laboratory limits.      *Note: while it was not disrupted, MLL (11q23) was observed on the end of      the derivative chromosome 1 on available metaphase cells, reflecting the      t(1;11).	p.R882H; MAF 15%	No	6	Adverse	Adverse	No	Yes		Negative	None	Residual Relapse|Post-Chemotherapy|Post-DLI|Post-Transplant	24.1	8.3			Refractory		46,XX,t(1;11)(q44;q13),del(6)(p23)[9]/46,idem,t(17;20)(q25;q11.2)[11]	0			290	94.5	5	Standard Chemotherapy	35	Negative		AMLNOS	2.5	28	21	0	5	0	0	83.2	1.8	0	0	53	WES + RNA-seq	Yes	Yes	Bone Marrow Aspirate		Matched	Acute myeloid leukaemia, NOS	Acute myeloid leukaemia, NOS	dim CD2, CD13, CD33, CD34, CD38, CD117, dim CD123, dim      HLA-DR, and TdT positive	1.9	6.5		Standard Chemotherapy	1.46	Yes	48.0	Dead-Disease	1	Yes	Acute Myeloid Leukaemia (AML) and Related Precursor Neoplasms	Acute Myeloid Leukaemia (AML) and Related Precursor Neoplasms	White	No	False	No	No	False	100.95	1:DECEASED	No	No	No	No	1	Female	DLI|Standard Chemotherapy|Bone Marrow Transplant
aml_ohsu_2018	aml_ohsu_2018_1481	aml_ohsu_2018_14-00127	38		Leukemia	AML with Myelodysplasia-Related Changes	No	Negative	0.6	2	7+3 (Cytarabine, Idarubicin)|Azacitidine	2	Induction | Maintenance	2	Standard Chemotherapy | Supportive/Palliative Care	Azacitidine	Maintenance	Extra chromosome 5	Negative	Yes	6	Adverse	Adverse	Yes	Yes		Negative	None	Residual Disease|Post-Chemotherapy	23	7.9	Negative	Negative	Refractory	Negative	48~54,XY,add(2)(p13),+5,add(5)(q13),del(5)(q13),+10,+11,+13,+13,del(13)(q32),+14,-15,-16,del(17)(p12),-20,+21,+21,+22,+mar[cp9]/49~52,sl,-del(17)(p12)[cp8]/51~54,sl	-1	Negative	Negative		86.8	-1	Supportive/Palliative Care	4	Negative	p.G13D, MAF 46%	AMLMRC	1.8	17	56	0	95	0		0.9	0	0	0.1	20	WES + RNA-seq	Yes	Yes	Peripheral Blood		Unmatched	AML with myelodysplasia-related changes	AML with myelodysplasia-related changes	CD10, CD13, CD33, CD34, CD56 and HLA-DR positive	0.2	5.3	p.R273H, MAF 96%	Standard Chemotherapy	38.47	Yes	37.0	Dead-Disease	1	Yes	Acute Myeloid Leukaemia (AML) and Related Precursor Neoplasms	Acute Myeloid Leukaemia (AML) and Related Precursor Neoplasms	White	No	False	No	No	False	6.81	1:DECEASED	No	No	No	No	1	Male	Standard Chemotherapy|Supportive/Palliative Care
aml_ohsu_2018	aml_ohsu_2018_707	aml_ohsu_2018_12-00127	53	93	Leukemia	AML with Mutated NPM1	No	Negative	1.03	5	Fludarabine, Melphalan|7+3 (Cytarabine, Idarubicin)|HiDAC|FLAG-IDA (Cytarabine, Filgrastim, Fludarabine, Idarubicin)|MEC (Cytarabine, Etoposide, Mitoxantrone)	4	Consolidation | Induction | Re-induction | Allogeneic - Matched Unrelated Donor	2	Standard Chemotherapy | Bone Marrow Transplant	Fludarabine, Melphalan	Allogeneic - Matched Unrelated Donor	Normal		Yes	23	Favorable	Favorable	Yes	Yes	M1	Negative	None	Initial Acute Leukemia Diagnosis	24	8.2	Negative	Negative	Complete Response	Negative	46,XY[20]	0	Negative	Negative		92.7	-1	Bone Marrow Transplant	21	Positive	Negative	AMLNPM1	1.7	15	19	0	99	0		1	3	1		62	WES	No	No	Leukapheresis	Denovo	Matched	AML with mutated NPM1	AML with mutated NPM1	partial CD7, CD13, CD33, CD117, CD123, dim HLA-DR, and MPO positive	1.2	4.4		Standard Chemotherapy	64.3	Yes	53.0	Dead-Disease	1	Yes	Acute Myeloid Leukaemia (AML) and Related Precursor Neoplasms	Acute Myeloid Leukaemia (AML) and Related Precursor Neoplasms	White	No	False	No	No	False	24.34	1:DECEASED	No	No	No	No	1	Male	Standard Chemotherapy|Bone Marrow Transplant
aml_ohsu_2018	aml_ohsu_2018_2310	aml_ohsu_2018_15-00766	71	60	Leukemia	Therapy-Related Myeloid Neoplasms	No	Negative		2	Lenalidomide|Decitabine	2	Hypomethylating/Low Dose Cytarabine | Supportive/Palliative Care	1	Standard Chemotherapy	Decitabine	Hypomethylating/Low Dose Cytarabine	FISH assays were positive for loss of 5q31 sequences in 85.5% of cells, positive for findings consistent with trisomy 8 in 49% of cells, and positive for findings consistent with monosomy 7 in around 8% of cells.	Negative	Yes		Adverse	Adverse	Yes	Yes		Negative	None	Initial Acute Leukemia Diagnosis			Negative	Negative		Negative	45,XY,add(3)(p10),add(5)(q11.2),psu dic(9;?;6)(6qter- > 6p22::?::9p22- > 9qter)[1]/44,sl,-add(3)(p10), +der(3;13)(q10;q10)[2]/48,sdl1,+8,+14,+21,+22[8]/42-44,sl,-add(3)(p10),add(4)(p15),-7,-8, add(12)(p11.2),+mar,+1-2r[cp7]/80-82 < 4n > ,slx2,-2,add(4)(q2	0	Negative				-1	Standard Chemotherapy	16	Negative		TMN					14				7			17	WES + RNA-seq	Yes	Yes	Peripheral Blood	After or at the time transformation from another heme malignancy	Matched	Therapy-related myeloid neoplasms	Therapy-related myeloid neoplasms	Flow cytometry was negative for increased myeloblasts. The flow showed a mild increase in   immature monocytic cells, but not to the degree seen in the marrow smears. This is likely   attributable to hemodilution of the sample received for flow cytometry.	0.8		p.P19H; MAF 8.9%		21.6	Yes	71.0	Dead-Other	5	Yes	Acute Myeloid Leukaemia (AML) and Related Precursor Neoplasms	Acute Myeloid Leukaemia (AML) and Related Precursor Neoplasms	White	Yes	False	No	No	False	0.36	1:DECEASED	Yes	No	No	No	1	Male	Standard Chemotherapy
aml_ohsu_2018	aml_ohsu_2018_2281	aml_ohsu_2018_15-00702	35	42	Leukemia	AML with inv(16)(p13.1q22) or t(16;16)(p13.1;q22);CBFB-MYH11	No	Negative	0.6	2	7+3 (Cytarabine, Idarubicin)|HiDAC	2	Consolidation | Induction	1	Standard Chemotherapy	HiDAC	Consolidation	CBFB:  83/100 cells (83%) had the abnormal 1 red/ 1 green/1 yellow signal  pattern, reflecting CBFB rearrangement and consistent with the inverted  chromosome 16 in the metaphase karyotype.	Negative	Yes	10	Favorable	Favorable	Yes	Yes		Negative	CBFB-MYH11	Initial Acute Leukemia Diagnosis	20.3	6.8			Complete Response	Negative	46,XX,inv(16)(p13.3q22)[21]	0	Negative	Negative	319	102.5	112	Standard Chemotherapy	8	Negative	p.Q61P; MAF 15%	AMLCBFBMYH11	3.5	54	23	1.7	29.6	0.9	0	40	18.3	7.8	0.2	63	WES + RNA-seq	Yes	Yes	Bone Marrow Aspirate	Denovo	Matched	AML with inv(16)(p13.1q22) or t(16;16)(p13.1;q22); CBFB-MYH11	AML with inv(16)(p13.1q22) or t(16;16)(p13.1;q22); CBFB-MYH11	Partial CD2, CD33, CD34, CD38, CD117, CD123, partial HLA-DR, dim MPO and partial TdT positive.	0.4	6.7	Negative	Standard Chemotherapy	12.78	Yes	35.0	Alive	1	Yes	Acute Myeloid Leukaemia (AML) and Related Precursor Neoplasms	Acute Myeloid Leukaemia (AML) and Related Precursor Neoplasms	White	No	False	No	No	False	6.18	0:LIVING	No	No	No	No	1	Female	Standard Chemotherapy
aml_ohsu_2018	aml_ohsu_2018_1749	aml_ohsu_2018_14-00608	77		Leukemia	AML with Maturation	No			1	Azacitidine	1	Hypomethylating/Low Dose Cytarabine	1	Standard Chemotherapy	Azacitidine	Hypomethylating/Low Dose Cytarabine			Yes		Intermediate-I	Intermediate	Yes	Yes		Negative	None	Post-Chemotherapy							46,XX[8]	-710					1131	Standard Chemotherapy	14	Negative		AM													WES + RNA-seq	Yes	Yes	Bone Marrow Aspirate		Matched	AML with maturation	AML with maturation		0.733333333					Yes	75.0	Dead-Other	4	Yes	Acute Myeloid Leukaemia (AML) and Related Precursor Neoplasms	Acute Myeloid Leukaemia (AML) and Related Precursor Neoplasms	White	No	False	No	No	False	37.3	1:DECEASED	No	No	No	No	1	Female	Standard Chemotherapy
aml_ohsu_2018	aml_ohsu_2018_2172	aml_ohsu_2018_15-00491	83		Leukemia	Therapy-Related Myeloid Neoplasms	No			0		0		0		NONE	NONE			No		Not Enough Information	Intermediate	No	Yes		Negative	Unknown	Initial Acute Leukemia Diagnosis								0						NONE	2	Negative		TMN													WES + RNA-seq	Yes	Yes	Peripheral Blood		Unmatched	Therapy-related myeloid neoplasms	Therapy-related myeloid neoplasms		0.133333333					Yes	83.0	Dead-Unknown	1	Yes	Acute Myeloid Leukaemia (AML) and Related Precursor Neoplasms	Acute Myeloid Leukaemia (AML) and Related Precursor Neoplasms	White	No	False	No	No	False	1.64	1:DECEASED	No	No	No	Yes	1	Male	
aml_ohsu_2018	aml_ohsu_2018_2001	aml_ohsu_2018_15-00169	67	24	Leukemia	Therapy-Related Myeloid Neoplasms	No		0.89	4	AG-120|MEC (Cytarabine, Etoposide, Mitoxantrone)|Sorafenib|Hydroxyurea	3	Salvage | Experimental | Supportive/Palliative Care	4	Standard Chemotherapy | Supportive/Palliative Care | Targeted Therapy - Kinase Inhibitor(s) | Targeted Therapy - Other	Sorafenib	Experimental	nuc ish(DXZ1x2)[182]//(DXZ1,DYZ3)x1[18]. nuc ish(D5S2064,D5S630,EGR1)x2[197],(D7Z1,D7S522)x2[200],(D8Z2,D20S108)x2[200],(RUNX1T1,RUNX1)x2 [200],(5'MLL,3'MLL)x2(5'MLL con 3'MLLx2)[200],(PML,RARA)x2[200],(5'CBFB,3'CBFB)x2(5'CBFB con 3'CBFBx2) [200]		Yes		Intermediate-I	Intermediate	Yes	Yes		Negative	None	Post-Chemotherapy|Post-Transplant|Post-DLI|Initial Acute Leukemia Diagnosis	30.1	9.9		Negative			46,XX[20]	0			511		-1	Targeted Therapy - Kinase Inhibitor(s)	3	Negative		TMN	4.1	29	37	0	6	0		77	10	7		288	WES + RNA-seq	Yes	Yes	Bone Marrow Aspirate		Unmatched	Therapy-related myeloid neoplasms	Therapy-related myeloid neoplasms	CD2(-), CD7(-), CD11b(-), CD13(+), CD14(-), CD15(partial +), CD33(variably +), CD34(+), CD36 (-), CD38(+), CD45(+), CD56(-), CD64(partial dim +), CD117(+), HLA-DR(+)	0.166666667	8			3.3	Yes	67.0	Dead-Disease	2	Yes	Acute Myeloid Leukaemia (AML) and Related Precursor Neoplasms	Acute Myeloid Leukaemia (AML) and Related Precursor Neoplasms	Black	No	False	No	No	False	14.77	1:DECEASED	No	No	No	No	2	Female	Standard Chemotherapy|Supportive/Palliative Care|Targeted Therapy - Kinase Inhibitor(s)|Targeted Therapy - Other
aml_ohsu_2018	aml_ohsu_2018_1757	aml_ohsu_2018_15-00081	49		Leukemia	AML with inv(16)(p13.1q22) or t(16;16)(p13.1;q22);CBFB-MYH11	No			6	Busulfan, Fludarabine, Thymoglobulin (Bu/Flu/ATG)|7+3 (Cytarabine, Idarubicin)|HiDAC|CLAG-M (Cladribine, Cytarabine, Mitoxantrone, Filgrastim)|FLAG-IDA, Gemtuzumab|Cytarabine, Methotrexate	5	Consolidation | Induction | Allogeneic - Mismatched Unrelated Donor | CNS | Re-induction	3	Standard Chemotherapy | Bone Marrow Transplant | Intrathecal	Busulfan, Fludarabine, Thymoglobulin (Bu/Flu/ATG)	Allogeneic - Mismatched Unrelated Donor	Normal		No	-1	Favorable	Intermediate	No	Yes		Negative	CBFB-MYH11	Post-Chemotherapy					Complete Response		46,XY[20]	-2					-1	Bone Marrow Transplant	1	Negative		AMLCBFBMYH11													WES + RNA-seq	Yes	Yes	Bone Marrow Aspirate		Unmatched	AML with inv(16)(p13.1q22) or t(16;16)(p13.1;q22); CBFB-MYH11	AML with inv(16)(p13.1q22) or t(16;16)(p13.1;q22); CBFB-MYH11		0.066666667			Standard Chemotherapy		Yes	48.0	Dead-Disease	3	Yes	Acute Myeloid Leukaemia (AML) and Related Precursor Neoplasms	Acute Myeloid Leukaemia (AML) and Related Precursor Neoplasms	White	No	False	No	No	False	14.57	1:DECEASED	No	No	No	No	1	Male	Standard Chemotherapy|Bone Marrow Transplant|Intrathecal
aml_ohsu_2018	aml_ohsu_2018_2013	aml_ohsu_2018_15-00196	83	85	Leukemia	AML, NOS	No	Negative		1	AG-221	1	Experimental	1	Targeted Therapy - Other	AG-221	Experimental	Monosomy 7		No		Adverse	Adverse	No	Yes		Negative	None	Initial Acute Leukemia Diagnosis			Negative			Negative	45,XX,-7[20]	1					-1	Targeted Therapy - Other	14	Negative		AMLNOS					92							77	WES	No	No	Bone Marrow Aspirate	Denovo	Matched	Acute myeloid leukaemia, NOS	Acute myeloid leukaemia, NOS	positive for CD13, HLA-DR, CD34, and CD117, with aberrant loss of CD33, and with aberrant expression of CD7	0.7				20.1	Yes	83.0	Dead-Disease	5	No	Acute Myeloid Leukaemia (AML) and Related Precursor Neoplasms	Acute Myeloid Leukaemia (AML) and Related Precursor Neoplasms	White	No	False	No	No	False	0.79	1:DECEASED	No	No	No	No	1	Female	Targeted Therapy - Other
aml_ohsu_2018	aml_ohsu_2018_1644	aml_ohsu_2018_14-00423	51	74	Leukemia	AML with inv(16)(p13.1q22) or t(16;16)(p13.1;q22);CBFB-MYH11	No	Negative		4	7+3 (Cytarabine, Idarubicin)|HiDAC|FLAG-IDA (Cytarabine, Filgrastim, Fludarabine, Idarubicin)|Stanford Protocol 9022 (BU/CY)	3	Consolidation | Induction | Allogeneic - Matched Unrelated Donor	2	Standard Chemotherapy | Bone Marrow Transplant	Stanford Protocol 9022 (BU/CY)	Allogeneic - Matched Unrelated Donor			Yes	7	Favorable	Favorable	Yes	Yes	M4eo	Negative	CBFB-MYH11	Initial Acute Leukemia Diagnosis			Negative	Negative	Complete Response		46,XX,inv(16)(p13q22)[20]	0	Negative	Negative			-1	Bone Marrow Transplant	14	Negative	Negative	AMLCBFBMYH11					61				1				WES + RNA-seq	Yes	Yes	Peripheral Blood	Denovo	Matched	AML with inv(16)(p13.1q22) or t(16;16)(p13.1;q22); CBFB-MYH11	AML with inv(16)(p13.1q22) or t(16;16)(p13.1;q22); CBFB-MYH11	CD34+ EXPRESSING CD38, CD13, CD33, PARTIAL DIM CD2, PARTIAL CD64; DIM PARTIAL CD11C, PARTIAL DIM CD4, COEXPRESSION OF CD117 AND CD15, HLA-DR, MPO, AND PARTIAL DIM TDT	0.766666667		Negative	Standard Chemotherapy	34.4	Yes	51.0	Alive	4	Yes	Acute Myeloid Leukaemia (AML) and Related Precursor Neoplasms	Acute Myeloid Leukaemia (AML) and Related Precursor Neoplasms	White	No	False	No	No	False	26.15	0:LIVING	No	No	No	No	1	Female	Standard Chemotherapy|Bone Marrow Transplant
aml_ohsu_2018	aml_ohsu_2018_2129	aml_ohsu_2018_15-00392	58	10	Leukemia	AML, NOS	No	Negative		5	Busulfan, Fludarabine|7+3 (Cytarabine, Idarubicin)|HiDAC|AG-221|Azacitidine	5	Hypomethylating/Low Dose Cytarabine | Consolidation | Induction | Experimental | Allogeneic - Matched Unrelated Donor	3	Standard Chemotherapy | Bone Marrow Transplant | Targeted Therapy - Other	AG-221	Experimental	Gain of chromosome 8 centromere, trisomy 3.5%, and terasomy 19.0%	Negative	No	-1	Intermediate-II	Adverse	No	Yes		Negative	None	Post-Chemotherapy|Post-Transplant|Residual Relapse			Negative		Complete Response	Negative	48,XY,+8,+8[14]/46,XY[6]	1	Negative				-1	Targeted Therapy - Other	6	Negative		AMLNOS					9.5								WES	No	No	Bone Marrow Aspirate		Unmatched	Acute myeloid leukaemia, NOS	Acute myeloid leukaemia, NOS	positive for CD13, HLA-DR, CD34, and CD117, with aberrant expression of CD7 and aberrant loss of CD33, and with a subset of these blasts showing aberrant co-expression of CD34 and myeloperoxidase.	0.266666667		Negative	Standard Chemotherapy	1.6	Yes	56.0	Dead-Disease	5	Yes	Acute Myeloid Leukaemia (AML) and Related Precursor Neoplasms	Acute Myeloid Leukaemia (AML) and Related Precursor Neoplasms	HispNative	No	False	No	No	False	44.67	1:DECEASED	No	No	No	No	1	Male	Standard Chemotherapy|Bone Marrow Transplant|Targeted Therapy - Other
aml_ohsu_2018	aml_ohsu_2018_1933	aml_ohsu_2018_15-00056	76	70	Leukemia	AML with Myelodysplasia-Related Changes	No	Negative		2	AG-221|Decitabine	2	Hypomethylating/Low Dose Cytarabine | Experimental	2	Standard Chemotherapy | Targeted Therapy - Other	AG-221	Experimental	Normal		No		Intermediate-I	Intermediate	No	Yes		Negative	None	Residual Disease			Negative			Negative	46,XY[20]	0					-1	Targeted Therapy - Other	71	Negative		AMLMRC					55							46	WES	No	No	Bone Marrow Aspirate	After or at the time transformation from another heme malignancy	Matched	AML with myelodysplasia-related changes	AML with myelodysplasia-related changes	positive for CD13, CD34, CD38, CD117, and HLA-DR; negative for MPO, and B-cell and T-cell markers	4.066666667				4.5	Yes	76.0	Dead-Disease	5	Yes	Acute Myeloid Leukaemia (AML) and Related Precursor Neoplasms	Acute Myeloid Leukaemia (AML) and Related Precursor Neoplasms	White	Yes	False	No	No	False	22.37	1:DECEASED	Yes	No	No	No	2	Male	Standard Chemotherapy|Targeted Therapy - Other
aml_ohsu_2018	aml_ohsu_2018_2452	aml_ohsu_2018_15-00975	70	90	Leukemia	AML, NOS	No		0.76	1	Azacitidine	1	Induction	1	Standard Chemotherapy	Azacitidine	Induction	Positive for 5q deletion in 91% of cells.		Yes	37	Adverse	Adverse	Yes	Yes		Positive	None	Initial Acute Leukemia Diagnosis	25	8.2			Unknown		46,XX,del(5)(q22q35)[20]	0				87.7	37	Standard Chemotherapy	4	Negative		AMLNOS	3.8	24	26		17			20	18	2		35	WES + RNA-seq	Yes	Yes	Peripheral Blood	Denovo	Unmatched	Acute myeloid leukaemia, NOS	Acute myeloid leukaemia, NOS	POSITIVE FOR CD34, HLA-DR, CD117 AND CD33, AND NEGATIVE FOR MPO, TdT, CD13, CD19, CD20 AND CD10.	0.166666667	6.2		Standard Chemotherapy	7.7	Yes	70.0		6	Yes	Acute Myeloid Leukaemia (AML) and Related Precursor Neoplasms	Acute Myeloid Leukaemia (AML) and Related Precursor Neoplasms	White	No	False	No	No	False			No	No	No	No	1	Female	Standard Chemotherapy
aml_ohsu_2018	aml_ohsu_2018_2059	aml_ohsu_2018_15-00276	60	90	Leukemia	AML with Mutated NPM1	No		1.17	3	FLAG-IDA (Cytarabine, Filgrastim, Fludarabine, Idarubicin)|Azacitidine|SWOG S1203 (7+3 +/- Vorinostat)	3	Salvage | Induction | Re-induction	2	Standard Chemotherapy | Other	Azacitidine	Salvage	Normal		Yes	167	Favorable	Favorable	Yes	Yes	M4	Negative	None	Initial Acute Leukemia Diagnosis	14	4.6			Complete Response		46,XY[20]	0			612	104.5	6	Standard Chemotherapy	16	Positive		AMLNPM1	2.4	30	26	0	39.6	1	4	47	10	1	0.1	80	WES + RNA-seq	Yes	Yes	Peripheral Blood	Denovo	Matched	AML with mutated NPM1	AML with mutated NPM1	dim CD4, dim CD7, dim CD11b,      CD13, CD33, variable CD34, CD38, CD58, variable CD64, CD117, CD123, dim HLA-DR, MPO, and dim TdT	0.766666667	5.8		Other	70.84	Yes	60.0	Dead-Unknown	1	Yes	Acute Myeloid Leukaemia (AML) and Related Precursor Neoplasms	Acute Myeloid Leukaemia (AML) and Related Precursor Neoplasms	White	No	False	No	No	False	28.62	1:DECEASED	No	No	No	No	1	Male	Standard Chemotherapy|Other
aml_ohsu_2018	aml_ohsu_2018_2130	aml_ohsu_2018_15-00407	59	2	Myelodysplastic Syndromes	MDS with Multilineage Dysplasia	No	p.E10K; MAF 26.7%		1	R-CVP (Rituximab, Cyclophosphamide, Vincristine, Prednisolone)	1	Unknown	1	Unknown	R-CVP (Rituximab, Cyclophosphamide, Vincristine, Prednisolone)	Unknown	positive for a low level of findings consistent with trisomy 8, seen in 1.7% of cells.		No			Adverse	No	Yes		Negative	None	Post-Chemotherapy			Negative	Negative		Negative	46,XX,del(9)(q21q31-33)[10]/46,XX[10]	0	Negative				-1	Unknown	4	Negative		MDSMD													WES	No	No	Bone Marrow Aspirate		Unmatched	Refractory cytopenia with multilineage dysplasia	Refractory cytopenia with multilineage dysplasia		0.166666667				2.8	Yes	59.0		5	No	Myelodysplastic Syndromes	Myelodysplastic Syndromes	White	No	True	No	No	False			Yes	No	No	No	2	Female	Unknown
aml_ohsu_2018	aml_ohsu_2018_1664	aml_ohsu_2018_14-00464	22	65	Leukemia	AML with Recurrent Genetic Abnormalities	No	Negative		4	ATRA (Tretinoin)|Cyclophosphamide, TBI|3+7 (Cytarabine, Daunorubicin)|GCLAC (GCSF, Clofarabine & Cytarabine)	4	Induction | Experimental | Re-induction | Allogeneic - Matched Unrelated Donor	3	Standard Chemotherapy | Bone Marrow Transplant | Targeted Therapy - Other	Cyclophosphamide, TBI	Allogeneic - Matched Unrelated Donor			Yes	7	Intermediate-II	Intermediate	Yes	Yes	M1	Negative	MLLT3-KMT2A	Initial Acute Leukemia Diagnosis			Negative	Negative	Refractory		46,XX,t(9;11)(p22;q23)[22]	0	Negative	Negative			-1	Bone Marrow Transplant	3	Negative	Negative	AMLRGA					90				0.1				WES + RNA-seq	Yes	Yes	Bone Marrow Aspirate	Denovo	Matched	AML with t(9;11)(p22;q23); MLLT3-MLL	AML with t(9;11)(p22;q23); MLLT3-MLL	CD34, CD38 (dim partial), CD13, CD33 (dim partial), CD11c, CD4 (dim partial), HLA-DR, CD117 and MPO	0.133333333		Negative	Standard Chemotherapy	40.2	Yes	22.0	Alive	4	Yes	Acute Myeloid Leukaemia (AML) and Related Precursor Neoplasms	Acute Myeloid Leukaemia (AML) and Related Precursor Neoplasms	White	No	False	No	No	False	14.9	0:LIVING	No	No	No	No	1	Female	Standard Chemotherapy|Bone Marrow Transplant|Targeted Therapy - Other
aml_ohsu_2018	aml_ohsu_2018_2522	aml_ohsu_2018_16-00115	74	19	Leukemia	AML, NOS	No		0.86	0		0		0		NONE	NONE	Monosomy 7 is detected in 87% of cells.		Yes		Adverse	Adverse	Yes	Yes		Negative	None	Initial Acute Leukemia Diagnosis	24.2	7.8					45,XY,-7,del(12)(p11.2p13)[20]	0				90.6		NONE	5	Negative		AMLNOS	3.7	29	38		7	4		12	2	51		35	WES + RNA-seq	Yes	Yes	Peripheral Blood	Denovo	Unmatched	Acute myeloid leukaemia, NOS	Acute myeloid leukaemia, NOS		0.233333333	6.6			47.5	Yes	74.0	Dead-Disease	6	No	Acute Myeloid Leukaemia (AML) and Related Precursor Neoplasms	Acute Myeloid Leukaemia (AML) and Related Precursor Neoplasms	White	No	False	No	No	False	0.46	1:DECEASED	No	No	No	No	1	Male	
aml_ohsu_2018	aml_ohsu_2018_2260	aml_ohsu_2018_15-00655	70		Leukemia	AML with Myelodysplasia-Related Changes	No			3	7+3 (Cytarabine, Idarubicin)|HiDAC|Treo/Flu/TBI (Treosulfan, Fludarabine, Total Body Irradiation)	3	Consolidation | Induction | Allogeneic - Matched Unrelated Donor	2	Standard Chemotherapy | Bone Marrow Transplant	Treo/Flu/TBI (Treosulfan, Fludarabine, Total Body Irradiation)	Allogeneic - Matched Unrelated Donor		c.2645G>A; MAF 41.8%	No	-1	Intermediate-II	Adverse	No	Yes		Positive	None	Initial Acute Leukemia Diagnosis			c.394C>T; MAF 46.7%		Complete Response		46,XX,del(7)(q22q36)[11]/46,XX[2]	-3					-1	Bone Marrow Transplant	17	Negative		AMLMRC													WES	No	No	Bone Marrow Aspirate	Denovo	Matched	AML with myelodysplasia-related changes	AML with myelodysplasia-related changes		0.866666667			Standard Chemotherapy		Yes	70.0	Alive	3	Yes	Acute Myeloid Leukaemia (AML) and Related Precursor Neoplasms	Acute Myeloid Leukaemia (AML) and Related Precursor Neoplasms	White	No	False	No	No	False	17.86	0:LIVING	No	No	No	No	1	Female	Standard Chemotherapy|Bone Marrow Transplant
aml_ohsu_2018	aml_ohsu_2018_1752	aml_ohsu_2018_14-00613	31	80	Leukemia	AML with inv(16)(p13.1q22) or t(16;16)(p13.1;q22);CBFB-MYH11	No		0.91	2	7+3 (Cytarabine, Idarubicin)|HiDAC	2	Consolidation | Induction	1	Standard Chemotherapy	HiDAC	Consolidation	nuc ish(RUNX1T1,RUNX1)x2[200],(ABL1,BCR)x2[200],(5'MLL,3'MLL)x2(5'MLL con 3'MLLx2)[198],(PML,RARA)x2[198],(CBFBx2)(5CBFB sep 3CBFBx1)[164/200]		Yes	5	Adverse	Favorable	Yes	Yes		Negative	CBFB-MYH11	Initial Acute Leukemia Diagnosis	28.8	10.2			Complete Response		46,XY,inv(16)(p13.1q22)[7]/46,idem,add(17)(p11.2)[13]	-1			434		5	Standard Chemotherapy	2	Negative		AMLCBFBMYH11	3.9	63	39		56	2		17	21	3		34	WES + RNA-seq	Yes	Yes	Peripheral Blood	Denovo	Unmatched	AML with inv(16)(p13.1q22) or t(16;16)(p13.1;q22); CBFB-MYH11	AML with inv(16)(p13.1q22) or t(16;16)(p13.1;q22); CBFB-MYH11	CD2(partial +), CD4(partial +), CD5(partial dim +), CD7(-), CD11b(-), CD13(+), CD14(-), CD15(partial +), CD16(-), CDCD33(variably +), CD34(variably +), CD36(few +), CD38(variably +), CD45(moderate to dim +), CD56(-), CD64(partial +),CD117(+), CD123(variab	0.1	8.2		Standard Chemotherapy	41.35	Yes	31.0		2	Yes	Acute Myeloid Leukaemia (AML) and Related Precursor Neoplasms	Acute Myeloid Leukaemia (AML) and Related Precursor Neoplasms	White	No	False	No	No	False			No	No	No	No	1	Male	Standard Chemotherapy
aml_ohsu_2018	aml_ohsu_2018_2454	aml_ohsu_2018_15-00981	75	90	Leukemia	Therapy-Related Myeloid Neoplasms	No		0.97	2	Hydroxyurea|Decitabine	1	Supportive/Palliative Care	1	Supportive/Palliative Care	Decitabine	Supportive/Palliative Care	Normal		No		Favorable	Favorable	No	Yes		Negative	None	Initial Acute Leukemia Diagnosis	25.3	8.5					46,XY[20]	0			728	91.3	4	Supportive/Palliative Care	11	Positive		TMN	2.9	23	51	0	90	0	0	5.1	0.8	0.9	1	28	WES + RNA-seq	Yes	Yes	Bone Marrow Aspirate		Matched	Therapy-related myeloid neoplasms	Therapy-related myeloid neoplasms	CD33, dim CD38, variable CD56, CD58, dim CD64, CD117, CD123, and MPO positive.	0.5	6.6			62.87	Yes	75.0	Dead-Disease	1	No	Acute Myeloid Leukaemia (AML) and Related Precursor Neoplasms	Acute Myeloid Leukaemia (AML) and Related Precursor Neoplasms	White	No	False	No	No	False	0.56	1:DECEASED	No	No	No	No	1	Male	Supportive/Palliative Care
aml_ohsu_2018	aml_ohsu_2018_1646	aml_ohsu_2018_14-00425	47		Leukemia	APL with PML-RARA	No	Negative	0.6	2	ATRA, Arsenic Trioxide|APML4 Protocol (ATRA, Arsenic Trioxide, Idarubicin)	2	Consolidation | Induction	1	Standard Chemotherapy	ATRA, Arsenic Trioxide	Consolidation		Negative	No	26	Intermediate-II	Favorable	No	Yes	M3	Positive	PML-RARA	Initial Acute Leukemia Diagnosis	19.5	6.5	Negative	Negative	Complete Response	Negative	46,XX,t(15;17)(q24;q21)[4]/45,idem,-22[15]/46,XX[1]	0	Negative	Negative	819	70.8	31	Standard Chemotherapy	5	Negative	Negative	APLPMLRARA	3.3	19	37	0		0		14.8	13.1	13.9	0.9	9	WES + RNA-seq	Yes	Yes	Bone Marrow Aspirate	Denovo	Matched	Acute promyelocytic leukaemia with t(15;17)(q22;q12); PML-RARA	Acute promyelocytic leukaemia with t(15;17)(q22;q12); PML-RARA		0.2	7.1	Negative	Standard Chemotherapy	25.11	Yes	47.0	Alive	1	Yes	Acute Myeloid Leukaemia (AML) and Related Precursor Neoplasms	Acute Myeloid Leukaemia (AML) and Related Precursor Neoplasms	White	No	False	No	No	False	15.16	0:LIVING	No	No	No	No	1	Female	Standard Chemotherapy
aml_ohsu_2018	aml_ohsu_2018_2016	aml_ohsu_2018_15-00200	71	65	Leukemia	AML with Mutated NPM1	No	Negative		2	Azacitidine|Venetoclax (ABT-199), Azacitidine	2	Induction | Experimental	2	Standard Chemotherapy | Targeted Therapy - Other	Venetoclax (ABT-199), Azacitidine	Experimental			No	-1	Favorable	Favorable	No	Yes		Negative	None	Initial Acute Leukemia Diagnosis			p.A1312V; MAF 32.1%	Negative	Complete Response	Negative	46,XX[20]	0	Negative				115	Targeted Therapy - Other	17	Positive		AMLNPM1												96	WES	No	No	Bone Marrow Aspirate	Denovo	Matched	AML with mutated NPM1	AML with mutated NPM1	positive for CD33, CD13, CD117, and myeloperoxidase; negative for CD34 and HLA-DR	0.833333333			Standard Chemotherapy	1.6	Yes	71.0	Alive	5	Yes	Acute Myeloid Leukaemia (AML) and Related Precursor Neoplasms	Acute Myeloid Leukaemia (AML) and Related Precursor Neoplasms	White	No	False	No	No	False	28.55	0:LIVING	No	No	No	No	2	Female	Standard Chemotherapy|Targeted Therapy - Other
aml_ohsu_2018	aml_ohsu_2018_1078	aml_ohsu_2018_13-00195	66	90	Leukemia	AML with Mutated NPM1	No	Negative	1.13	2	7+3 (Cytarabine, Idarubicin)|MiDAC	2	Consolidation | Induction	1	Standard Chemotherapy	MiDAC	Consolidation	Normal	p.R882H; MAF 50%	Yes	6	Favorable	Favorable	Yes	Yes	M5	Negative	None	Initial Acute Leukemia Diagnosis	23.9	7.9	Negative	Negative	Complete Response	Negative	46,XY[20]	0	Negative	Negative	387	103.6	74	Standard Chemotherapy	9	Positive	Negative	AMLNPM1	2.4	19	14	0	24	0		14	61	1		122	WES + RNA-seq	Yes	Yes	Bone Marrow Aspirate	Denovo	Matched	AML with mutated NPM1	AML with mutated NPM1	CD11b, dim/partial CD13, CD14, CD33, CD38, CD58, CD64,     partial CD117, dim/partial CD123, and HLA-DR positive	0.566666667	6.3	Negative	Standard Chemotherapy	28	Yes	66.0	Alive	1	Yes	Acute Myeloid Leukaemia (AML) and Related Precursor Neoplasms	Acute Myeloid Leukaemia (AML) and Related Precursor Neoplasms	White	No	False	No	No	False	31.97	0:LIVING	No	No	No	No	1	Male	Standard Chemotherapy
aml_ohsu_2018	aml_ohsu_2018_635	aml_ohsu_2018_12-00051	55	88	Leukemia	AML with Mutated NPM1	No	Negative	0.88	3	Fludarabine, Melphalan|7+3 (Cytarabine, Idarubicin)|HiDAC	3	Consolidation | Induction | Allogeneic - Matched Unrelated Donor	2	Standard Chemotherapy | Bone Marrow Transplant	Fludarabine, Melphalan	Allogeneic - Matched Unrelated Donor	Normal		Yes	7	Intermediate-I	Favorable or Intermediate	Yes	No		Positive	None	Initial Acute Leukemia Diagnosis	28.2	9.6	Negative	Negative	Complete Response	Negative	46,XX[20]	0	Negative	Negative	678	99.9	-1	Bone Marrow Transplant		Positive	Negative	AMLNPM1	3.4	19	26	0	93	0		6	0	1		19	RNA-seq	Yes	Yes	Bone Marrow Aspirate	Denovo	Matched	AML with mutated NPM1	AML with mutated NPM1	partial CD7, CD13, CD25, CD33, partial CD34, dim CD45, CD117, CD123, and partial HLA-DR positive		6.8		Standard Chemotherapy	17.9	No	55.0	Dead-Disease	1	Yes	Acute Myeloid Leukaemia (AML) and Related Precursor Neoplasms	Acute Myeloid Leukaemia (AML) and Related Precursor Neoplasms	White	No	False	No	No	False	23.26	1:DECEASED	No	No	No	No	1	Female	Standard Chemotherapy|Bone Marrow Transplant
aml_ohsu_2018	aml_ohsu_2018_17	aml_ohsu_2018_14-00640	31		Leukemia	AML with Mutated NPM1	No		1	6	7+3 (Cytarabine, Idarubicin)|HiDAC|Fludarabine, TBI|Sorafenib|Hydroxyurea|Decitabine	5	Consolidation | Induction | Experimental | Re-induction | Allogeneic - Matched Unrelated Donor	3	Standard Chemotherapy | Bone Marrow Transplant | Targeted Therapy - Kinase Inhibitor(s)	Sorafenib	Experimental	6q deletion		Yes	2	Not Enough Information	Unknown	Yes	No			None	Post-Transplant|Residual Disease	22.2	7.7			Unknown		46,XX,del(6)(q13q23)[15]/46,XY[5]	-81			1065	81	105	Targeted Therapy - Kinase Inhibitor(s)		Positive		AMLNPM1	1.9	80	180	0		0	0	21.6	4.5	0	0.6	17	WES + RNA-seq	No	Yes	Peripheral Blood		Unmatched	AML with mutated NPM1	AML with mutated NPM1			5		Standard Chemotherapy	17.79	No	27.0	Dead-Disease	1	Yes	Acute Myeloid Leukaemia (AML) and Related Precursor Neoplasms	Acute Myeloid Leukaemia (AML) and Related Precursor Neoplasms	White	No	False	No	No	False	48.13	1:DECEASED	No	No	No	No	5	Female	Standard Chemotherapy|Bone Marrow Transplant|Targeted Therapy - Kinase Inhibitor(s)
aml_ohsu_2018	aml_ohsu_2018_2333	aml_ohsu_2018_15-00807	14		Leukemia	AML with t(8;21)(q22;q22.1);RUNX1-RUNX1T1	No			2	COG-AAML1031 (IT/IV Cytarabine, Daunorubicin, Etoposide, Mitoxantrone +/- Bortezomib or Sorafenib)|Busulfan, Cyclophosphamide	2	Allogeneic - Sibling | Induction	2	Standard Chemotherapy | Bone Marrow Transplant	Busulfan, Cyclophosphamide	Allogeneic - Sibling	All twenty-three metaphase cells examined were abnormal, with t(8;21), leading to RUNX1/RUNX1T1 fusion.   Two subclones, comprising 6 cells total, had an additional copy of the der(21).		Yes	189	Adverse	Adverse	Yes	Yes		Negative	RUNX1-RUNX1T1	Initial Acute Leukemia Diagnosis					Complete Response		46,XX,t(8;21)(q21.3;q22)[17]/49,sl,+4,+15,+der(21)t(8;21)[2]/53,sdl,-4,+13,+18,+19,+20,+21[4]	-3					-1	Bone Marrow Transplant	5	Negative	p.G12D; MAF 45%	AMLRUNX1RUNX1T1													WES + RNA-seq	Yes	Yes	Peripheral Blood	Denovo	Unmatched	AML with t(8;21)(q22;q22); RUNX1-RUNX1T1	AML with t(8;21)(q22;q22); RUNX1-RUNX1T1		0.266666667			Standard Chemotherapy		Yes	14.0	Alive	1	Yes	Acute Myeloid Leukaemia (AML) and Related Precursor Neoplasms	Acute Myeloid Leukaemia (AML) and Related Precursor Neoplasms	HispNative	No	False	No	No	False	8.29	0:LIVING	No	No	No	No	1	Female	Standard Chemotherapy|Bone Marrow Transplant
aml_ohsu_2018	aml_ohsu_2018_2028	aml_ohsu_2018_15-00237	29	95	Leukemia	AML, NOS	No		0.54	4	7+3 (Cytarabine, Idarubicin)|HiDAC|Busulfan, Cyclophosphamide|Transplant	3	Consolidation | Induction | Allogeneic - Matched Unrelated Donor	2	Standard Chemotherapy | Bone Marrow Transplant	Transplant	Allogeneic - Matched Unrelated Donor	Normal		Yes	24	Not Enough Information	Intermediate or Adverse	Yes	Yes		Positive	None	Initial Acute Leukemia Diagnosis	23	7.9			Complete Response		46,XX[20]	0			1119	95.8	-1	Bone Marrow Transplant	12	Negative		AMLNOS	3	20	25	0	78	0.9	0	11.7	0	13.5	1.8	12	WES + RNA-seq	Yes	Yes	Bone Marrow Aspirate	Denovo	Matched	Acute myeloid leukaemia, NOS	Acute myeloid leukaemia, NOS	dim CD2, dim CD7, CD13, dim CD19, dim CD20,      CD33, partial CD34, variable CD38, dim CD64, CD117, CD123, and HLA-DR      positive.	0.433333333	6.1		Standard Chemotherapy	68.79	Yes	29.0	Alive	1	Yes	Acute Myeloid Leukaemia (AML) and Related Precursor Neoplasms	Acute Myeloid Leukaemia (AML) and Related Precursor Neoplasms	White	No	False	No	No	False	15.66	0:LIVING	No	No	No	No	1	Female	Standard Chemotherapy|Bone Marrow Transplant
aml_ohsu_2018	aml_ohsu_2018_2167	aml_ohsu_2018_15-00479	65	95	Leukemia	AML with Myelodysplasia-Related Changes	No	Negative		4	7+3 (Cytarabine, Idarubicin)|Azacitidine|Fludarabine, Cyclophosphamide, TBI |Venetoclax (ABT-199)	4	Hypomethylating/Low Dose Cytarabine | Experimental | Re-induction | Double Umbilical Cord Blood Transplant (DUCBT)	3	Standard Chemotherapy | Bone Marrow Transplant | Targeted Therapy - Other	Fludarabine, Cyclophosphamide, TBI	Double Umbilical Cord Blood Transplant (DUCBT)	Gain of 8q22 and 21q22 (88%)		No		Not Enough Information	Adverse	No	Yes		Negative	None	Initial Acute Leukemia Diagnosis			Negative	Negative		Negative	48,XY,+8,der(11)t(11;?)(q23;?),+21[19]/46,XY[1]	-1	Negative				-1	Bone Marrow Transplant	3	Negative		AMLMRC					62							33	WES + RNA-seq	Yes	Yes	Peripheral Blood	Denovo	Matched	AML with myelodysplasia-related changes	AML with myelodysplasia-related changes	positive for CD11b, CD13, CD33, CD38, dim CD45, dim CD56, CD64, and HLA-DR	0.1				19.8	Yes	65.0	Dead-Disease	5	Yes	Acute Myeloid Leukaemia (AML) and Related Precursor Neoplasms	Acute Myeloid Leukaemia (AML) and Related Precursor Neoplasms	White	No	False	No	No	False	6.91	1:DECEASED	No	No	No	No	1	Male	Standard Chemotherapy|Bone Marrow Transplant|Targeted Therapy - Other
aml_ohsu_2018	aml_ohsu_2018_1461	aml_ohsu_2018_14-00092	63	13	Leukemia	AML with Mutated NPM1	No	Negative	0.74	3	Fludarabine, Melphalan|7+3 (Cytarabine, Idarubicin)|HiDAC	3	Consolidation | Induction | Allogeneic - Matched Unrelated Donor	2	Standard Chemotherapy | Bone Marrow Transplant	Fludarabine, Melphalan	Allogeneic - Matched Unrelated Donor	Normal	p.T138I; MAF 50%	Yes	6	Favorable	Favorable	Yes	Yes	M4	Negative	None	Initial Acute Leukemia Diagnosis	21.2	7.3	Negative	Negative	Complete Response		46,XX[20]	0		Negative	514	101.4	-1	Bone Marrow Transplant	10	Positive	p.Q61H; MAF 40%	AMLNPM1	2.8	18	26	1.7	14	0.8		9.4	28.2	49.6	1.6	57	WES + RNA-seq	Yes	Yes	Bone Marrow Aspirate	Denovo	Matched	AML with mutated NPM1	AML with mutated NPM1	CD13, CD33, CD38, CD58, CD117, CD123, HLA-DR, and MPO positive	0.533333333	6.1	Negative	Standard Chemotherapy	63.75	Yes	63.0	Alive	1	Yes	Acute Myeloid Leukaemia (AML) and Related Precursor Neoplasms	Acute Myeloid Leukaemia (AML) and Related Precursor Neoplasms	White	No	False	No	No	False	18.62	0:LIVING	No	No	No	No	1	Female	Standard Chemotherapy|Bone Marrow Transplant
aml_ohsu_2018	aml_ohsu_2018_2142	aml_ohsu_2018_15-00471	69	60	Leukemia	AML with Biallelic Mutations of CEBPA	Yes	c.117delC; MAF 27.2%		1	Azacitidine	1	Hypomethylating/Low Dose Cytarabine	1	Standard Chemotherapy	Azacitidine	Hypomethylating/Low Dose Cytarabine			Yes		Not Enough Information	Favorable	Yes	Yes		Negative	Unknown	Initial Acute Leukemia Diagnosis								0					-1	Standard Chemotherapy	19	Negative		AMLCEBPA													WES + RNA-seq	Yes	Yes	Peripheral Blood	Denovo	Matched	AML with mutated CEBPA	AML with mutated CEBPA	weak  CD7, CD13, partial CD15, weak CD33, CD34, weak CD64, CD117,  myeloperoxidase, and HLA-DR, but do not express CD14(MO2),  CD42b, or CD61.	1.066666667				33	Yes	69.0	Dead-Disease	3	Yes	Acute Myeloid Leukaemia (AML) and Related Precursor Neoplasms	Acute Myeloid Leukaemia (AML) and Related Precursor Neoplasms	White	No	False	No	No	False	8.22	1:DECEASED	No	No	No	No	1	Male	Standard Chemotherapy
aml_ohsu_2018	aml_ohsu_2018_2453	aml_ohsu_2018_15-00976	83	12	Leukemia	AML with Myelodysplasia-Related Changes	No		1.3	2	AG-221|Azacitidine, SGN-CD33A	2	Induction | Experimental	2	Standard Chemotherapy | Targeted Therapy - Other	AG-221	Experimental	Normal		Yes	-1	Not Enough Information	Intermediate	Yes	Yes		Negative	None	Residual Relapse|Post-Chemotherapy	21.1	6.8			Refractory		46,XY[20]	0				87.9	-1	Targeted Therapy - Other	17	Negative	p.G12D; MAF 49%	AMLMRC	3.2	42	47	0.3	3	0	9.4	26.9	24.5	38.9	0	213	WES + RNA-seq	Yes	Yes	Bone Marrow Aspirate	After or at the time transformation from another heme malignancy	Matched	AML with myelodysplasia-related changes	AML with myelodysplasia-related changes	CD13, CD33, CD34, CD38, dim CD58, CD117, and dim HLA-DR positive	1	6		Standard Chemotherapy	3.72	Yes	83.0	Dead-Disease	1	Yes	Acute Myeloid Leukaemia (AML) and Related Precursor Neoplasms	Acute Myeloid Leukaemia (AML) and Related Precursor Neoplasms	White	Yes	False	No	No	False	14.28	1:DECEASED	Yes	No	No	No	1	Male	Standard Chemotherapy|Targeted Therapy - Other
aml_ohsu_2018	aml_ohsu_2018_1662	aml_ohsu_2018_14-00458	51	4	Myelodysplastic Syndromes	MDS with Excess Blasts	No	Negative	0.87	2	Fludarabine, Melphalan|Azacitidine, Lenalidomide	2	Induction | Allogeneic - Mismatched Unrelated Donor	2	Standard Chemotherapy | Bone Marrow Transplant	Fludarabine, Melphalan	Allogeneic - Mismatched Unrelated Donor	Trisomy 8	Negative	No	117		Intermediate	No	Yes		Negative	None	Unknown	22.4	7.5	Negative	Negative	Complete Response	Negative	47,XY,+8[2]/46,XY[18]	0	Negative	Negative	438	93.7	-1	Bone Marrow Transplant	18	Negative	Negative	MDSEB	3.5	58	51	0	6	0		38.9	1.1	56.7		20	WES + RNA-seq	Yes	Yes	Bone Marrow Aspirate		Matched	Refractory anaemia with excess blasts	Refractory anaemia with excess blasts	CD34/CD117 positive myeloid blasts comprise about 4% of total CD45+ cells with possible partial TdT expression	0.966666667	5.9	Negative	Standard Chemotherapy	2.23	Yes	51.0	Dead-Treatment	1	Yes	Myelodysplastic Syndromes	Myelodysplastic Syndromes	White	No	True	No	No	False	9.41	1:DECEASED	Yes	No	No	No	1	Male	Standard Chemotherapy|Bone Marrow Transplant
aml_ohsu_2018	aml_ohsu_2018_2519	aml_ohsu_2018_16-00129	42	90	Leukemia	AML with Mutated NPM1	No	Negative	0.98	2	7+3 (Cytarabine, Idarubicin)|HiDAC	2	Consolidation | Induction	1	Standard Chemotherapy	HiDAC	Consolidation	Normal	Negative	No	-1	Favorable	Favorable	No	Yes		Negative	None	Initial Acute Leukemia Diagnosis	21.7	7.3	Negative	Negative	Complete Response	Negative	46,XX[19]	0	Negative	Negative			-1	Standard Chemotherapy	10	Positive	Negative	AMLNPM1	3.6	17	13	0		0		17		20		71	WES + RNA-seq	Yes	Yes	Bone Marrow Aspirate	Denovo	Matched	AML with mutated NPM1	AML with mutated NPM1	Positive	0.466666667	6.6	Negative	Standard Chemotherapy	18.3	Yes	42.0	Alive	5	Yes	Acute Myeloid Leukaemia (AML) and Related Precursor Neoplasms	Acute Myeloid Leukaemia (AML) and Related Precursor Neoplasms	White	No	False	No	No	False	3.42	0:LIVING	No	No	No	No	1	Female	Standard Chemotherapy
aml_ohsu_2018	aml_ohsu_2018_2322	aml_ohsu_2018_15-00786	40	80	Leukemia	AML with Biallelic Mutations of CEBPA	Yes	p.S28fs*81; MAF 28%	0.78	2	HiDAC|3+7 (Cytarabine, Daunorubicin)	2	Consolidation | Induction	1	Standard Chemotherapy	HiDAC	Consolidation	Normal		Yes	6	Favorable	Favorable	Yes	Yes		Negative	None	Initial Acute Leukemia Diagnosis	37.6	13.2			Complete Response		46,XY[20]	0				91.7	5	Standard Chemotherapy	8	Negative		AMLCEBPA	3.9	26	22	0	27.8	0	0	62.6	4.4	5.2	0	66	WES + RNA-seq	Yes	Yes	Bone Marrow Aspirate	Denovo	Matched	AML with mutated CEBPA	AML with mutated CEBPA	dim CD7, CD13, CD33, CD34, CD38, partial CD56 (25%), CD58, dim CD64, CD117, dim CD123, HLA-DR, and MPO+.	0.366666667	7.4		Standard Chemotherapy	2.68	Yes	40.0	Alive	1	Yes	Acute Myeloid Leukaemia (AML) and Related Precursor Neoplasms	Acute Myeloid Leukaemia (AML) and Related Precursor Neoplasms	White	No	False	No	No	False	5.39	0:LIVING	No	No	No	No	1	Male	Standard Chemotherapy
aml_ohsu_2018	aml_ohsu_2018_1368	aml_ohsu_2018_13-00600	53	30	Leukemia	AML with Myelodysplasia-Related Changes	No	Negative	0.94	4	7+3 (Cytarabine, Idarubicin)|FLAG-IDA (Cytarabine, Filgrastim, Fludarabine, Idarubicin)|MEC (Cytarabine, Etoposide, Mitoxantrone)|Decitabine	3	Hypomethylating/Low Dose Cytarabine | Induction | Re-induction	1	Standard Chemotherapy	FLAG-IDA (Cytarabine, Filgrastim, Fludarabine, Idarubicin)	Re-induction	Monosomy 7		No	7	Not Enough Information	Intermediate	No	Yes		Negative	Unknown	Initial Acute Leukemia Diagnosis	25.4	8.6	Negative		Refractory	Negative		0	Negative	Negative	389	99.6	45	Standard Chemotherapy	16	Negative	Negative	AMLMRC	3.2	45	31	0	35	1.2		16	7.4	30.7	0	24	WES	No	No	Peripheral Blood	After or at the time transformation from another heme malignancy	Matched	AML with myelodysplasia-related changes	AML with myelodysplasia-related changes	CD13, partial CD33, CD34, partial CD56, partial CD64, CD117, partial CD123, HLA-DR and MPO-positive	0.866666667	6.5	Negative	Standard Chemotherapy	3.28	Yes	53.0	Alive	1	Yes	Acute Myeloid Leukaemia (AML) and Related Precursor Neoplasms	Acute Myeloid Leukaemia (AML) and Related Precursor Neoplasms	White	No	False	No	No	False	7.96	0:LIVING	Yes	No	No	No	1	Male	Standard Chemotherapy
aml_ohsu_2018	aml_ohsu_2018_2360	aml_ohsu_2018_15-00855	8		Leukemia	Myeloid Leukemia Associated with Down Syndrome	No	Negative	0.72	2	ADE (Cytarabine, Daunorubicin & Etoposide)|Cytarabine	2	Induction | CNS	2	Standard Chemotherapy | Intrathecal	Cytarabine	CNS	RUNX1 (21q22): 89% of cells had three signals for RUNX1 (21q22) consistent with the three copies of chromosome 21 seen on metaphase analysis.	Negative	Yes	151	Intermediate-II	Favorable	Yes	Yes		Negative	None	Initial Acute Leukemia Diagnosis	26.8	9.3	Negative	Negative	Complete Response	Negative	47,XY,+21c[20]	-2	Negative	Negative		90.5	151	Intrathecal	1	Positive	Negative	MLADS	3.2	13	25	10.8		0	1.8	8.1	13.5	8.1	0	40	WES + RNA-seq	Yes	Yes	Peripheral Blood	Denovo	Unmatched	Myeloid leukaemia associated with Down syndrome	Myeloid leukaemia associated with Down syndrome		0.033333333	8.2	Negative	Standard Chemotherapy	67.53	Yes	8.0	Alive	1	Yes	Acute Myeloid Leukaemia (AML) and Related Precursor Neoplasms	Acute Myeloid Leukaemia (AML) and Related Precursor Neoplasms	HispNative	No	False	No	No	False	5.66	0:LIVING	No	No	No	No	1	Male	Standard Chemotherapy|Intrathecal
aml_ohsu_2018	aml_ohsu_2018_1967	aml_ohsu_2018_15-00312	70		Leukemia	Therapy-Related Myeloid Neoplasms	No			3	7+3 (Cytarabine, Idarubicin)|Azacitidine, Lenalidomide|Rituximab	2	Induction | Experimental	2	Standard Chemotherapy | Targeted Therapy - Other	Rituximab	Experimental	Normal		No	-1	Not Enough Information	Adverse	No	Yes		Positive	None	Post-Chemotherapy					Unknown		46,XY[18]	-54					-1	Targeted Therapy - Other	11	Negative		TMN													WES + RNA-seq	Yes	Yes	Bone Marrow Aspirate	After or at the time transformation from another heme malignancy	Matched	Therapy-related myeloid neoplasms	Therapy-related myeloid neoplasms		0.633333333			Standard Chemotherapy		Yes	69.0		5	Yes	Acute Myeloid Leukaemia (AML) and Related Precursor Neoplasms	Acute Myeloid Leukaemia (AML) and Related Precursor Neoplasms	White	Yes	False	No	No	False			Yes	No	No	Yes	1	Male	Standard Chemotherapy|Targeted Therapy - Other
aml_ohsu_2018	aml_ohsu_2018_1400	aml_ohsu_2018_14-00001	56	95	Leukemia	AML with Mutated NPM1	No	Negative	0.97	2	7+3 (Cytarabine, Idarubicin)|HiDAC	3	Consolidation | Induction | Re-induction	1	Standard Chemotherapy	HiDAC	Consolidation	Normal	Negative	No	6	Intermediate-I	Favorable or Intermediate	No	No		Positive	None	Initial Acute Leukemia Diagnosis	11.1	3.7	Negative		Refractory	Negative	46,XY[20]	0	Negative	Negative	314	95.7	111	Standard Chemotherapy		Positive	Negative	AMLNPM1	3.4	27	16	0.8	95	0		25.6	0	0	0.7	20	RNA-seq	Yes	Yes	Bone Marrow Aspirate	Denovo	Matched	AML with mutated NPM1	AML with mutated NPM1	CD13, CD33, CD38, partial CD56 (7%), CD58, CD117, CD123, and partial MPO positive		7.1	Negative	Standard Chemotherapy	13.26	No	56.0	Alive	1	Yes	Acute Myeloid Leukaemia (AML) and Related Precursor Neoplasms	Acute Myeloid Leukaemia (AML) and Related Precursor Neoplasms	HispNative	No	False	No	No	False	7.14	0:LIVING	No	No	No	No	2	Male	Standard Chemotherapy
aml_ohsu_2018	aml_ohsu_2018_1441	aml_ohsu_2018_14-00060	68		Myelodysplastic Syndromes	MDS, Unclassifiable	No		1.18	1	Azacitidine	1	Induction	1	Standard Chemotherapy	Azacitidine	Induction			No	6		Adverse	No	Yes		Negative	None	Unknown	21	7			Unknown		45~48,XY,del(5)(q22q35),+8,del(13)(q12q14),- 20,der(21)t(20;21)(p11.2;p11.1),+der(22)t(?;22)(?;q11.2)[cp15]/46,XY[4]	-13			1138	88.6	6	Standard Chemotherapy	17	Negative		MDSU	3	27	23	0	15	1.7		38.7	3.4	30.3	0	26	WES + RNA-seq	Yes	Yes	Peripheral Blood		Matched	Myelodysplastic syndrome, unclassifiable	Myelodysplastic syndrome, unclassifiable	CD13, CD33, CD34, CD38, CD58, CD117, CD123 and HLA-DR positive	1.066666667	5.7		Standard Chemotherapy	2.42	Yes	68.0	Dead-Unknown	1	Yes	Myelodysplastic Syndromes	Myelodysplastic Syndromes	White	No	True	No	No	False	9.84	1:DECEASED	Yes	No	No	No	1	Male	Standard Chemotherapy
aml_ohsu_2018	aml_ohsu_2018_1721	aml_ohsu_2018_14-00559	68	79	Leukemia	AML with Mutated NPM1	No	Negative		4	7+3 (Cytarabine, Idarubicin)|HiDAC|Azacitidine|MEC (Cytarabine, Etoposide, Mitoxantrone)	4	Consolidation | Induction | Re-induction | Maintenance	1	Standard Chemotherapy	Azacitidine	Maintenance	IGH-MYEOV and IGH-CCND1 rearrangement; MAF unlisted	R882C; MAF 50%	Yes	-1	Favorable	Favorable	Yes	Yes		Negative	None	Initial Acute Leukemia Diagnosis	20.8	6.8	Negative	Negative	Complete Response		46,XY	0					-1	Standard Chemotherapy	12	Positive	G13D; MAF 44%	AMLNPM1	4	8	26	0	54			10	42	30		61	WES + RNA-seq	Yes	Yes	Bone Marrow Aspirate	Denovo	Matched	AML with mutated NPM1	AML with mutated NPM1	CD2(-), CD4(equivocal), CD7(partial +), CD11b (equivocal), CD13(+), CD14(-), CD15(-), CD16(equivocal), CD33(-), CD34(bright +), CD36(-), CD38(dim +), CD45(+), CD56(equivocal), CD64(-), CD117(+), CD123(equivocal), HLA-DR(dim +), MPO(partial +), TdT(-)	0.5	7.1		Standard Chemotherapy	41.4	Yes	68.0	Alive	2	Yes	Acute Myeloid Leukaemia (AML) and Related Precursor Neoplasms	Acute Myeloid Leukaemia (AML) and Related Precursor Neoplasms	White	No	False	No	No	False	32.11	0:LIVING	No	No	No	No	2	Male	Standard Chemotherapy
aml_ohsu_2018	aml_ohsu_2018_1153	aml_ohsu_2018_13-00331	37	92	Leukemia	AML with Mutated NPM1	No	Negative		5	7+3 (Cytarabine, Idarubicin)|HiDAC|FLAG-IDA (Cytarabine, Filgrastim, Fludarabine, Idarubicin)|MEC (Cytarabine, Etoposide, Mitoxantrone)|Cyclophosphamide, Etoposide, TBI	5	Allogeneic - Sibling | Consolidation | Salvage | Induction | Re-induction	2	Standard Chemotherapy | Bone Marrow Transplant	FLAG-IDA (Cytarabine, Filgrastim, Fludarabine, Idarubicin)	Re-induction		Negative	Yes	6	Favorable	Favorable	Yes	Yes	M5	Negative	None	Post-Chemotherapy|Relapse			Positive	Negative	Complete Response		46,XX[5]	0	Negative	Negative			53	Standard Chemotherapy	11	Positive	Negative	AMLNPM1					97								WES + RNA-seq	Yes	Yes	Bone Marrow Aspirate	Relapse	Matched	AML with mutated NPM1	AML with mutated NPM1	CD45, DIM CD64, DIM CD13, DIM CD33, CD15, CD38, MPO, CD11C, DIM CD4, DIM PARTIAL CD19, CD117, AND HLA-DR	0.666666667		Negative	Standard Chemotherapy	140	Yes	35.0	Dead-Treatment	4	Yes	Acute Myeloid Leukaemia (AML) and Related Precursor Neoplasms	Acute Myeloid Leukaemia (AML) and Related Precursor Neoplasms	White	No	False	No	No	False	25.03	1:DECEASED	No	No	No	No	2	Female	Standard Chemotherapy|Bone Marrow Transplant
aml_ohsu_2018	aml_ohsu_2018_1569	aml_ohsu_2018_14-00311	73	54.8	Leukemia	Therapy-Related Myeloid Neoplasms	No	Negative		1	Decitabine	1	Hypomethylating/Low Dose Cytarabine	1	Standard Chemotherapy	Decitabine	Hypomethylating/Low Dose Cytarabine	deletion 5q31 involving the EGR1 locus in 96/200 (48.0  percent) cells scored,  deletion 7q31 involving the D7S486 locus in 85/200 (42.5  percent) cells scored.		No		Not Enough Information	Adverse	No	Yes		Negative	None	Initial Acute Leukemia Diagnosis							43,XX,-5,add(7)(q22),t(10;13)(p13;q22),-12,-17[12]/46,XX[8]	-1					-1	Standard Chemotherapy	8	Negative		TMN					25								WES	No	No	Peripheral Blood		Matched	Therapy-related myeloid neoplasms	Therapy-related myeloid neoplasms	Large population of CD34 positive myeloblasts, representing approximately 50% of the leukocytes, consistent with acute myeloid leukemia	0.4				0.92	Yes	73.0	Dead-Disease	3	Yes	Acute Myeloid Leukaemia (AML) and Related Precursor Neoplasms	Acute Myeloid Leukaemia (AML) and Related Precursor Neoplasms	White	No	False	No	No	False	0.56	1:DECEASED	No	No	No	No	1	Female	Standard Chemotherapy
aml_ohsu_2018	aml_ohsu_2018_1187	aml_ohsu_2018_13-00396	63	51	Leukemia	AML with Myelodysplasia-Related Changes	No	Negative	1.37	3	7+3 (Cytarabine, Idarubicin)|Decitabine|Bu/Flu/TBI (Busulfan, Fludarabine, Total Body Irradiation)	3	Consolidation | Induction | Allogeneic - Matched Unrelated Donor	2	Standard Chemotherapy | Bone Marrow Transplant	Decitabine	Consolidation	Extra MLL signal		Yes	6	Adverse	Adverse	Yes	Yes	M4	Negative	None	Initial Acute Leukemia Diagnosis	33.7	11	Negative		Complete Response	Negative	42~45,XY,del(4)(q31q35),del(5)(q13q35),add(9)(q21),add(13)(p11.2),-16,-21[cp15]/40~46,sl,+9,-add(9)(q21),-15,+der(16)t(15;16)(q11.1;p13.3),-18,+mar[cp5]	-2	Negative	Negative		92.6	-1	Standard Chemotherapy	9	Negative	Negative	AMLMRC	3.2	20	20	1.8	3.5	0.9		41.2	37.7	11.4	0	24	WES + RNA-seq	Yes	Yes	Bone Marrow Aspirate	Denovo	Matched	AML with myelodysplasia-related changes	AML with myelodysplasia-related changes	CD13, CD33, CD34, CD56, CD58, dim CD64, CD117 and partial HLA-DR.	0.433333333	7.1	p.R273S; MAF 40%	Standard Chemotherapy	5.23	Yes	63.0	Dead-Treatment	1	Yes	Acute Myeloid Leukaemia (AML) and Related Precursor Neoplasms	Acute Myeloid Leukaemia (AML) and Related Precursor Neoplasms	White	No	False	No	No	False	7.5	1:DECEASED	No	No	No	No	1	Male	Standard Chemotherapy|Bone Marrow Transplant
aml_ohsu_2018	aml_ohsu_2018_1495	aml_ohsu_2018_14-00173	75		Leukemia	Acute Myeloid Leukemia	No			5	7+3 (Cytarabine, Idarubicin)|CLAG (Cladribine, Cytarabine, Filgrastim)|MiDAC|ODSH (2 O, 3-O Desulfated Heparin) |SGN-CD33A	2	Consolidation | Induction	1	Standard Chemotherapy	CLAG (Cladribine, Cytarabine, Filgrastim)	Consolidation	Normal		No	21	Not Enough Information	Intermediate	No	Yes		Negative	None	Initial Acute Leukemia Diagnosis					Complete Response		46,XY,add(8)(p21),t(8;19)(p11.2;q13.3)[18]/46,XY[2]	-6					-1	Standard Chemotherapy		Negative		AML													WES	No	No	Peripheral Blood	Denovo	Unmatched	Acute myelomonocytic leukaemia	Acute myelomonocytic leukaemia		0			Standard Chemotherapy		Yes	75.0	Dead-Disease	3	Yes	Acute Myeloid Leukaemia (AML) and Related Precursor Neoplasms	Acute Myeloid Leukaemia (AML) and Related Precursor Neoplasms	White	No	False	No	No	False	11.02	1:DECEASED	No	No	No	No	3	Male	Standard Chemotherapy
aml_ohsu_2018	aml_ohsu_2018_2472	aml_ohsu_2018_16-00026	56	89.6	Leukemia	AML with Mutated NPM1	No			4	Busulfan, Fludarabine|7+3 (Cytarabine, Idarubicin)|HiDAC|CLAG (Cladribine, Cytarabine, Filgrastim)	4	Consolidation | Induction | Re-induction | Allogeneic - Matched Unrelated Donor	2	Standard Chemotherapy | Bone Marrow Transplant	Busulfan, Fludarabine	Allogeneic - Matched Unrelated Donor	Normal	p.Val716Asp; MAF 45%	Yes	12	Favorable	Favorable	Yes	Yes		Negative	None	Initial Acute Leukemia Diagnosis					Complete Response i		46,XY[20]	-1					-1	Bone Marrow Transplant	20	Positive		AMLNPM1					51							54	WES	No	No	Bone Marrow Aspirate		Matched	AML with mutated NPM1	AML with mutated NPM1	84% are monocytes, and 9% are myeloid  cells. The monocytic cells (percentages shown) appear  atypical with expression of CD13, bright CD33, and bright  CD64, but weaker than normal HLA-DR and include 48% that  are phenotypically consistent with promonocy	1.266666667			Standard Chemotherapy	31.02	Yes	56.0	Alive	3	Yes	Acute Myeloid Leukaemia (AML) and Related Precursor Neoplasms	Acute Myeloid Leukaemia (AML) and Related Precursor Neoplasms	White	No	False	No	No	False	17.07	0:LIVING	No	No	No	No	1	Male	Standard Chemotherapy|Bone Marrow Transplant
aml_ohsu_2018	aml_ohsu_2018_1519	aml_ohsu_2018_14-00193	57		Leukemia	AML with inv(16)(p13.1q22) or t(16;16)(p13.1;q22);CBFB-MYH11	No		1.3	1	7+3 (Cytarabine, Idarubicin)	1	Induction	1	Standard Chemotherapy	7+3 (Cytarabine, Idarubicin)	Induction	nuc ish(D5S721x2,D5S23x2,EGR1x1)[182/200],(D7Z1,D7S522)x2[199], (RUNX1T1,RUNX1)x2[199],(5'MLL,3'MLL)x2(5'MLL con 3'MLLx2)[192],(PML,RARA)x2[198],(5'CBFB,3'CBFB)x2(5'CBFB sep 3'CBFBx1)[176/200]		Yes	3	Adverse	Favorable	Yes	Yes		Negative	CBFB-MYH11	Initial Acute Leukemia Diagnosis					Unknown		46,XY,del(5)(q15q35),inv(16)(p13.1q22)[20]	0			409		3	Standard Chemotherapy	3	Negative	Q61H; MAF 5%	AMLCBFBMYH11	3	15	23	0	54	0		38	8	0			WES + RNA-seq	Yes	Yes	Peripheral Blood	Denovo	Unmatched	AML with inv(16)(p13.1q22) or t(16;16)(p13.1;q22); CBFB-MYH11	AML with inv(16)(p13.1q22) or t(16;16)(p13.1;q22); CBFB-MYH11		0.166666667	6.6		Standard Chemotherapy	8.2	Yes	56.0	Dead-Disease	2	Yes	Acute Myeloid Leukaemia (AML) and Related Precursor Neoplasms	Acute Myeloid Leukaemia (AML) and Related Precursor Neoplasms	White	No	False	No	No	False	13.85	1:DECEASED	No	No	No	No	1	Male	Standard Chemotherapy
aml_ohsu_2018	aml_ohsu_2018_1710	aml_ohsu_2018_14-00543	27	69	Leukemia	AML with Mutated NPM1	No	Negative		2	HiDAC|SWOG S1203 (7+3 +/- Vorinostat)	2	Consolidation | Induction	1	Standard Chemotherapy	HiDAC	Consolidation			No	8	Intermediate-II	Favorable	No	Yes	M2	Negative	None	Initial Acute Leukemia Diagnosis			Negative	Negative	Complete Response		48,XX,+3,+10[2]/46,XX[18]	0	Negative	Negative			137	Standard Chemotherapy	36	Positive	Negative	AMLNPM1					68				1				WES	No	No	Bone Marrow Aspirate	Denovo	Matched	AML with mutated NPM1	AML with mutated NPM1	CD34, CD38, CD13, CD33, CD11C, CD19, PARTIAL CD4, HLA-DR, PARTIAL CD15, CD117, PARTIAL CD61, AND PARTIAL CD7	1.7		Negative	Standard Chemotherapy	5.1	Yes	27.0	Alive	4	Yes	Acute Myeloid Leukaemia (AML) and Related Precursor Neoplasms	Acute Myeloid Leukaemia (AML) and Related Precursor Neoplasms	HispNative	No	False	No	No	False	8.22	0:LIVING	No	No	No	No	2	Female	Standard Chemotherapy
aml_ohsu_2018	aml_ohsu_2018_2279	aml_ohsu_2018_15-00693	66	60	Leukemia	AML, NOS	No		0.84	4	Bortezomib|3+7 (Cytarabine, Daunorubicin)|MiDAC|Fludarabine, Cytarabine	4	Allogeneic - Sibling | Consolidation | Induction | Experimental	3	Standard Chemotherapy | Bone Marrow Transplant | Targeted Therapy - Other	Fludarabine, Cytarabine	Allogeneic - Sibling	IGH/MAF: 74/100 cells (74%) had variant abnormal 0-1 red/ 1-4 green/ 2-7 yellow signal patterns reflecting IGH/MAF fusion. The majority of cells (56%) were 0 red/ 1 green/ 3 yellow. IGH: 68/100 (68%) cells scored had signal patterns consistent with IGH re		Yes	6	Intermediate-II	Adverse	Yes	Yes		Positive	None	Initial Acute Leukemia Diagnosis	24.2	7.7			Refractory		47,XX,+6[6]/46,XX[19]	0			453	104.8	-1	Bone Marrow Transplant	21	Negative	p.Q61R MAF ~5%	AMLNOS	2.5	23	19	0		0	0.9	29.8	54.4	1.8	0.5	92	WES + RNA-seq	Yes	Yes	Bone Marrow Aspirate	Denovo	Matched	Acute myeloid leukaemia, NOS	Acute myeloid leukaemia, NOS	dimCD4, CD11b, CD13, dimCD14, CD33, CD56, CD58, CD64, dimCD123 and HLA-DR positive; Minor subset of blasts with immunophenotype: CD13, CD33, CD34, CD58, CD117, dimCD123, HLA-DR and MPO positive.	0.9	7.4		Standard Chemotherapy	14.94	Yes	66.0	Alive	1	Yes	Acute Myeloid Leukaemia (AML) and Related Precursor Neoplasms	Acute Myeloid Leukaemia (AML) and Related Precursor Neoplasms	White	No	False	No	No	False	27.57	0:LIVING	No	No	No	No	1	Female	Standard Chemotherapy|Bone Marrow Transplant|Targeted Therapy - Other
aml_ohsu_2018	aml_ohsu_2018_1104	aml_ohsu_2018_13-00255	72		Leukemia	AML with Myelodysplasia-Related Changes	No	Negative	0.61	1	3+7 (Cytarabine, Daunorubicin)	1	Induction	1	Standard Chemotherapy	3+7 (Cytarabine, Daunorubicin)	Induction	12p deletion	Negative	Yes	6	Intermediate-II	Adverse	Yes	No	M4	Negative	None	Initial Acute Leukemia Diagnosis	26.3	8.7	Negative	Negative	Complete Response	Negative	46,XY,del(12)(p11.2p13)[15]/46,XY[5]	-8	Negative	Negative	324	92.8	6	Standard Chemotherapy		Negative	Negative	AMLMRC	3.5	57	27	0	5	1		3	77	8		19	RNA-seq	Yes	Yes	Peripheral Blood	After or at the time transformation from another heme malignancy	Matched	AML with myelodysplasia-related changes	AML with myelodysplasia-related changes			7.2	Negative	Standard Chemotherapy	56.5	No	72.0	Dead-Unknown	1	Yes	Acute Myeloid Leukaemia (AML) and Related Precursor Neoplasms	Acute Myeloid Leukaemia (AML) and Related Precursor Neoplasms	White	No	False	Yes	No	False	5.79	1:DECEASED	No	Yes	No	No	2	Male	Standard Chemotherapy
aml_ohsu_2018	aml_ohsu_2018_1446	aml_ohsu_2018_14-00066	51	10	Leukemia	Pure Erythroid Leukemia	No	Negative	1.12	2	Fludarabine, Melphalan|Azacitidine	2	Induction | Allogeneic - Matched Unrelated Donor	2	Standard Chemotherapy | Bone Marrow Transplant	Fludarabine, Melphalan	Allogeneic - Matched Unrelated Donor	20q deletion		No	-1	Intermediate-II	Intermediate	No	Yes		Negative	None	Residual Disease|Post-Chemotherapy	32.8	11	Negative		Complete Response	Negative	46,XY,del(20)(q12)[14]/46,XY[6]	0	Negative	Negative	284	100.9	-1	Bone Marrow Transplant	9	Negative	Negative	PERL	3.8	83	52	0.9		3.5	0.4	54.5	3	37.7	0	99	WES	No	No	Bone Marrow Aspirate		Matched	Acute erythroid leukaemia	Acute erythroid leukaemia	The analysis shows CD34+ blasts comprise approximately 4.2% of total CD45+ events and show variable expression of CD13, CD33, CD117, and dim partial CD123.  Please see below for antibodies tested.  B-cells (2% of lymphocyte gate) show polytypic surface li	0.433333333	8.2	Negative	Standard Chemotherapy	2.31	Yes	51.0	Alive	1	Yes	Acute Myeloid Leukaemia (AML) and Related Precursor Neoplasms	Acute Myeloid Leukaemia (AML) and Related Precursor Neoplasms	White	No	False	No	No	False	18.65	0:LIVING	No	No	No	No	1	Male	Standard Chemotherapy|Bone Marrow Transplant
aml_ohsu_2018	aml_ohsu_2018_2459	aml_ohsu_2018_15-00990	81	90	Leukemia	AML with Mutated NPM1	No		4.22	1	Azacitidine	1	Supportive/Palliative Care	1	Supportive/Palliative Care	Azacitidine	Supportive/Palliative Care	Normal		Yes		Favorable	Favorable	Yes	Yes	M5	Negative	None	Initial Acute Leukemia Diagnosis	22.8	7.3					46,XX[20]	0			262	90.8	6	Supportive/Palliative Care	5	Positive		AMLNPM1	2.9	62	50	0	70	0	0.8	6.1	72.2	12.2	0.4	29	WES + RNA-seq	Yes	Yes	Bone Marrow Aspirate	Denovo	Matched	AML with mutated NPM1	AML with mutated NPM1	CD11b, variable CD13, variable CD14, CD33, CD56, CD64, dim CD123 and dim HLA-DR positive	0.2	5.8			97.26	Yes	81.0	Dead-Disease	1	No	Acute Myeloid Leukaemia (AML) and Related Precursor Neoplasms	Acute Myeloid Leukaemia (AML) and Related Precursor Neoplasms	White	No	False	No	No	False	0.46	1:DECEASED	No	No	No	No	1	Female	Supportive/Palliative Care
aml_ohsu_2018	aml_ohsu_2018_1161	aml_ohsu_2018_13-00353	30	64	Leukemia	Therapy-Related Myeloid Neoplasms	No	Negative	0.64	4	GCLAM (G-CSF, Cladribine, Cytarabine, and Mitoxantrone) |7+3 (Cytarabine, Idarubicin)|HiDAC|Decitabine	4	Consolidation | Salvage | Induction | Supportive/Palliative Care	2	Standard Chemotherapy | Supportive/Palliative Care	Decitabine	Supportive/Palliative Care	Disruption of MLL signal and t(9;11)	Negative	Yes	6	Intermediate-II	Intermediate	Yes	Yes		Negative	MLLT3-KMT2A	Post-Chemotherapy|Initial Acute Leukemia Diagnosis	21.8	7.5	Negative		Complete Response	Negative	46,XX,t(9;11)(p11;q34)[19]/46,XX[1]	0	Negative	Negative		111.8	31	Supportive/Palliative Care	15	Negative	Negative	TMN	3.6	48	33	0	65	0		28.9	25.4	19.3	1.7	29	WES + RNA-seq	Yes	Yes	Bone Marrow Aspirate		Matched	Therapy-related myeloid neoplasms	Therapy-related myeloid neoplasms	CD11b, CD13, CD14,  CD33, CD64, CD56, CD123 and HLA-DR positive	0.666666667	6.1	Negative	Standard Chemotherapy	29.25	Yes	30.0	Dead-Disease	1	Yes	Acute Myeloid Leukaemia (AML) and Related Precursor Neoplasms	Acute Myeloid Leukaemia (AML) and Related Precursor Neoplasms	Asian	No	False	No	No	False	8.88	1:DECEASED	No	No	No	No	2	Female	Standard Chemotherapy|Supportive/Palliative Care
aml_ohsu_2018	aml_ohsu_2018_201	aml_ohsu_2018_10-00692	60	40	Leukemia	AML with Mutated NPM1	No		1.8	4	7+3 (Cytarabine, Idarubicin)|Hydroxyurea|Quizartinib|Busulfan, Cyclophosphamide	3	Allogeneic - Sibling | Induction | Experimental	3	Standard Chemotherapy | Bone Marrow Transplant | Targeted Therapy - Kinase Inhibitor(s)	Busulfan, Cyclophosphamide	Allogeneic - Sibling	Normal		No	5	Intermediate-I	Intermediate	Yes	Yes	NOS	Positive	None	Initial Acute Leukemia Diagnosis	30.8	10.6			Refractory		46,XY[20]	0				103.1	-1	Bone Marrow Transplant	4	Positive		AMLNPM1	3.1	23	31	0	51	0		5	11	23		136	WES	No	No	Bone Marrow Aspirate	Denovo	Unmatched	AML with mutated NPM1	AML with mutated NPM1	partial CD7, CD13, CD33, partial CD34, dim CD45, CD117, CD123, HLA-DR, and partial TdT/positive	0.166666667	6.3		Standard Chemotherapy	65.2	Yes	60.0	Alive	1	Yes	Acute Myeloid Leukaemia (AML) and Related Precursor Neoplasms	Acute Myeloid Leukaemia (AML) and Related Precursor Neoplasms	White	No	False	No	No	False	12.5	0:LIVING	No	No	No	No	1	Male	Standard Chemotherapy|Bone Marrow Transplant|Targeted Therapy - Kinase Inhibitor(s)
aml_ohsu_2018	aml_ohsu_2018_1810	aml_ohsu_2018_14-00712	65	18	Leukemia	Therapy-Related Myeloid Neoplasms	No	Negative	1.65	3	3+7 (Cytarabine, Daunorubicin)|Decitabine|5+2 (Ara-C, Daunorubicin)	3	Salvage | Induction | Re-induction	2	Standard Chemotherapy | Other	Decitabine	Salvage	TP53/CEP17: 85% of cells were missing a signal for TP53, consistent with deletion due to the i(17) seen on metaphase analysis.  PML/RARA: 69% of cells had three signals for RARA (17q21), consistent with three copies of 17q due to the i(17) seen on metapha	Negative	Yes	6	Intermediate-II	Adverse	Yes	Yes		Negative	None	Initial Acute Leukemia Diagnosis|Post-Chemotherapy	20.1	6.7	Negative	Negative	Refractory	Negative	46,XY,i(17)(q10)[20]	0	Negative	Negative	3923	81	9	Standard Chemotherapy	8	Negative	p.G12D; MAF 46%	TMN	2.9	44	165	0	12	0.9	32	7.4	35.2	18.5	4.8	40	WES + RNA-seq	Yes	Yes	Bone Marrow Aspirate		Matched	Therapy-related myeloid neoplasms	Therapy-related myeloid neoplasms	CD13, CD33, CD34, CD117, and HLA-DR positive	0.266666667	5.7	Negative	Standard Chemotherapy	161.89	Yes	65.0	Dead-Disease	1	Yes	Acute Myeloid Leukaemia (AML) and Related Precursor Neoplasms	Acute Myeloid Leukaemia (AML) and Related Precursor Neoplasms	White	No	False	No	No	False	5.2	1:DECEASED	No	No	No	No	1	Male	Standard Chemotherapy|Other
aml_ohsu_2018	aml_ohsu_2018_2106	aml_ohsu_2018_15-00357	53	30	Leukemia	AML, NOS	No	Negative		6	AG-221|Donor Lymphocyte Infusion|GCLAC (GCSF, Clofarabine & Cytarabine)|Azacitidine|7+3 (Cytarabine, Idarubicin) plus Sorafenib|Busulfan, Cyclophosphamide	6	Hypomethylating/Low Dose Cytarabine | Unknown | Induction | Experimental | Re-induction | Allogeneic - Matched Unrelated Donor	4	DLI | Standard Chemotherapy | Bone Marrow Transplant | Targeted Therapy - Other	AG-221	Experimental			No	-1	Not Enough Information	Intermediate	No	Yes		Negative	None	Post-Transplant|Post-Chemotherapy|Residual Relapse			Negative		Refractory	Negative	46,XY[20]	1	Negative				-1	Targeted Therapy - Other	2	Negative		AMLNOS					0								WES	No	No	Peripheral Blood		Unmatched	Acute myeloid leukaemia, NOS	Acute myeloid leukaemia, NOS	positive for CD13, CD33, CD34, CD38, dim CD45, CD117, HLA-DR and MPO	0.1			Standard Chemotherapy	0.7	Yes	50.0		5	Yes	Acute Myeloid Leukaemia (AML) and Related Precursor Neoplasms	Acute Myeloid Leukaemia (AML) and Related Precursor Neoplasms	White	No	False	No	No	False			No	No	No	No	2	Male	DLI|Standard Chemotherapy|Bone Marrow Transplant|Targeted Therapy - Other
aml_ohsu_2018	aml_ohsu_2018_2500	aml_ohsu_2018_16-00077	80		Leukemia	Therapy-Related Myeloid Neoplasms	No		1.28	5	AG-120|5+2 (Cytarabine, Idarubicin)|7+3 (Cytarabine, Idarubicin)|Azacitidine|Decitabine	4	Consolidation | Induction | Experimental | Maintenance	2	Standard Chemotherapy | Targeted Therapy - Other	AG-120	Experimental	nuc ish(D5S2064,D5S630,EGR1)x2 [200],(D7Z1x2,D7S522x1)[1/200]/(D7Z1,D7S522)x1[185/200],(D8Z2,D20S108)x2[200],(RUNX1T1,RUNX1)x2[200], (5'MLL,3'MLL)x2(5'MLL con 3'MLLx2)[200],(PML,RARA)x2[200],(5'CBFB,3'CBFB)x2(5'CBFB con 3'CBFBx2)[200]		Yes	7	Adverse	Adverse	Yes	Yes		Negative	None	Residual Disease|Post-Chemotherapy	25.6	8.1		Negative	Complete Response		45,XY,-7[2]/45,XY,t(6;8)(q21;q21.2),-7,del(10)(q24q26),t(12;15)(p13;q15)[19]	-29			1897		-1	Targeted Therapy - Other	2	Negative		TMN	2.6	11	57	0	70	0		7	3	9		23	WES + RNA-seq	Yes	Yes	Peripheral Blood		Unmatched	Therapy-related myeloid neoplasms	Therapy-related myeloid neoplasms	CD2(subset +), CD4(dim +), CD7(partial +), CD11b(partial +), CD13(+), CD14(-), CD15(partial +), CD16(-), CD33(variably +), CD34(partial +), CD38(variably +), CD45(+), CD56(partial +), CD64(-), CD117(+), HLA-DR(partial +).	0.1	4.3		Standard Chemotherapy	240.43	Yes	78.0	Dead-Disease	2	Yes	Acute Myeloid Leukaemia (AML) and Related Precursor Neoplasms	Acute Myeloid Leukaemia (AML) and Related Precursor Neoplasms	White	No	False	No	No	False	19.9	1:DECEASED	No	No	No	No	1	Male	Standard Chemotherapy|Targeted Therapy - Other
aml_ohsu_2018	aml_ohsu_2018_1696	aml_ohsu_2018_14-00514	71		Leukemia	AML with Myelodysplasia-Related Changes	No		1.83	1	Azacitidine	1	Hypomethylating/Low Dose Cytarabine	1	Standard Chemotherapy	Azacitidine	Hypomethylating/Low Dose Cytarabine			Yes		Not Enough Information	Intermediate	Yes	Yes		Negative	Unknown	Post-Chemotherapy|Initial Acute Leukemia Diagnosis	23.7	7.7	Negative	Negative				0			766	92.2	107	Standard Chemotherapy	19	Negative		AMLMRC	3.2	19	42	0	50	1		17	1	13		11	WES + RNA-seq	Yes	Yes	Peripheral Blood	After or at the time transformation from another heme malignancy	Matched	AML with myelodysplasia-related changes	AML with myelodysplasia-related changes		0.966666667	7.1			45.6	Yes	71.0	Dead-Disease	2	Yes	Acute Myeloid Leukaemia (AML) and Related Precursor Neoplasms	Acute Myeloid Leukaemia (AML) and Related Precursor Neoplasms	White	Yes	False	No	No	False	1.74	1:DECEASED	Yes	No	No	No	1	Male	Standard Chemotherapy
aml_ohsu_2018	aml_ohsu_2018_1964	aml_ohsu_2018_15-00075	80	90	Leukemia	AML with Myelodysplasia-Related Changes	No			1	AG-221	1	Experimental	1	Targeted Therapy - Other	AG-221	Experimental	Tetrasomy 5p/q; Monosomy 7; Loss 20q12 (15.5%); Tetrasomy 8cen and 20q12 (7		Yes		Adverse	Adverse	Yes	Yes		Negative	None	Initial Acute Leukemia Diagnosis			C.G395A; p.R132H; MAF unknown				46,XY,del(20)(q11.2q13.1)[12]/45,sl,-7[3]/45,XY,-7[5]/46,XY[2]	1					-1	Targeted Therapy - Other	12	Negative		AMLMRC					48							65	WES + RNA-seq	Yes	Yes	Bone Marrow Aspirate	After or at the time transformation from another heme malignancy	Matched	AML with myelodysplasia-related changes	AML with myelodysplasia-related changes	positive for CD13, dim CD33, CD34, CD38, dim CD45, CD117, HLA-DR and TdT	0.466666667				6.6	Yes	80.0	Dead-Disease	5	No	Acute Myeloid Leukaemia (AML) and Related Precursor Neoplasms	Acute Myeloid Leukaemia (AML) and Related Precursor Neoplasms	White	No	False	No	Yes	False	1.12	1:DECEASED	No	No	Yes	No	1	Male	Targeted Therapy - Other
aml_ohsu_2018	aml_ohsu_2018_176	aml_ohsu_2018_11-00162	67	75	Mastocytosis	Mastocytosis	No		0.83	4	7+3 (Cytarabine, Idarubicin)|FLAG-IDA (Cytarabine, Filgrastim, Fludarabine, Idarubicin)|Azacitidine|Quizartinib	4	Consolidation | Induction | Experimental | Re-induction	2	Standard Chemotherapy | Targeted Therapy - Kinase Inhibitor(s)	Quizartinib	Experimental	Normal		No	7	Not Enough Information	Favorable	Yes	Yes	NOS	Negative	None	Residual Disease|Post-Chemotherapy	35	12			Complete Response		46,XY[20]	0			226	95.2	57	Targeted Therapy - Kinase Inhibitor(s)	4	Positive		MCD	3.7	107	47	0	63	0		8	0	23		74	WES	No	No	Bone Marrow Aspirate	After or at the time transformation from another heme malignancy	Unmatched	AML with mutated NPM1	Mastocytosis	CD13, CD33, partial CD34, CD38, CD117 and CD123	0.2	5.6		Standard Chemotherapy	11.9	Yes	66.0	Dead-Disease	1	Yes	Acute Myeloid Leukaemia (AML) and Related Precursor Neoplasms	Myeloproliferative Neoplasms	White	No	False	No	Yes	False	12.01	1:DECEASED	No	No	Yes	No	1	Male	Standard Chemotherapy|Targeted Therapy - Kinase Inhibitor(s)
aml_ohsu_2018	aml_ohsu_2018_1408	aml_ohsu_2018_14-00021	74		Leukemia	AML with Myelodysplasia-Related Changes	No			4	Hydroxyurea|Decitabine|Temozolomide, Vorinostat|Azacitidine, MLN4924	4	Salvage | Induction | Re-induction | Symptom Control	1	Standard Chemotherapy	Decitabine	Salvage			Yes	-1	Not Enough Information	Intermediate	Yes	Yes		Negative	None	Initial Acute Leukemia Diagnosis					Refractory		46,XY	-49					-1	Standard Chemotherapy	6	Negative		AMLMRC													WES + RNA-seq	Yes	Yes	Peripheral Blood	After or at the time transformation from another heme malignancy	Matched	AML with myelodysplasia-related changes	AML with myelodysplasia-related changes		0.3			Standard Chemotherapy		Yes	74.0	Dead-Disease	4	Yes	Acute Myeloid Leukaemia (AML) and Related Precursor Neoplasms	Acute Myeloid Leukaemia (AML) and Related Precursor Neoplasms	White	Yes	False	No	No	False	11.74	1:DECEASED	Yes	No	No	No	1	Male	Standard Chemotherapy
aml_ohsu_2018	aml_ohsu_2018_1495	aml_ohsu_2018_14-00757	75		Leukemia	Acute Myeloid Leukemia	No			5	7+3 (Cytarabine, Idarubicin)|CLAG (Cladribine, Cytarabine, Filgrastim)|MiDAC|ODSH (2 O, 3-O Desulfated Heparin) |SGN-CD33A	2	Consolidation | Induction	1	Standard Chemotherapy	CLAG (Cladribine, Cytarabine, Filgrastim)	Consolidation	Normal		No	21	Not Enough Information	Intermediate	No	No		Negative	None	Post-Chemotherapy|Residual Disease					Complete Response		46,XY[20]	-77					-1	Standard Chemotherapy		Negative		AML													RNA-seq	Yes	Yes	Peripheral Blood		Unmatched	Acute myelomonocytic leukaemia	Acute myelomonocytic leukaemia					Standard Chemotherapy	9.7	No	75.0	Dead-Disease	3	Yes	Acute Myeloid Leukaemia (AML) and Related Precursor Neoplasms	Acute Myeloid Leukaemia (AML) and Related Precursor Neoplasms	White	No	False	No	No	False	11.02	1:DECEASED	No	No	No	No	3	Male	Standard Chemotherapy
aml_ohsu_2018	aml_ohsu_2018_829	aml_ohsu_2018_12-00301	65		Leukemia	AML with inv(16)(p13.1q22) or t(16;16)(p13.1;q22);CBFB-MYH11	No	Negative	1.54	2	7+3 (Cytarabine, Idarubicin)|MiDAC	2	Consolidation | Induction	1	Standard Chemotherapy	MiDAC	Consolidation	CBFB rearrangement		Yes	7	Favorable	Favorable	Yes	No	M4	Negative	CBFB-MYH11	Initial Acute Leukemia Diagnosis	25.9	8.8	Negative		Complete Response	Negative	46,XY,inv(16)(p13q22)[20]	-4	Negative	Negative	454	95.9	108	Standard Chemotherapy		Negative	Negative	AMLCBFBMYH11	2.7	71	48	0	15	0		11	71	2		14	WES + RNA-seq	No	Yes	Peripheral Blood	Denovo	Matched	AML with inv(16)(p13.1q22) or t(16;16)(p13.1;q22); CBFB-MYH11	AML with inv(16)(p13.1q22) or t(16;16)(p13.1;q22); CBFB-MYH11			6.1		Standard Chemotherapy	20.7	No	65.0	Dead-Other	1	Yes	Acute Myeloid Leukaemia (AML) and Related Precursor Neoplasms	Acute Myeloid Leukaemia (AML) and Related Precursor Neoplasms	White	No	False	No	No	False	42.34	1:DECEASED	No	No	No	No	1	Male	Standard Chemotherapy
aml_ohsu_2018	aml_ohsu_2018_191	aml_ohsu_2018_11-00178	61	95	Leukemia	AML with Mutated NPM1	No		1.06	5	7+3 (Cytarabine, Idarubicin)|HiDAC|MEC (Cytarabine, Etoposide, Mitoxantrone)|Etoposide, Mitoxantrone|Quizartinib	5	Salvage | Consolidation | Induction | Experimental | Supportive/Palliative Care	3	Standard Chemotherapy | Supportive/Palliative Care | Targeted Therapy - Kinase Inhibitor(s)	Etoposide, Mitoxantrone	Supportive/Palliative Care	Normal		No	6	Intermediate-I	Intermediate	No	Yes	NOS	Positive	None	Residual Disease|Post-Chemotherapy	25.7	9.1			Complete Response		46,XX[20]	0			268	86.8	0	Supportive/Palliative Care	6	Positive		AMLNPM1	3.4	34	28	1	60	0		17	14	6		18	WES	No	No	Peripheral Blood		Unmatched	AML with mutated NPM1	AML with mutated NPM1	partial CD7, CD13, CD33, partial CD34, partial dim CD64, CD117, and CD123 positive	0.3	6.1		Standard Chemotherapy	21.5	Yes	60.0	Dead-Disease	1	Yes	Acute Myeloid Leukaemia (AML) and Related Precursor Neoplasms	Acute Myeloid Leukaemia (AML) and Related Precursor Neoplasms	White	No	False	No	No	False	12.96	1:DECEASED	No	No	No	No	3	Female	Standard Chemotherapy|Supportive/Palliative Care|Targeted Therapy - Kinase Inhibitor(s)
aml_ohsu_2018	aml_ohsu_2018_2067	aml_ohsu_2018_15-00300	76	20	Leukemia	AML with Myelodysplasia-Related Changes	No	Negative		0		0		0		NONE	NONE	Loss of chromosome 5q31 sequences (73.5%)                Loss of chromosome 7 sequences (monosomy 7) (61.5%)                Gain of 21q22 (AML1) sequences (11.5%)                Polysomy for 8, 20q (7.5%), 11q, 15q, 16q and 17q sequences	p.F543C; MAF 35.7%	Yes		Adverse	Adverse	Yes	Yes		Negative	None	Initial Acute Leukemia Diagnosis			Negative	Negative		Negative	41~42,XY,del(3)(p13p21),add(4)(q21),add(5)(q11.2),-7,-10,add(12)(p11.2),-15,add(15)(q21),add(17)(p11.2),-19,-20,-22,+2mar[cp6]/42~43,sl,+21[cp5]/42,sl,i(21)(q10)[cp2]/43~44,sl,+add(7)(p11)[cp2]/43~46,sl,+add(7)(p11),+21[cp4]/81~87<4n>,slx2[cp2]	0	Negative					NONE	35	Negative		AMLMRC												91	WES + RNA-seq	Yes	Yes	Bone Marrow Aspirate	Denovo	Matched	AML with myelodysplasia-related changes	AML with myelodysplasia-related changes		1.7		Negative		5.6	Yes	76.0		5	No	Acute Myeloid Leukaemia (AML) and Related Precursor Neoplasms	Acute Myeloid Leukaemia (AML) and Related Precursor Neoplasms	White	No	False	No	No	False			No	No	No	No	1	Male	
aml_ohsu_2018	aml_ohsu_2018_1224	aml_ohsu_2018_13-00450	79		Leukemia	AML with Mutated NPM1	No			2	7+3 (Cytarabine, Idarubicin)|Crenolanib	2	Induction | Experimental	2	Standard Chemotherapy | Targeted Therapy - Kinase Inhibitor(s)	Crenolanib	Experimental			Yes	4	Intermediate-I	Favorable	Yes	Yes		Positive	Unknown	Post-Chemotherapy|Relapse					Complete Response			0					14	Targeted Therapy - Kinase Inhibitor(s)	17	Positive		AMLNPM1													WES + RNA-seq	Yes	Yes	Peripheral Blood	Relapse	Matched	AML with mutated NPM1	AML with mutated NPM1		1			Standard Chemotherapy		Yes	79.0	Dead-Disease	2	Yes	Acute Myeloid Leukaemia (AML) and Related Precursor Neoplasms	Acute Myeloid Leukaemia (AML) and Related Precursor Neoplasms	White	No	False	No	No	False	4.08	1:DECEASED	No	No	No	No	1	Female	Standard Chemotherapy|Targeted Therapy - Kinase Inhibitor(s)
aml_ohsu_2018	aml_ohsu_2018_1604	aml_ohsu_2018_14-00597	58	0.4	Leukemia	AML with inv(16)(p13.1q22) or t(16;16)(p13.1;q22);CBFB-MYH11	No			3	7+3 (Cytarabine, Idarubicin)|HiDAC|ODSH (2 O, 3-O Desulfated Heparin)	2	Consolidation | Induction	1	Standard Chemotherapy	HiDAC	Consolidation	Normal		No	5	Favorable	Intermediate	No	Yes		Negative	CBFB-MYH11	Post-Chemotherapy					Complete Response		46,XY[20]	0					210	Standard Chemotherapy	5	Negative		AMLCBFBMYH11													WES + RNA-seq	Yes	Yes	Peripheral Blood		Matched	AML with inv(16)(p13.1q22) or t(16;16)(p13.1;q22); CBFB-MYH11	AML with inv(16)(p13.1q22) or t(16;16)(p13.1;q22); CBFB-MYH11		0.166666667			Standard Chemotherapy	29.18	Yes	58.0	Alive	3	Yes	Acute Myeloid Leukaemia (AML) and Related Precursor Neoplasms	Acute Myeloid Leukaemia (AML) and Related Precursor Neoplasms	White	No	False	No	No	False	25.03	0:LIVING	No	No	No	No	2	Male	Standard Chemotherapy
aml_ohsu_2018	aml_ohsu_2018_1086	aml_ohsu_2018_13-00202	53	73	Leukemia	AML with Mutated NPM1	No	Negative		0		0		0		NONE	NONE	Normal		No		Favorable	Favorable	No	Yes		Negative	None	Initial Acute Leukemia Diagnosis							46,XY[20]	-1						NONE	5	Positive		AMLNPM1					32								WES + RNA-seq	Yes	Yes	Bone Marrow Aspirate	Denovo	Unmatched	AML with mutated NPM1	AML with mutated NPM1	atypical monocytic cells expressing weaker than   normal CD13 and CD33, with increased promonocytes/monoblasts representing approximately 44% of the leukocytes,	0.266666667				22.79	Yes	53.0	Dead-Other	3	No	Acute Myeloid Leukaemia (AML) and Related Precursor Neoplasms	Acute Myeloid Leukaemia (AML) and Related Precursor Neoplasms	White	No	False	No	No	False	24.74	1:DECEASED	No	No	No	No	1	Male	
aml_ohsu_2018	aml_ohsu_2018_2464	aml_ohsu_2018_16-00006	77	41	Leukemia	AML with Myelodysplasia-Related Changes	No			2	Azacitidine, Sorafenib|Decitabine, Midostaurin	2	Induction | Re-induction	1	Standard Chemotherapy	Azacitidine, Sorafenib	Re-induction	CD15, AND PARTIAL CD56 -7/DEL(7q) TRISOMY #8MLL GENE REARRANGEMENTDEL(20q)		No	165	Intermediate-I	Intermediate or Adverse	No	Yes		Positive	None	Initial Acute Leukemia Diagnosis					Refractory		46,XY[20]	0	Negative				-1	Standard Chemotherapy	13	Negative		AMLMRC					18								WES	No	No	Bone Marrow Aspirate	After or at the time transformation from another heme malignancy	Matched	AML with myelodysplasia-related changes	AML with myelodysplasia-related changes	ABNORMAL CD34+ BLAST POPULATION EXPRESSING ABERRANT CD7,CD4, AND CD2, AND CD38, CD10, CD22, CD11C, HLA-DR, CD117,CD13, CD33,CD15, AND PARTIAL CD56	0.733333333			Standard Chemotherapy	2.2	Yes	77.0	Alive	4	Yes	Acute Myeloid Leukaemia (AML) and Related Precursor Neoplasms	Acute Myeloid Leukaemia (AML) and Related Precursor Neoplasms	White	No	False	Yes	No	False	7.14	0:LIVING	No	Yes	No	No	2	Male	Standard Chemotherapy
aml_ohsu_2018	aml_ohsu_2018_174	aml_ohsu_2018_10-00136	69	80	Leukemia	Acute Myeloid Leukemia	No	Negative	1.68	4	7+3 (Cytarabine, Idarubicin)|MiDAC|Hydroxyurea|AC220 (Ambit)	4	Consolidation | Induction | Experimental | Re-induction	2	Standard Chemotherapy | Targeted Therapy - Kinase Inhibitor(s)	Hydroxyurea	Re-induction	Signal copy for CEP 8 and ETO		No	4	Intermediate-II	Adverse	Yes	Yes	M4	Positive	None	Initial Acute Leukemia Diagnosis		7.7			Complete Response		47,XY,+8[cp9]/46,XY[11]	0			4559		3	Standard Chemotherapy	3	Negative		AML	3.2	56	56	0	19	0		5	3	11		66	WES	No	No	Leukapheresis	Denovo	Unmatched	Acute myelomonocytic leukaemia	Acute myelomonocytic leukaemia	dim CD4, partial CD7, CD13, CD33, CD34, dim CD45, dim CD56, variable CD64, CD117, CD123, HLA-DR and MPO positive	0.133333333	5.4		Standard Chemotherapy	282.1	Yes	69.0	Dead-Disease	1	Yes	Acute Myeloid Leukaemia (AML) and Related Precursor Neoplasms	Acute Myeloid Leukaemia (AML) and Related Precursor Neoplasms	White	No	False	No	No	False	13.78	1:DECEASED	No	No	No	No	3	Male	Standard Chemotherapy|Targeted Therapy - Kinase Inhibitor(s)
aml_ohsu_2018	aml_ohsu_2018_1094	aml_ohsu_2018_13-00218	41	80	Leukemia	AML with t(8;21)(q22;q22.1);RUNX1-RUNX1T1	No	Negative	0.35	4	7+3 (Cytarabine, Idarubicin)|HiDAC|MEC (Cytarabine, Etoposide, Mitoxantrone)|Busulfan, Cyclophosphamide	4	Consolidation | Induction | Re-induction | Allogeneic - Matched Unrelated Donor	2	Standard Chemotherapy | Bone Marrow Transplant	Busulfan, Cyclophosphamide	Allogeneic - Matched Unrelated Donor	RUNX1T1 / RUNX1 t(8;21): 87% of cells had a dual fusion signal pattern consistent with RUNX1T1/RUNX1 fusion and t(8;21), as seen on metaphase analysis.	Negative	No	6	Favorable	Favorable	No	Yes	NOS	Negative	RUNX1-RUNX1T1	Initial Acute Leukemia Diagnosis	23.6	8.2	Negative		Complete Response	Negative	46,XX,t(8;21)(q22;q22)[12]/45,idem,-X[6]/46,XX[2]	0	Negative	Negative	389	94.4	-1	Bone Marrow Transplant	16	Negative	Negative	AMLRUNX1RUNX1T1	2.6	48	30	0	52	0		44	3	1		9	WES	No	No	Bone Marrow Aspirate	Denovo	Matched	AML with t(8;21)(q22;q22); RUNX1-RUNX1T1	AML with t(8;21)(q22;q22); RUNX1-RUNX1T1	CD13, dim CD33, CD34, CD38,     CD58, dim/partial CD64, CD117, dim CD123, HLA-DR, and MPO	0.966666667	6.8	Negative	Standard Chemotherapy	5.8	Yes	41.0	Alive	1	Yes	Acute Myeloid Leukaemia (AML) and Related Precursor Neoplasms	Acute Myeloid Leukaemia (AML) and Related Precursor Neoplasms	White	No	False	No	No	False	45.95	0:LIVING	No	No	No	No	1	Female	Standard Chemotherapy|Bone Marrow Transplant
aml_ohsu_2018	aml_ohsu_2018_203	aml_ohsu_2018_11-00170	71	80	Leukemia	AML with Minimal Differentiation	No		1.04	4	7+3 (Cytarabine, Idarubicin)|HiDAC|Quizartinib|Idarubicin and Cytarabine	3	Consolidation | Induction | Experimental	2	Standard Chemotherapy | Targeted Therapy - Kinase Inhibitor(s)	Quizartinib	Experimental	Normal		No	7	Intermediate-I	Intermediate	Yes	Yes		Positive	None	Post-Chemotherapy|Residual Disease	22	7.4			Complete Response		46,XY[20]	0				89.7	155	Targeted Therapy - Kinase Inhibitor(s)	9	Positive		AMLMD	2.2	36	29	0	80	0		3	2	1		10	WES	No	No	Peripheral Blood		Unmatched	AML with minimal differentiation	AML with minimal differentiation	CD34, CD38, CD58, CD117, dimCD123,  HLA-DR, TDT	0.333333333	4.6		Standard Chemotherapy	23.1	Yes	70.0	Dead-Disease	1	Yes	Acute Myeloid Leukaemia (AML) and Related Precursor Neoplasms	Acute Myeloid Leukaemia (AML) and Related Precursor Neoplasms	White	No	False	No	No	False	13.16	1:DECEASED	No	No	No	No	2	Male	Standard Chemotherapy|Targeted Therapy - Kinase Inhibitor(s)
aml_ohsu_2018	aml_ohsu_2018_1614	aml_ohsu_2018_14-00376	48	17	Myelodysplastic Syndromes	MDS with Excess Blasts	No	Negative	0.82	2	Decitabine|Busulfan, Cyclophosphamide	2	Induction | Allogeneic - Matched Unrelated Donor	2	Standard Chemotherapy | Bone Marrow Transplant	Busulfan, Cyclophosphamide	Allogeneic - Matched Unrelated Donor	Trisomy 8	p.R882C; MAF 45%	Yes	116		Intermediate	Yes	Yes		Negative	None	Unknown	32.5	10.2	p.R132C; MAF 44%	Negative	Complete Response	Negative	47,XY,+8[18]/46,XY[2]	0	Negative	Negative	155	83.5	-1	Bone Marrow Transplant	20	Negative		MDSEB	3.5	36	20	0	5.3	0		67.3	22.1	5.3	0	105	WES + RNA-seq	Yes	Yes	Bone Marrow Aspirate		Matched	Refractory anaemia with excess blasts	Refractory anaemia with excess blasts	CD13, CD33, CD34, CD38, CD58, CD117, CD123, MPO+	1.133333333	7.9	Negative	Standard Chemotherapy	0.94	Yes	48.0	Alive	1	Yes	Myelodysplastic Syndromes	Myelodysplastic Syndromes	White	No	True	No	No	False	23.49	0:LIVING	Yes	No	No	No	1	Male	Standard Chemotherapy|Bone Marrow Transplant
aml_ohsu_2018	aml_ohsu_2018_1197	aml_ohsu_2018_13-00425	40	84	Leukemia	AML with Recurrent Genetic Abnormalities	No		0.65	3	7+3 (Cytarabine, Idarubicin)|HiDAC|Busulfan, Cyclophosphamide	3	Allogeneic - Sibling | Consolidation | Induction	2	Standard Chemotherapy | Bone Marrow Transplant	HiDAC	Consolidation	nuc ish(RUNX1T1,RUNX1)x2[200],(ABL1,BCR)x2[200],(5'MLL,3'MLL)x2(5'MLL sep 3'MLLx1) [179/200],(PML,RARA)x2[200],(5'CBFB,3'CBFB)x2(5'CBFB con 3'CBFBx2)[200]		Yes	-1	Intermediate-II	Intermediate	Yes	Yes		Negative	MLLT3-KMT2A	Initial Acute Leukemia Diagnosis	35	12			Complete Response		46,XX,t(9;11)(p22;q23)[20]	-1			613		5	Standard Chemotherapy	1	Negative		AMLRGA	3.7	21	23		29			63	3	5		34	WES + RNA-seq	Yes	Yes	Peripheral Blood	Denovo	Unmatched	AML with t(9;11)(p22;q23); MLLT3-MLL	AML with t(9;11)(p22;q23); MLLT3-MLL	brightCD4, partialCD11b, brightCD15, brightCD33, partialCD36, partialCD38, CD45, brightCD64, partialCD117, HLA-DR	0.066666667	6.5		Standard Chemotherapy	9.1	Yes	40.0	Alive	2	Yes	Acute Myeloid Leukaemia (AML) and Related Precursor Neoplasms	Acute Myeloid Leukaemia (AML) and Related Precursor Neoplasms	White	No	False	No	No	False	15.99	0:LIVING	No	No	No	No	1	Female	Standard Chemotherapy|Bone Marrow Transplant
aml_ohsu_2018	aml_ohsu_2018_2416	aml_ohsu_2018_15-00967	72	70	Leukemia	AML with Mutated NPM1	No	p.E163*; MAF 40%	0.55	3	7+3 (Cytarabine, Idarubicin)|Sorafenib|Ponatinib	2	Induction | Experimental	2	Standard Chemotherapy | Targeted Therapy - Kinase Inhibitor(s)	Ponatinib	Experimental	Normal		Yes	10	Not Enough Information	Intermediate	Yes	Yes		Positive	None	Post-Chemotherapy|Residual Disease	22.7	7.5			Refractory		46,XX[5]	-15			339	89.7	15	Targeted Therapy - Kinase Inhibitor(s)	16	Positive		AMLNPM1	3.2	13	40	0	3.56	0	1.8	34.8	3.6	0.9	23.2	32	WES + RNA-seq	Yes	Yes	Peripheral Blood		Matched	AML with mutated NPM1	AML with mutated NPM1	CD13+, CD33+, CD38+, variable partial CD56+, partial CD64+, CD117+, dimCD123+, and MPO+	0.866666667	6.4		Standard Chemotherapy	6.04	Yes	72.0	Dead-Disease	1	Yes	Acute Myeloid Leukaemia (AML) and Related Precursor Neoplasms	Acute Myeloid Leukaemia (AML) and Related Precursor Neoplasms	White	No	False	No	No	False	3.88	1:DECEASED	No	No	No	No	2	Female	Standard Chemotherapy|Targeted Therapy - Kinase Inhibitor(s)
aml_ohsu_2018	aml_ohsu_2018_1181	aml_ohsu_2018_13-00384	71	34	Leukemia	AML, NOS	No	Negative		3	Cytarabine|Azacitidine|Stanford Protocol 9153 (TLI, ATG)	3	Hypomethylating/Low Dose Cytarabine | Supportive/Palliative Care | Allogeneic - Matched Unrelated Donor	3	Standard Chemotherapy | Bone Marrow Transplant | Supportive/Palliative Care	Cytarabine	Supportive/Palliative Care		Negative	No		Not Enough Information	Intermediate	No	Yes		Negative	None	Initial Acute Leukemia Diagnosis			Negative	Negative			46,XX,t(8;19)(q24;q13),del(11)?(q14q23)[19]/46,XX[1]	0	Negative	Negative			9	Standard Chemotherapy	1	Negative	Negative	AMLNOS					8				15				WES + RNA-seq	Yes	Yes	Peripheral Blood	Denovo	Unmatched	Acute myeloid leukaemia, NOS	Acute myeloid leukaemia, NOS	CD34, CD117, CD38, DIM CD13, CD33, HLA-DR, AND PARTIAL CD7	0.033333333		Negative		4.2	Yes	71.0	Dead-Disease	4	Yes	Acute Myeloid Leukaemia (AML) and Related Precursor Neoplasms	Acute Myeloid Leukaemia (AML) and Related Precursor Neoplasms	White	No	False	No	No	False	23.65	1:DECEASED	No	No	No	No	2	Female	Standard Chemotherapy|Bone Marrow Transplant|Supportive/Palliative Care
aml_ohsu_2018	aml_ohsu_2018_1870	aml_ohsu_2018_14-00901	61		Leukemia	AML, NOS	No	Negative	0.73	3	5+2 (Cytarabine, Idarubicin)|7+3 (Cytarabine, Idarubicin)|MiDAC	3	Consolidation | Induction | Re-induction	1	Standard Chemotherapy	MiDAC	Consolidation	Normal		Yes	6	Intermediate-II	Intermediate	Yes	Yes		Negative	None	Initial Acute Leukemia Diagnosis	21.3	6.9	Negative	Negative	Refractory	Negative	46,XY,t(1;4)(q21;p14)[20]	-2	Negative	Negative	178	103.4	44	Standard Chemotherapy	7	Negative	Negative	AMLNOS	2.4	14	18	0		0	0	45.5	0.8	0	0.3	57	WES + RNA-seq	Yes	Yes	Bone Marrow Aspirate	Denovo	Matched	Acute myeloid leukaemia, NOS	Acute myeloid leukaemia, NOS		0.366666667	7		Standard Chemotherapy	13.68	Yes	61.0	Dead-Unknown	1	Yes	Acute Myeloid Leukaemia (AML) and Related Precursor Neoplasms	Acute Myeloid Leukaemia (AML) and Related Precursor Neoplasms	White	No	False	No	No	False	3.42	1:DECEASED	No	No	No	No	1	Male	Standard Chemotherapy
aml_ohsu_2018	aml_ohsu_2018_2116	aml_ohsu_2018_15-00377	10	80	Leukemia	AML with Biallelic Mutations of CEBPA	No	p.G96fs*12; MAF ~50%	0.51	3	COG-AAML1031 (IT/IV Cytarabine, Daunorubicin, Etoposide, Mitoxantrone +/- Bortezomib or Sorafenib)|ADE (Cytarabine, Daunorubicin & Etoposide)|FLAG (Fludarabine, High-dose Cytarabine, G-CSF)	2	Induction | Re-induction	1	Standard Chemotherapy	FLAG (Fludarabine, High-dose Cytarabine, G-CSF)	Re-induction	Normal	Negative	Yes	33	Favorable	Intermediate	Yes	Yes		Negative	None	Initial Acute Leukemia Diagnosis	30.3	9.1	Negative	Negative	Complete Response	Negative	46,XX[20]	0	Negative	Negative	688	83.7	-1	Standard Chemotherapy	3	Negative	p.G12D; MAF 5%	AMLCEBPA	3.7	24	22	0	75	1.7	6.1	17.4	7.8	11.3	0.7	74	WES + RNA-seq	Yes	Yes	Bone Marrow Aspirate	Denovo	Unmatched	AML with mutated CEBPA	AML with mutated CEBPA	variable CD7, variable CD13, CD33, partial CD34, bright CD38, partial CD56, CD58, variable CD71, CD117, CD123, HLA-DR, and MPO positive	0.133333333	7.3	Negative	Standard Chemotherapy	39.69	Yes	10.0	Alive	1	Yes	Acute Myeloid Leukaemia (AML) and Related Precursor Neoplasms	Acute Myeloid Leukaemia (AML) and Related Precursor Neoplasms	White	No	False	No	No	False	18.72	0:LIVING	No	No	No	No	2	Female	Standard Chemotherapy
aml_ohsu_2018	aml_ohsu_2018_1088	aml_ohsu_2018_13-00204	65	72	Leukemia	APL with PML-RARA	No	Negative	0.6	2	ATRA (Tretinoin)|3+7 (Cytarabine, Daunorubicin)	1	Induction	1	Standard Chemotherapy	3+7 (Cytarabine, Daunorubicin)	Induction	Unusual t(15;17), with the fusion signal on the derivative chromosome 15	Negative	Yes	5	Adverse	Favorable	Yes	Yes	M3	Positive	PML-RARA	Initial Acute Leukemia Diagnosis	20.7	6.8	Negative	Negative	Unknown	Negative	46,X,der(X)add(X)(p22.1)add(X)(q22~24),add(7)(p15),der(15)t(15;17)(q22;q21),der(17)t(15;17)(q22;q21)inv(17)(q21q21)del(17)(q21)[17]/46,XX[3]	0	Negative	Negative	398	90.2	3	Standard Chemotherapy	16	Negative	Negative	APLPMLRARA	2.9	24	33	0	57	0		36	1	8		10	WES + RNA-seq	Yes	Yes	Bone Marrow Aspirate	Denovo	Matched	Acute promyelocytic leukaemia with t(15;17)(q22;q12); PML-RARA	Acute promyelocytic leukaemia with t(15;17)(q22;q12); PML-RARA	partial CD2, CD13, CD33, partial CD34, CD117, CD123, MPO-positive	0.9	5.6	Negative	Standard Chemotherapy	9.8	Yes	65.0	Dead-Other	1	Yes	Acute Myeloid Leukaemia (AML) and Related Precursor Neoplasms	Acute Myeloid Leukaemia (AML) and Related Precursor Neoplasms	White	No	False	No	No	False	0.23	1:DECEASED	No	No	No	No	1	Female	Standard Chemotherapy
aml_ohsu_2018	aml_ohsu_2018_1648	aml_ohsu_2018_14-00434	69	94	Leukemia	AML with Recurrent Genetic Abnormalities	No	Negative		1	Hydroxyurea	1	Induction	1	Standard Chemotherapy	Hydroxyurea	Induction			Yes	365	Intermediate-II	Intermediate	Yes	Yes	M5a	Negative	MLLT3-KMT2A	Initial Acute Leukemia Diagnosis			Negative	Negative	Unknown		46,XX[1]	0	Negative	Negative			365	Standard Chemotherapy	12	Negative	Negative	AMLRGA					83				0				WES + RNA-seq	Yes	Yes	Bone Marrow Aspirate	Denovo	Matched	AML with t(9;11)(p22;q23); MLLT3-MLL	AML with t(9;11)(p22;q23); MLLT3-MLL	CD38, CD56, slightly dim CD4, CD33, dim CD13, CD64, CD11c, CD15 and partial CD117	0.566666667		Negative	Standard Chemotherapy	137.6	Yes	69.0	Alive	4	Yes	Acute Myeloid Leukaemia (AML) and Related Precursor Neoplasms	Acute Myeloid Leukaemia (AML) and Related Precursor Neoplasms	White	No	False	No	No	False		0:LIVING	No	No	No	No	1	Female	Standard Chemotherapy
aml_ohsu_2018	aml_ohsu_2018_2418	aml_ohsu_2018_15-00895	54	4	Leukemia	AML with Mutated NPM1	No	Negative	0.92	1	3+7 (Cytarabine, Daunorubicin)	1	Induction	1	Standard Chemotherapy	3+7 (Cytarabine, Daunorubicin)	Induction	1% RUNX1T1	Negative	No	5	Intermediate-II	Favorable	No	Yes		Negative	None	Initial Acute Leukemia Diagnosis	39.5	13.2	Negative	Negative	Complete Response	Negative	47,XY,+8[3]/46,XY[17]	0	Negative	Negative	491	87.8	5	Standard Chemotherapy	3	Positive	Negative	AMLNPM1	3.6	124	106	0.4		1.2	0.5	18.4	9.4	70.1	0	358	WES	No	No	Bone Marrow Aspirate	Denovo	Matched	AML with mutated NPM1	AML with mutated NPM1		0.1	7.9	Negative	Standard Chemotherapy	8.43	Yes	54.0	Alive	1	Yes	Acute Myeloid Leukaemia (AML) and Related Precursor Neoplasms	Acute Myeloid Leukaemia (AML) and Related Precursor Neoplasms	White	No	False	No	No	False	1.58	0:LIVING	No	No	No	No	1	Male	Standard Chemotherapy
aml_ohsu_2018	aml_ohsu_2018_1281	aml_ohsu_2018_13-00532	22	88	Leukemia	AML, NOS	No		0.51	13	HiDAC|Crenolanib|Etoposide|Topotecan|Decitabine|Clofarabine|Thioguanine|7+3 (Cytarabine, Idarubicin)|Cyclophosphamide|Thiotepa|Sorafenib|Mitoxantrone|Vinorelbine	4	Induction | Experimental | Re-induction | Supportive/Palliative Care	2	Standard Chemotherapy | Targeted Therapy - Kinase Inhibitor(s)	Crenolanib	Experimental			No	5	Not Enough Information	Intermediate	No	Yes		Negative	Unknown	Residual Disease|Post-Chemotherapy	25.8	9.1			Refractory			0			208		15	Targeted Therapy - Kinase Inhibitor(s)	13	Negative		AMLNOS	3.3	22	20	0	92	0		8	0	0			WES + RNA-seq	Yes	Yes	Peripheral Blood		Matched	Acute myeloid leukaemia, NOS	Acute myeloid leukaemia, NOS		0.633333333	6.4		Standard Chemotherapy	3.2	Yes	21.0	Dead-Disease	2	Yes	Acute Myeloid Leukaemia (AML) and Related Precursor Neoplasms	Acute Myeloid Leukaemia (AML) and Related Precursor Neoplasms	HispNative	No	False	No	No	False	17.66	1:DECEASED	No	No	No	No	1	Male	Standard Chemotherapy|Targeted Therapy - Kinase Inhibitor(s)
aml_ohsu_2018	aml_ohsu_2018_2439	aml_ohsu_2018_15-00947	66		Leukemia	AML with Myelodysplasia-Related Changes	No	Negative	1.09	1	Decitabine	1	Induction	1	Standard Chemotherapy	Decitabine	Induction	20% CEP 8, 24% RUNX1T1/RUNX1, 23% PML/RARA	Negative	No	-1	Adverse	Adverse	No	Yes	M0	Negative	None	Initial Acute Leukemia Diagnosis	27.1	8.4	Negative	Negative	Unknown		46,XY,t(4;9)(q21;p22)[7]/46,sl,add(1)(p13),add(15)(q15)[6]/45,sdl1,-18[4]/49,sdl2,+add(1)(p13),+6,+8,+18[2]/46,XY[1]	0	Negative	Negative		98.9	-1	Standard Chemotherapy	13	Negative	Negative	AMLMRC	3.8	17	20	0	23	3.5	4.3	39.1	4.4	34.8	4.5	21	WES	No	No	Bone Marrow Aspirate	After or at the time transformation from another heme malignancy	Matched	AML with myelodysplasia-related changes	AML with myelodysplasia-related changes	CD13, CD33, CD34, CD38, CD58, CD117, and HLA-DR positive	0.633333333	7	Negative	Standard Chemotherapy	4.42	Yes	66.0	Alive	1	Yes	Acute Myeloid Leukaemia (AML) and Related Precursor Neoplasms	Acute Myeloid Leukaemia (AML) and Related Precursor Neoplasms	White	No	False	No	Yes	False	4.38	0:LIVING	No	No	Yes	No	1	Male	Standard Chemotherapy
aml_ohsu_2018	aml_ohsu_2018_1586	aml_ohsu_2018_14-00331	61	81	Leukemia	AML with Mutated NPM1	No		0.85	2	7+3 (Cytarabine, Idarubicin)|HiDAC	2	Consolidation | Induction	1	Standard Chemotherapy	HiDAC	Consolidation	nuc ish(D4Z1,D10Z1)x2[200],(ABL1,BCR)x2[200],(5'MLL,3'MLL)x2(5'MLL con 3'MLLx2)[200],(ETV6,RUNX1)x2[200]		No	5	Not Enough Information	Favorable	No	Yes		Negative	None	Initial Acute Leukemia Diagnosis	28.8	10.1			Complete Response		46,XY[20]	0			1205		5	Standard Chemotherapy	15	Positive		AMLNPM1	3.1	85	52	1	68			5	2	2		20	WES + RNA-seq	Yes	Yes	Peripheral Blood	Denovo	Matched	AML with mutated NPM1	AML with mutated NPM1	CD2(-),CD4(partial dim +), CD7(-), CD11b(few +), CD13(+), CD14(-), CD15(partialCD22(-), CD25(appears partial dim +), CD33(bright +), CD34(few +), CD36(-), CD38(variable +), CD45(moderately +), CD56(-), CD64(partial +), CD79a(-), CD117(+), CD123(partial +)	0.766666667	6.2		Standard Chemotherapy	152.75	Yes	61.0		2	Yes	Acute Myeloid Leukaemia (AML) and Related Precursor Neoplasms	Acute Myeloid Leukaemia (AML) and Related Precursor Neoplasms	HispNative	No	False	No	No	False			No	No	No	No	1	Male	Standard Chemotherapy
aml_ohsu_2018	aml_ohsu_2018_2236	aml_ohsu_2018_15-00616	68		Leukemia	AML with Myelodysplasia-Related Changes	No	Negative	0.67	3	Fludarabine, Melphalan|3+7 (Cytarabine, Daunorubicin)|MiDAC	3	Consolidation | Induction | Allogeneic - Mismatched Unrelated Donor	2	Standard Chemotherapy | Bone Marrow Transplant	Fludarabine, Melphalan	Allogeneic - Mismatched Unrelated Donor		Negative	Yes	6	Adverse	Adverse	Yes	Yes		Negative	None	Initial Acute Leukemia Diagnosis	21.9	7.5	Negative	Negative	Complete Response	Negative	43-45,XX,del(5)(q16q33),der(7)t(7;12)(q11.1;q12)ins(7;?)(q11.1;?),-12,der(21;22)(q10;q10),+mar[cp20]/46,XX[1]	-14	Negative		821	88.7	-1	Bone Marrow Transplant	1	Negative		AMLMRC	2.8	18	16	2.6	49	5.1	6.8	36.8	0.9	14.5	0.2	8	WES + RNA-seq	Yes	Yes	Peripheral Blood	Denovo	Unmatched	AML with myelodysplasia-related changes	AML with myelodysplasia-related changes	CD13, CD33, CD34, CD71, CD117, dimCD123, HLA-DR, and dim CD 64 positive	0.033333333	7.2	p.I254N; MAF 40%	Standard Chemotherapy	11.01	Yes	68.0	Dead-Disease	1	Yes	Acute Myeloid Leukaemia (AML) and Related Precursor Neoplasms	Acute Myeloid Leukaemia (AML) and Related Precursor Neoplasms	White	No	False	No	No	False	10.33	1:DECEASED	No	No	No	No	1	Female	Standard Chemotherapy|Bone Marrow Transplant
aml_ohsu_2018	aml_ohsu_2018_1397	aml_ohsu_2018_13-00659	55	54	Leukemia	Acute Myeloid Leukemia	No	Negative	1.14	4	5+2 (Cytarabine, Idarubicin)|7+3 (Cytarabine, Idarubicin)|HiDAC|Busulfan, Cyclophosphamide	4	Allogeneic - Sibling | Consolidation | Induction | Re-induction	2	Standard Chemotherapy | Bone Marrow Transplant	Busulfan, Cyclophosphamide	Allogeneic - Sibling	Trisomy 8	Negative	No	5	Intermediate-II	Intermediate	No	Yes	M4	Negative	None	Initial Acute Leukemia Diagnosis	19.3	6.6	Negative	Negative	Refractory	Negative	47,XY,+8[16]/46,XY[4]	0	Negative	Negative		93.7	-1	Bone Marrow Transplant	9	Negative	p.G12R, MAF 50%	AML	2.7	463	477	0	54	0		14	59.6	5.3	0	47	WES + RNA-seq	Yes	Yes	Bone Marrow Aspirate	Denovo	Matched	Acute myelomonocytic leukaemia	Acute myelomonocytic leukaemia	partial CD13, CD15,  CD33, CD56, CD38, CD58, CD64, dimCD123, HLA-DR and MPO positive	0.466666667	5.7	Negative	Standard Chemotherapy	16.66	Yes	55.0	Dead-Unknown	1	Yes	Acute Myeloid Leukaemia (AML) and Related Precursor Neoplasms	Acute Myeloid Leukaemia (AML) and Related Precursor Neoplasms	White	No	False	No	No	False	12.7	1:DECEASED	No	No	No	No	1	Male	Standard Chemotherapy|Bone Marrow Transplant
aml_ohsu_2018	aml_ohsu_2018_1845	aml_ohsu_2018_14-00777	69	60	Leukemia	AML with Biallelic Mutations of CEBPA	Yes	p.P23fs*81; MAF 41%	0.87	2	7+3 (Cytarabine, Idarubicin)|MiDAC	2	Consolidation | Induction	1	Standard Chemotherapy	MiDAC	Consolidation	FISH normal	Negative	No	5	Favorable	Favorable	No	Yes	M4	Negative	None	Initial Acute Leukemia Diagnosis	30.5	9.9	Negative	Negative	Complete Response	Negative	46,XY[20]	0	Negative	Negative		99	5	Standard Chemotherapy	13	Negative	Negative	AMLCEBPA	2.3	19	22	0		2.6	2.6	33.6	14.7	18.1	0.7	118	WES	No	No	Bone Marrow Aspirate	Denovo	Matched	AML with mutated CEBPA	AML with mutated CEBPA	CD7, CD13, CD33, CD34, CD38,  CD64, CD117, HLA-DR and MPO positive	0.533333333	7.3	Negative	Standard Chemotherapy	7.62	Yes	69.0	Alive	1	Yes	Acute Myeloid Leukaemia (AML) and Related Precursor Neoplasms	Acute Myeloid Leukaemia (AML) and Related Precursor Neoplasms	Asian	No	False	No	No	False	2.96	0:LIVING	No	No	No	No	1	Male	Standard Chemotherapy
aml_ohsu_2018	aml_ohsu_2018_2280	aml_ohsu_2018_15-00701	50		Leukemia	AML with Minimal Differentiation	No			6	5+2 (Cytarabine, Idarubicin)|7+3 (Cytarabine, Idarubicin)|HAM (Cytarabine, Mitoxantrone)|Azacitidine|MEC (Cytarabine, Etoposide, Mitoxantrone)|Hydroxyurea	5	Hypomethylating/Low Dose Cytarabine | Consolidation | Salvage | Induction | Re-induction	2	Standard Chemotherapy | Other	Hydroxyurea	Hypomethylating/Low Dose Cytarabine			Yes	6	Intermediate-II	Intermediate	Yes	Yes	M0	Negative	None	Residual Disease	19.8	6.4			Refractory		48,XX,+11,+13[19]	-111				93.4	365	Other	5	Negative		AMLMD				0		0	2.6	8.8	17.6	2.6	0	31	WES + RNA-seq	Yes	Yes	Peripheral Blood		Unmatched	AML with minimal differentiation	AML with minimal differentiation		0.266666667			Standard Chemotherapy	206.64	Yes	50.0	Dead-Unknown	1	Yes	Acute Myeloid Leukaemia (AML) and Related Precursor Neoplasms	Acute Myeloid Leukaemia (AML) and Related Precursor Neoplasms	White	No	False	No	No	False	9.93	1:DECEASED	No	No	No	No	1	Female	Standard Chemotherapy|Other
aml_ohsu_2018	aml_ohsu_2018_1545	aml_ohsu_2018_14-00253	72	78	Leukemia	AML with Myelodysplasia-Related Changes	No	Negative		2	5+2 (Cytarabine, Idarubicin)|7+3 (Cytarabine, Idarubicin)	2	Induction | Re-induction	1	Standard Chemotherapy	5+2 (Cytarabine, Idarubicin)	Re-induction		Negative	No	-1	Not Enough Information	Adverse	No	Yes		Negative	None	Initial Acute Leukemia Diagnosis			Positive	Negative	Refractory		50,XY,+8,+9,+13,+22[17]/46,XY[3]	0	Negative	Negative			-1	Standard Chemotherapy	13	Negative	Negative	AMLMRC					15				1				WES	No	No	Peripheral Blood	Denovo	Matched	AML with myelodysplasia-related changes	AML with myelodysplasia-related changes	CD34, CD38, PARTIAL CD56, CD13, PARTIAL CD64, HLA-DR, CD117, PARTIAL MPO, PARTIAL CD79A, AND DIM PARTIAL TDT	0.733333333		Negative	Standard Chemotherapy	1.2	Yes	72.0	Dead-Disease	4	Yes	Acute Myeloid Leukaemia (AML) and Related Precursor Neoplasms	Acute Myeloid Leukaemia (AML) and Related Precursor Neoplasms	White	No	False	No	No	False	9.31	1:DECEASED	No	No	No	No	1	Male	Standard Chemotherapy
aml_ohsu_2018	aml_ohsu_2018_2127	aml_ohsu_2018_15-00383	63	9	Leukemia	AML with Mutated NPM1	No		0.6	2	Ruxolitinib|Hydroxyurea	1	Supportive/Palliative Care	1	Supportive/Palliative Care	Hydroxyurea	Supportive/Palliative Care	nuc ish(RUNX1T1,RUNX1)x2[200],(5'MLL,3'MLL)x2(5'MLL con 3'MLLx2)[200],(PML,RARA)x2[199], (5'CBFB,3'CBFB)x2(5'CBFB con 3'CBFBx2)[200]		Yes		Intermediate-I	Intermediate	Yes	Yes		Positive	None	Initial Acute Leukemia Diagnosis	22.7	7	Negative	Negative			46,XY[20]	0		Foundation; A59T mutation; MAF 47%	1086		103	Supportive/Palliative Care	9	Positive		AMLNPM1				1	15.4	2.9		20.2	16.3	42.3		126	WES + RNA-seq	Yes	Yes	Bone Marrow Aspirate	After or at the time transformation from another heme malignancy	Matched	AML with mutated NPM1	AML with mutated NPM1	CD34(+), CD7(partial +), CD13(+), CD33(+), CD38(partial +), CD45(moderately +), CD56 (+), CD117(+), HLA-DR(variably +), other myeloid and lymphoid antigens(-).	0.4				73.4	Yes	63.0	Dead-Disease	2	No	Acute Myeloid Leukaemia (AML) and Related Precursor Neoplasms	Acute Myeloid Leukaemia (AML) and Related Precursor Neoplasms	Black	No	False	No	Yes	False	0.26	1:DECEASED	No	No	Yes	No	1	Male	Supportive/Palliative Care
aml_ohsu_2018	aml_ohsu_2018_191	aml_ohsu_2018_10-00791	61	83	Leukemia	AML with Mutated NPM1	No		1.06	5	7+3 (Cytarabine, Idarubicin)|HiDAC|MEC (Cytarabine, Etoposide, Mitoxantrone)|Etoposide, Mitoxantrone|Quizartinib	5	Salvage | Consolidation | Induction | Experimental | Supportive/Palliative Care	3	Standard Chemotherapy | Supportive/Palliative Care | Targeted Therapy - Kinase Inhibitor(s)	Etoposide, Mitoxantrone	Supportive/Palliative Care	Normal		No	6	Intermediate-I	Intermediate	Yes	Yes	NOS	Positive	None	Relapse	30.9	10.4			Complete Response		46,XX[20]	0			451	100.4	0	Supportive/Palliative Care	6	Positive		AMLNPM1	3.7	42	45	0	41	0		3	1	28		57	WES	No	No	Bone Marrow Aspirate	Relapse	Unmatched	AML with mutated NPM1	AML with mutated NPM1	partial CD7, CD13, CD33, partial CD34, partial dim CD64, CD117, and CD123 positive	0.266666667	6.3		Standard Chemotherapy	48.2	Yes	60.0	Dead-Disease	1	Yes	Acute Myeloid Leukaemia (AML) and Related Precursor Neoplasms	Acute Myeloid Leukaemia (AML) and Related Precursor Neoplasms	White	No	False	No	No	False	12.96	1:DECEASED	No	No	No	No	3	Female	Standard Chemotherapy|Supportive/Palliative Care|Targeted Therapy - Kinase Inhibitor(s)
aml_ohsu_2018	aml_ohsu_2018_1131	aml_ohsu_2018_13-00281	79	73	Leukemia	AML with Myelodysplasia-Related Changes	No	Negative		1	Azacitidine, Lenalidomide	1	Salvage	1	Standard Chemotherapy	Azacitidine, Lenalidomide	Salvage		Negative	Yes		Intermediate-II	Intermediate	Yes	Yes		Negative	None	Initial Acute Leukemia Diagnosis			Negative			Negative	46,XX,del(16)(p11.2)[3]/46,XX[2]	0	Negative	Negative			137	Standard Chemotherapy	10	Negative	Negative	AMLMRC					56				1				WES + RNA-seq	Yes	Yes	Peripheral Blood	After or at the time transformation from another heme malignancy	Matched	AML with myelodysplasia-related changes	AML with myelodysplasia-related changes	CD34, CD4(dim), CD7, CD11c(dim), CD13, CD33(dim),CD38, CD117, and HLA-DR	0.466666667		Negative		8.7	Yes	79.0	Dead-Disease	4	Yes	Acute Myeloid Leukaemia (AML) and Related Precursor Neoplasms	Acute Myeloid Leukaemia (AML) and Related Precursor Neoplasms	White	Yes	False	No	No	False	6.22	1:DECEASED	Yes	No	No	No	1	Female	Standard Chemotherapy
aml_ohsu_2018	aml_ohsu_2018_2113	aml_ohsu_2018_15-00371	75	32	Leukemia	AML with Biallelic Mutations of CEBPA	No		1.21	3	7+3 (Cytarabine, Idarubicin)|HiDAC|Decitabine	3	Hypomethylating/Low Dose Cytarabine | Consolidation | Induction	1	Standard Chemotherapy	HiDAC	Consolidation	nuc ish(D5S2064,D5S630,EGR1)x2[200],(D7Z1,D7S522)x2[198],(D8Z2,D20S108)x2[200],(RUNX1T1, RUNX1)x2[200],(5'MLL,3'MLL)x2(5'MLL con 3'MLLx2)[200],(PML,RARA)x2[200],(5'CBFB,3'CBFB)x2(5'CBFB con 3'CBFBx2)[200]		Yes	-1	Favorable	Intermediate	Yes	Yes		Negative	None	Post-Chemotherapy|Residual Disease	32.9	11.1	Negative	Negative	Refractory		46,XY[18]	0			199		48	Standard Chemotherapy	19	Negative		AMLCEBPA	4.3	23	22	0	5	0		69	8	18		178	WES + RNA-seq	Yes	Yes	Bone Marrow Aspirate		Matched	AML with mutated CEBPA	AML with mutated CEBPA	CD2(-), CD4(partial dim +), CD7(partial +), CD11b(partial dim +), CD13(+), CD14(-), CD15(-), CD16(-), CD19(-), CD22 (-), CD25(-), CD33(variably +), CD34(bright +), CD36(-), CD38(bright +), CD45(moderate/dim +), CD56(-), CD64(-), CD79a (-), CD117(+), CD123	1.1	7.1		Standard Chemotherapy	2.3	Yes	74.0	Dead-Unknown	2	Yes	Acute Myeloid Leukaemia (AML) and Related Precursor Neoplasms	Acute Myeloid Leukaemia (AML) and Related Precursor Neoplasms	White	No	False	No	No	False	10.66	1:DECEASED	No	No	No	No	1	Male	Standard Chemotherapy
aml_ohsu_2018	aml_ohsu_2018_2140	aml_ohsu_2018_15-00492	29		Leukemia	AML with Minimal Differentiation	No	Negative	0.59	4	Bellicum Trial (Flu/Cy/TBI + ATG + Rituximab then BPX-501)|7+3 (Cytarabine, Idarubicin)|HiDAC|MEC (Cytarabine, Etoposide, Mitoxantrone)	4	Consolidation | Induction | Allogeneic - Mismatched Unrelated Donor | Re-induction	2	Standard Chemotherapy | Bone Marrow Transplant	Bellicum Trial (Flu/Cy/TBI + ATG + Rituximab then BPX-501)	Allogeneic - Mismatched Unrelated Donor	MLL Rearrangement (53%), 6;11 translocations, ETV6 (44%), deleted chomosome 12 short arm	Negative	No	6	Adverse	Adverse	No	Yes		Negative	None	Initial Acute Leukemia Diagnosis	22.4	7.6	Negative	Negative	Refractory	Negative	46,XY,t(6;11)(q27;q23),del(12)(p11.2p13)[13]/46,XY[7]	-15	Negative			88.5	30	Bone Marrow Transplant	19	Negative	p.G12D; MAF 15%	AMLMD	2.7	42	17	0	27.8	0	0	72.2	0	0	0	193	WES	No	No	Peripheral Blood	Denovo	Matched	AML with minimal differentiation	AML with minimal differentiation		1.1	6	Negative	Standard Chemotherapy	1.23	Yes	29.0	Alive	1	Yes	Acute Myeloid Leukaemia (AML) and Related Precursor Neoplasms	Acute Myeloid Leukaemia (AML) and Related Precursor Neoplasms	White	No	False	No	No	False	11.41	0:LIVING	No	No	No	No	1	Male	Standard Chemotherapy|Bone Marrow Transplant
aml_ohsu_2018	aml_ohsu_2018_2233	aml_ohsu_2018_15-00610	42	35	Leukemia	Acute Monoblastic/Monocytic Leukemia	No	Negative		4	HiDAC|GCLAC (GCSF, Clofarabine & Cytarabine)|7+3 (Cytarabine, Idarubicin) plus Sorafenib|Fludarabine, Cyclophosphamide, TBI	3	Induction | Re-induction | Double Umbilical Cord Blood Transplant (DUCBT)	2	Standard Chemotherapy | Bone Marrow Transplant	Fludarabine, Cyclophosphamide, TBI	Double Umbilical Cord Blood Transplant (DUCBT)	Normal		Yes	-1	Intermediate-I	Adverse	Yes	Yes		Positive	None	Initial Acute Leukemia Diagnosis			Negative	Negative	Refractory	Negative	46,XX[20]	0	Negative				-1	Bone Marrow Transplant	5	Negative		AMOL					2							35	WES + RNA-seq	Yes	Yes	Bone Marrow Aspirate	Denovo	Matched	Acute monoblastic and monocytic leukaemia	Acute monoblastic and monocytic leukaemia	The immature cells were positive for CD13, CD33, and many showed aberrant expression of CD7. The myeloblast portion was positive for CD34, CD117, and HLA-DR.  The immature monocyte portion was negative for CD34 and CD117, and expressed variable CD64 (incl	0.166666667			Standard Chemotherapy	49.7	Yes	42.0	Alive	5	Yes	Acute Myeloid Leukaemia (AML) and Related Precursor Neoplasms	Acute Myeloid Leukaemia (AML) and Related Precursor Neoplasms	White	No	False	No	No	False	16.61	0:LIVING	No	No	No	No	1	Female	Standard Chemotherapy|Bone Marrow Transplant
aml_ohsu_2018	aml_ohsu_2018_1184	aml_ohsu_2018_15-00053	54	6	Leukemia	AML with Myelodysplasia-Related Changes	No		1.03	5	7+3 (Cytarabine, Idarubicin)|HiDAC|AG-221|HAM (Mitoxantrone, Cytarabine) plus Crenolanib|Fludarabine, Melphalan, ATG	5	Consolidation | Salvage | Induction | Experimental | Allogeneic - Matched Unrelated Donor	3	Standard Chemotherapy | Bone Marrow Transplant | Targeted Therapy - Other	Fludarabine, Melphalan, ATG	Allogeneic - Matched Unrelated Donor	nuc ish(RUNX1T1x4,RUNX1x3)[33/200],(5'MLL,3'MLL)x4(5'MLL con 3'MLLx4)[41/200],(PMLx4,RARAx3~4)[31/200],(5'CBFB,3'CBFB)x4(5'CBFB con 3'CBFBx4)[27/200]		No	15	Not Enough Information	Adverse	No	Yes		Positive	None	Relapse	37.2	12.1			Refractory		89<4n>,XXY,-Y,-7,-12,+13,+13,-17,-21[2]/46,XY[18]	-506			166		-1	Bone Marrow Transplant	15	Negative		AMLMRC		18	25		2			54	23	19		77	WES	No	No	Bone Marrow Aspirate	Relapse	Matched	AML with myelodysplasia-related changes	AML with myelodysplasia-related changes		0.766666667	8.2		Standard Chemotherapy	5.94	Yes	52.0	Dead-Disease	2	Yes	Acute Myeloid Leukaemia (AML) and Related Precursor Neoplasms	Acute Myeloid Leukaemia (AML) and Related Precursor Neoplasms	HispNative	No	False	No	No	False	40.69	1:DECEASED	No	No	No	No	2	Male	Standard Chemotherapy|Bone Marrow Transplant|Targeted Therapy - Other
aml_ohsu_2018	aml_ohsu_2018_1193	aml_ohsu_2018_13-00417	71	84	Leukemia	AML with Mutated NPM1	No	Negative		1	Decitabine, Midostaurin	1	Induction	1	Standard Chemotherapy	Decitabine, Midostaurin	Induction			No	-1	Intermediate-I	Favorable or Intermediate	No	Yes		Positive	None	Initial Acute Leukemia Diagnosis			Negative	Negative	Refractory		46,XY[20]	0	Negative	Negative			-1	Standard Chemotherapy	8	Positive	Negative	AMLNPM1					44				3				WES	No	No	Bone Marrow Aspirate	Denovo	Matched	AML with mutated NPM1	AML with mutated NPM1	CD34+, EXPRESSING CD13, CD33,MPO, AND HLA-DR, WITH ABERRANT COEXPRESSION OF CD15 AND CD117, AND PARTIAL LOSS OF CD38	0.433333333		Negative	Standard Chemotherapy	2	Yes	71.0	Dead-Unknown	4	Yes	Acute Myeloid Leukaemia (AML) and Related Precursor Neoplasms	Acute Myeloid Leukaemia (AML) and Related Precursor Neoplasms	White	No	False	No	No	False	4.18	1:DECEASED	No	No	No	No	1	Male	Standard Chemotherapy